Show_ID,Type,Title,Country,Release_Year,Genre,IMDb_Rating,Duration,Rating Category
NF00001,TV Show,1,Japan,1986,Thriller,9.1,3 Seasons,Excellent
NF00002,TV Show,2,UK,2007,Action,9.1,7 Seasons,Excellent
NF00003,TV Show,3,India,1992,Action,8.6,6 Seasons,Excellent
NF00004,TV Show,4,Canada,2004,Sci-Fi,6.2,6 Seasons,Good
NF00005,Movie,5,USA,2026,Drama,8.7,175 min,Excellent
NF00006,TV Show,6,South Korea,1992,Comedy,9.2,4 Seasons,Excellent
NF00007,Movie,7,India,2000,Sci-Fi,5.6,89 min,Good
NF00008,Movie,8,South Korea,2017,Romance,7.4,180 min,Average
NF00009,Movie,9,Canada,1995,Thriller,7.6,136 min,Good
NF00010,TV Show,10,Japan,2003,Thriller,5.3,3 Seasons,Good
NF00011,TV Show,11,Canada,2003,Drama,9.1,1 Seasons,Excellent
NF00012,TV Show,12,Canada,2024,Thriller,7,7 Seasons,Good
NF00013,TV Show,13,South Korea,2026,Thriller,6.4,5 Seasons,Good
NF00014,TV Show,14,USA,1991,Sci-Fi,7.4,9 Seasons,Average
NF00015,TV Show,15,Japan,2005,Action,6.8,5 Seasons,Good
NF00016,Movie,16,USA,1986,Comedy,5.6,66 min,Average
NF00017,TV Show,17,Japan,2004,Romance,6.4,8 Seasons,Average
NF00018,Movie,18,UK,1980,Romance,7.8,171 min,Average
NF00019,Movie,19,UK,2010,Comedy,7.4,144 min,Good
NF00020,Movie,20,Japan,2026,Sci-Fi,8.6,118 min,Excellent
NF00021,Movie,21,Japan,1985,Comedy,6.7,136 min,Good
NF00022,Movie,22,UK,1996,Action,5.7,78 min,Average
NF00023,Movie,23,USA,2020,Romance,6.2,99 min,Average
NF00024,Movie,24,Japan,1991,Action,8.6,157 min,Excellent
NF00025,TV Show,25,UK,1991,Sci-Fi,9.3,10 Seasons,Excellent
NF00026,TV Show,26,Canada,1993,Romance,7.4,10 Seasons,Good
NF00027,Movie,27,USA,2009,Thriller,6.9,154 min,Good
NF00028,TV Show,28,South Korea,1992,Sci-Fi,8.5,8 Seasons,Excellent
NF00029,Movie,29,India,2014,Romance,5.8,152 min,Good
NF00030,TV Show,30,South Korea,2015,Drama,6.6,3 Seasons,Average
NF00031,Movie,31,USA,2025,Romance,7.9,146 min,Average
NF00032,Movie,32,UK,2000,Action,9.4,127 min,Excellent
NF00033,Movie,33,UK,1982,Drama,7.1,105 min,Good
NF00034,Movie,34,Japan,2026,Drama,9.2,114 min,Excellent
NF00035,TV Show,35,Japan,1985,Thriller,7,9 Seasons,Good
NF00036,TV Show,36,South Korea,1996,Drama,7.1,5 Seasons,Good
NF00037,TV Show,37,UK,2011,Drama,9.2,9 Seasons,Excellent
NF00038,TV Show,38,UK,1990,Thriller,9.7,1 Seasons,Excellent
NF00039,Movie,39,Japan,2012,Sci-Fi,6.9,91 min,Good
NF00040,Movie,40,UK,1982,Action,6.3,147 min,Average
NF00041,Movie,41,UK,2019,Sci-Fi,8,122 min,Excellent
NF00042,Movie,42,UK,2026,Sci-Fi,9.3,106 min,Excellent
NF00043,Movie,43,India,2008,Romance,9.7,150 min,Excellent
NF00044,Movie,44,Japan,1995,Thriller,9.1,71 min,Excellent
NF00045,TV Show,45,UK,2023,Drama,9.7,5 Seasons,Excellent
NF00046,TV Show,46,USA,2010,Romance,8.4,9 Seasons,Excellent
NF00047,TV Show,47,Japan,1990,Sci-Fi,9.1,9 Seasons,Excellent
NF00048,Movie,48,UK,2023,Thriller,8.7,76 min,Excellent
NF00049,TV Show,49,Canada,2001,Comedy,9.8,1 Seasons,Excellent
NF00050,TV Show,50,Canada,1982,Sci-Fi,8.3,5 Seasons,Excellent
NF00051,TV Show,51,South Korea,1993,Comedy,6.5,1 Seasons,Good
NF00052,Movie,52,Japan,1994,Comedy,5.1,165 min,Average
NF00053,Movie,53,South Korea,1998,Action,9.5,137 min,Excellent
NF00054,Movie,54,Japan,2023,Comedy,6.9,95 min,Good
NF00055,Movie,55,Canada,2003,Drama,5.6,102 min,Average
NF00056,TV Show,56,UK,2023,Sci-Fi,9.5,3 Seasons,Excellent
NF00057,Movie,57,Japan,2017,Sci-Fi,8,61 min,Excellent
NF00058,Movie,58,USA,1990,Thriller,6.8,169 min,Good
NF00059,Movie,59,India,2005,Sci-Fi,6.3,134 min,Average
NF00060,TV Show,60,Canada,2018,Thriller,7.9,2 Seasons,Average
NF00061,TV Show,61,India,2015,Drama,7.3,7 Seasons,Good
NF00062,Movie,62,Canada,1994,Action,5.3,100 min,Good
NF00063,TV Show,63,Canada,2013,Drama,5.9,2 Seasons,Average
NF00064,TV Show,64,South Korea,1998,Romance,6.8,5 Seasons,Average
NF00065,Movie,65,UK,1981,Comedy,9.4,133 min,Excellent
NF00066,TV Show,66,USA,2000,Comedy,9,1 Seasons,Excellent
NF00067,Movie,67,Japan,2013,Sci-Fi,6.3,79 min,Good
NF00068,Movie,68,Japan,2001,Comedy,5.7,95 min,Average
NF00069,Movie,69,India,1985,Action,9.7,80 min,Excellent
NF00070,TV Show,70,India,2009,Drama,6.6,2 Seasons,Good
NF00071,Movie,71,Japan,2002,Sci-Fi,8.9,107 min,Excellent
NF00072,TV Show,72,Canada,2019,Thriller,5.5,5 Seasons,Good
NF00073,Movie,73,Japan,2014,Sci-Fi,7.6,158 min,Average
NF00074,TV Show,74,Japan,1993,Comedy,8.1,10 Seasons,Excellent
NF00075,TV Show,75,India,2019,Sci-Fi,7,7 Seasons,Good
NF00076,TV Show,76,India,2000,Sci-Fi,6.2,5 Seasons,Good
NF00077,Movie,77,UK,1998,Sci-Fi,9.5,106 min,Excellent
NF00078,TV Show,78,Canada,1983,Thriller,6.8,6 Seasons,Good
NF00079,Movie,79,Canada,2010,Thriller,8.4,65 min,Excellent
NF00080,Movie,80,Canada,2004,Thriller,8.9,67 min,Excellent
NF00081,TV Show,81,Canada,2005,Comedy,5.3,2 Seasons,Good
NF00082,Movie,82,USA,2023,Comedy,7.2,80 min,Average
NF00083,Movie,83,UK,2001,Romance,7.8,133 min,Good
NF00084,Movie,84,Japan,1998,Drama,9.1,77 min,Excellent
NF00085,Movie,85,UK,2007,Sci-Fi,6.8,154 min,Good
NF00086,Movie,86,India,1997,Sci-Fi,7.3,110 min,Average
NF00087,Movie,87,India,1998,Drama,6.6,163 min,Good
NF00088,TV Show,88,USA,1993,Comedy,5.5,5 Seasons,Average
NF00089,Movie,89,Canada,1999,Romance,5.9,106 min,Average
NF00090,TV Show,90,USA,2019,Thriller,6.3,10 Seasons,Average
NF00091,TV Show,91,USA,2000,Comedy,9,6 Seasons,Excellent
NF00092,Movie,92,USA,2023,Comedy,6.2,160 min,Good
NF00093,TV Show,93,Japan,2000,Action,5.5,6 Seasons,Average
NF00094,TV Show,94,India,2020,Comedy,9.8,2 Seasons,Excellent
NF00095,Movie,95,South Korea,2001,Action,7,61 min,Good
NF00096,TV Show,96,Canada,2025,Action,9.1,1 Seasons,Excellent
NF00097,Movie,97,Japan,2022,Thriller,7.1,80 min,Good
NF00098,Movie,98,UK,2012,Drama,9,144 min,Excellent
NF00099,TV Show,99,UK,2020,Action,8.5,6 Seasons,Excellent
NF00100,TV Show,100,Japan,1980,Thriller,9.8,3 Seasons,Excellent
NF00101,TV Show,101,India,2022,Romance,8,5 Seasons,Excellent
NF00102,Movie,102,UK,2003,Action,7,113 min,Good
NF00103,TV Show,103,India,2008,Romance,6.1,6 Seasons,Good
NF00104,Movie,104,South Korea,1982,Action,8.1,160 min,Excellent
NF00105,TV Show,105,Canada,2020,Action,8.3,10 Seasons,Excellent
NF00106,Movie,106,UK,1988,Drama,7.8,124 min,Good
NF00107,TV Show,107,India,2007,Sci-Fi,9.4,4 Seasons,Excellent
NF00108,TV Show,108,Japan,2025,Comedy,5.4,5 Seasons,Good
NF00109,TV Show,109,India,1990,Romance,9.7,1 Seasons,Excellent
NF00110,Movie,110,India,2021,Romance,6.1,125 min,Good
NF00111,Movie,111,UK,1980,Action,6.1,161 min,Average
NF00112,Movie,112,Canada,1991,Action,8,85 min,Excellent
NF00113,Movie,113,Japan,1989,Drama,7.3,134 min,Good
NF00114,Movie,114,UK,2025,Sci-Fi,8.5,123 min,Excellent
NF00115,Movie,115,India,1988,Comedy,5.6,60 min,Good
NF00116,Movie,116,Japan,1983,Sci-Fi,8.4,69 min,Excellent
NF00117,TV Show,117,Japan,2000,Romance,6.6,3 Seasons,Good
NF00118,Movie,118,India,1995,Thriller,8.4,132 min,Excellent
NF00119,TV Show,119,South Korea,2012,Sci-Fi,5.4,5 Seasons,Good
NF00120,Movie,120,India,2013,Drama,7.7,143 min,Average
NF00121,Movie,121,South Korea,1983,Drama,7,115 min,Good
NF00122,Movie,122,UK,1982,Sci-Fi,7.9,73 min,Good
NF00123,Movie,123,USA,2007,Comedy,5.8,75 min,Good
NF00124,TV Show,124,South Korea,2001,Thriller,7.7,4 Seasons,Average
NF00125,TV Show,125,USA,1985,Sci-Fi,8.9,6 Seasons,Excellent
NF00126,TV Show,126,South Korea,2000,Sci-Fi,6.5,8 Seasons,Good
NF00127,TV Show,127,South Korea,2010,Drama,5.7,5 Seasons,Average
NF00128,Movie,128,USA,1993,Comedy,9.8,72 min,Excellent
NF00129,TV Show,129,India,2010,Thriller,9.6,6 Seasons,Excellent
NF00130,Movie,130,India,2012,Action,7.1,153 min,Good
NF00131,Movie,131,South Korea,1985,Action,6.8,110 min,Good
NF00132,TV Show,132,UK,2026,Action,7.9,8 Seasons,Average
NF00133,TV Show,133,India,2011,Thriller,8.6,10 Seasons,Excellent
NF00134,TV Show,134,Japan,2012,Action,7.6,2 Seasons,Good
NF00135,TV Show,135,USA,2006,Action,9.1,8 Seasons,Excellent
NF00136,Movie,136,UK,1996,Drama,8.2,137 min,Excellent
NF00137,TV Show,137,UK,1988,Thriller,9.5,6 Seasons,Excellent
NF00138,TV Show,138,Japan,2026,Comedy,8.3,1 Seasons,Excellent
NF00139,Movie,139,Canada,1997,Comedy,5.6,95 min,Good
NF00140,Movie,140,USA,2024,Romance,9.5,92 min,Excellent
NF00141,TV Show,141,South Korea,2024,Drama,8.5,10 Seasons,Excellent
NF00142,Movie,142,UK,2007,Action,5.1,106 min,Good
NF00143,TV Show,143,Canada,1985,Thriller,9.3,5 Seasons,Excellent
NF00144,Movie,144,USA,1987,Action,8.5,149 min,Excellent
NF00145,TV Show,145,South Korea,2016,Action,7.5,4 Seasons,Good
NF00146,TV Show,146,Japan,2010,Romance,7.6,3 Seasons,Good
NF00147,Movie,147,UK,2019,Sci-Fi,8.3,82 min,Excellent
NF00148,Movie,148,USA,1999,Thriller,8.9,120 min,Excellent
NF00149,Movie,149,Canada,2003,Drama,5.5,104 min,Good
NF00150,Movie,150,UK,2006,Thriller,6.2,99 min,Average
NF00151,TV Show,151,Japan,2015,Drama,5.1,2 Seasons,Average
NF00152,TV Show,152,India,2026,Drama,7.1,8 Seasons,Average
NF00153,Movie,153,Canada,1987,Thriller,9.8,128 min,Excellent
NF00154,TV Show,154,Japan,1995,Thriller,6.4,6 Seasons,Good
NF00155,TV Show,155,South Korea,2018,Thriller,5.2,9 Seasons,Average
NF00156,TV Show,156,Japan,1990,Drama,9.7,4 Seasons,Excellent
NF00157,TV Show,157,Canada,2016,Thriller,7.1,3 Seasons,Good
NF00158,Movie,158,UK,1997,Romance,5.2,167 min,Good
NF00159,Movie,159,UK,1983,Action,5.1,120 min,Average
NF00160,Movie,160,South Korea,2017,Romance,8.9,178 min,Excellent
NF00161,Movie,161,Canada,1993,Thriller,9.8,124 min,Excellent
NF00162,Movie,162,Canada,1983,Action,9.7,88 min,Excellent
NF00163,TV Show,163,Canada,1989,Romance,8.6,5 Seasons,Excellent
NF00164,TV Show,164,UK,2011,Drama,7,10 Seasons,Good
NF00165,Movie,165,South Korea,2017,Action,6.6,100 min,Good
NF00166,Movie,166,India,2013,Comedy,8.9,104 min,Excellent
NF00167,TV Show,167,USA,1987,Thriller,8.5,5 Seasons,Excellent
NF00168,Movie,168,India,2017,Action,8.5,140 min,Excellent
NF00169,TV Show,169,South Korea,1985,Thriller,5.2,1 Seasons,Good
NF00170,TV Show,170,India,1996,Action,9.3,6 Seasons,Excellent
NF00171,TV Show,171,Japan,1980,Comedy,8.2,9 Seasons,Excellent
NF00172,TV Show,172,South Korea,1984,Drama,8.6,3 Seasons,Excellent
NF00173,TV Show,173,USA,2001,Drama,9.7,4 Seasons,Excellent
NF00174,Movie,174,South Korea,1995,Comedy,9.6,92 min,Excellent
NF00175,TV Show,175,South Korea,2001,Sci-Fi,7.2,10 Seasons,Good
NF00176,Movie,176,Canada,1983,Romance,8.7,151 min,Excellent
NF00177,Movie,177,Canada,2009,Action,9.8,180 min,Excellent
NF00178,TV Show,178,UK,2017,Romance,5.5,4 Seasons,Good
NF00179,Movie,179,Canada,1994,Action,9.7,150 min,Excellent
NF00180,Movie,180,South Korea,1982,Sci-Fi,7.9,110 min,Good
NF00181,TV Show,181,UK,2008,Sci-Fi,5.9,6 Seasons,Good
NF00182,Movie,182,UK,1998,Romance,9.2,161 min,Excellent
NF00183,Movie,183,South Korea,1998,Comedy,8.7,157 min,Excellent
NF00184,TV Show,184,India,2012,Comedy,7.5,9 Seasons,Good
NF00185,TV Show,185,USA,2005,Sci-Fi,6.4,6 Seasons,Good
NF00186,Movie,186,Canada,1983,Romance,5.6,115 min,Average
NF00187,Movie,187,USA,2003,Sci-Fi,8.6,126 min,Excellent
NF00188,TV Show,188,Canada,2000,Comedy,9.7,4 Seasons,Excellent
NF00189,TV Show,189,UK,2026,Thriller,6.9,10 Seasons,Good
NF00190,TV Show,190,India,1984,Thriller,8.5,5 Seasons,Excellent
NF00191,TV Show,191,Japan,2023,Romance,8.4,10 Seasons,Excellent
NF00192,TV Show,192,USA,1996,Drama,5.1,10 Seasons,Good
NF00193,TV Show,193,USA,1993,Drama,5.2,1 Seasons,Average
NF00194,Movie,194,South Korea,2019,Action,6.1,100 min,Average
NF00195,TV Show,195,UK,2022,Thriller,8.5,2 Seasons,Excellent
NF00196,TV Show,196,South Korea,2011,Romance,7.1,7 Seasons,Good
NF00197,Movie,197,USA,1988,Comedy,7,87 min,Good
NF00198,TV Show,198,Japan,2021,Comedy,9.2,10 Seasons,Excellent
NF00199,TV Show,199,USA,1986,Comedy,9.6,7 Seasons,Excellent
NF00200,Movie,200,USA,1997,Action,7.3,99 min,Good
NF00201,TV Show,201,South Korea,2011,Action,7.5,6 Seasons,Good
NF00202,TV Show,202,Japan,1984,Action,7.6,7 Seasons,Good
NF00203,TV Show,203,South Korea,1989,Sci-Fi,9.7,2 Seasons,Excellent
NF00204,Movie,204,UK,1985,Sci-Fi,7.3,142 min,Good
NF00205,Movie,205,Japan,1991,Drama,5.2,85 min,Good
NF00206,TV Show,206,India,1993,Action,9.8,1 Seasons,Excellent
NF00207,Movie,207,UK,2021,Drama,8.3,141 min,Excellent
NF00208,Movie,208,South Korea,1990,Romance,9.8,100 min,Excellent
NF00209,Movie,209,USA,2003,Romance,7.4,110 min,Good
NF00210,TV Show,210,UK,2015,Drama,6.4,3 Seasons,Good
NF00211,TV Show,211,USA,2010,Sci-Fi,7.7,7 Seasons,Average
NF00212,Movie,212,India,1980,Drama,7,61 min,Good
NF00213,Movie,213,USA,2008,Comedy,9.1,151 min,Excellent
NF00214,TV Show,214,UK,2004,Action,5.5,4 Seasons,Good
NF00215,TV Show,215,India,1999,Sci-Fi,7.8,7 Seasons,Average
NF00216,TV Show,216,South Korea,2022,Comedy,6.3,7 Seasons,Good
NF00217,TV Show,217,India,1992,Romance,5.6,8 Seasons,Average
NF00218,TV Show,218,Canada,2008,Sci-Fi,5.4,8 Seasons,Average
NF00219,TV Show,219,USA,2006,Comedy,7.3,3 Seasons,Average
NF00220,TV Show,220,USA,1988,Comedy,8,7 Seasons,Excellent
NF00221,TV Show,221,USA,2005,Sci-Fi,9,10 Seasons,Excellent
NF00222,TV Show,222,UK,1982,Romance,7.1,6 Seasons,Good
NF00223,Movie,223,UK,1990,Romance,8.4,141 min,Excellent
NF00224,TV Show,224,USA,1994,Sci-Fi,6.3,9 Seasons,Good
NF00225,TV Show,225,Japan,1990,Sci-Fi,7.8,2 Seasons,Average
NF00226,TV Show,226,India,2026,Romance,5.2,4 Seasons,Good
NF00227,TV Show,227,India,1987,Action,6.1,7 Seasons,Average
NF00228,TV Show,228,UK,1982,Thriller,7.7,4 Seasons,Average
NF00229,TV Show,229,UK,2012,Drama,6.5,10 Seasons,Good
NF00230,Movie,230,UK,1988,Thriller,5.1,104 min,Average
NF00231,TV Show,231,South Korea,2015,Action,6.8,7 Seasons,Average
NF00232,Movie,232,USA,2013,Action,9.8,81 min,Excellent
NF00233,Movie,233,South Korea,2017,Thriller,7.7,166 min,Good
NF00234,Movie,234,India,2004,Thriller,8.2,174 min,Excellent
NF00235,Movie,235,South Korea,2013,Thriller,9.8,113 min,Excellent
NF00236,TV Show,236,India,1985,Romance,9.3,9 Seasons,Excellent
NF00237,Movie,237,USA,2009,Romance,7.1,73 min,Good
NF00238,TV Show,238,India,2026,Drama,8.5,8 Seasons,Excellent
NF00239,Movie,239,Japan,2015,Drama,9.5,173 min,Excellent
NF00240,TV Show,240,Canada,2001,Action,9.1,1 Seasons,Excellent
NF00241,TV Show,241,UK,2023,Drama,7.5,8 Seasons,Good
NF00242,TV Show,242,Canada,1995,Action,7.9,3 Seasons,Good
NF00243,Movie,243,USA,2021,Romance,7.5,167 min,Good
NF00244,Movie,244,India,1992,Drama,6.9,115 min,Good
NF00245,Movie,245,South Korea,2020,Thriller,5.4,69 min,Average
NF00246,TV Show,246,Japan,2000,Comedy,8.5,1 Seasons,Excellent
NF00247,TV Show,247,USA,2024,Action,6.1,2 Seasons,Good
NF00248,Movie,248,Japan,2007,Drama,6.5,79 min,Average
NF00249,Movie,249,UK,2006,Action,5.1,169 min,Average
NF00250,TV Show,250,Canada,1982,Drama,5.9,6 Seasons,Average
NF00251,TV Show,251,India,1985,Action,7.5,4 Seasons,Average
NF00252,Movie,252,South Korea,1986,Comedy,9.2,69 min,Excellent
NF00253,Movie,253,South Korea,1995,Sci-Fi,5.4,97 min,Good
NF00254,Movie,254,India,2004,Sci-Fi,5.4,96 min,Average
NF00255,TV Show,255,Canada,2023,Drama,9.4,7 Seasons,Excellent
NF00256,Movie,256,USA,2020,Sci-Fi,6.1,172 min,Good
NF00257,TV Show,257,South Korea,2017,Thriller,6.4,10 Seasons,Average
NF00258,Movie,258,South Korea,2001,Thriller,8.4,127 min,Excellent
NF00259,Movie,259,USA,2006,Comedy,6.1,69 min,Good
NF00260,Movie,260,India,2002,Comedy,5.6,145 min,Average
NF00261,TV Show,261,South Korea,1983,Romance,8,2 Seasons,Excellent
NF00262,TV Show,262,USA,2025,Action,8.6,6 Seasons,Excellent
NF00263,TV Show,263,USA,2013,Sci-Fi,5,9 Seasons,Good
NF00264,TV Show,264,USA,1996,Action,6.6,10 Seasons,Average
NF00265,TV Show,265,Japan,1988,Action,5.9,4 Seasons,Average
NF00266,Movie,266,South Korea,2003,Drama,7.9,151 min,Average
NF00267,TV Show,267,Canada,2021,Thriller,7.4,6 Seasons,Good
NF00268,Movie,268,Japan,2004,Drama,6.4,115 min,Good
NF00269,TV Show,269,Canada,2026,Sci-Fi,9.6,6 Seasons,Excellent
NF00270,Movie,270,USA,1992,Action,6.6,98 min,Good
NF00271,Movie,271,USA,1999,Sci-Fi,9.8,133 min,Excellent
NF00272,TV Show,272,USA,1987,Romance,8.1,8 Seasons,Excellent
NF00273,TV Show,273,Japan,2021,Thriller,8.2,5 Seasons,Excellent
NF00274,TV Show,274,Canada,2008,Thriller,9.3,10 Seasons,Excellent
NF00275,TV Show,275,Japan,2017,Thriller,5,6 Seasons,Good
NF00276,Movie,276,UK,2019,Action,5.9,111 min,Average
NF00277,TV Show,277,UK,1992,Comedy,8.2,8 Seasons,Excellent
NF00278,TV Show,278,Canada,1999,Sci-Fi,7.3,7 Seasons,Good
NF00279,Movie,279,India,2022,Action,6.4,98 min,Good
NF00280,TV Show,280,Canada,1992,Comedy,6.3,2 Seasons,Average
NF00281,Movie,281,India,1996,Sci-Fi,7.5,124 min,Average
NF00282,TV Show,282,Japan,2013,Drama,5.2,6 Seasons,Good
NF00283,TV Show,283,India,1980,Romance,8.6,8 Seasons,Excellent
NF00284,TV Show,284,South Korea,2003,Comedy,7.1,6 Seasons,Good
NF00285,TV Show,285,South Korea,1990,Sci-Fi,9.4,4 Seasons,Excellent
NF00286,TV Show,286,India,2009,Drama,6.7,10 Seasons,Good
NF00287,TV Show,287,USA,2006,Drama,5.3,10 Seasons,Average
NF00288,TV Show,288,Japan,1988,Sci-Fi,6.7,1 Seasons,Average
NF00289,TV Show,289,India,1981,Drama,7.9,5 Seasons,Average
NF00290,Movie,290,South Korea,1998,Drama,5.1,162 min,Good
NF00291,TV Show,291,USA,2026,Thriller,6.1,10 Seasons,Average
NF00292,Movie,292,USA,2006,Action,9.4,140 min,Excellent
NF00293,Movie,293,Japan,2000,Drama,7.6,145 min,Good
NF00294,TV Show,294,UK,1996,Drama,8.4,4 Seasons,Excellent
NF00295,TV Show,295,Japan,2003,Romance,6,8 Seasons,Good
NF00296,Movie,296,South Korea,1984,Romance,7.9,158 min,Average
NF00297,Movie,297,USA,2016,Romance,7.8,147 min,Good
NF00298,TV Show,298,Canada,2004,Sci-Fi,7.4,7 Seasons,Good
NF00299,TV Show,299,UK,2009,Drama,8.6,7 Seasons,Excellent
NF00300,Movie,300,South Korea,1993,Sci-Fi,6.3,69 min,Good
NF00301,TV Show,301,South Korea,2025,Comedy,8.8,4 Seasons,Excellent
NF00302,Movie,302,South Korea,2022,Action,9.7,169 min,Excellent
NF00303,TV Show,303,Japan,1993,Thriller,6.7,10 Seasons,Good
NF00304,Movie,304,Japan,1989,Action,7.6,162 min,Average
NF00305,TV Show,305,South Korea,2004,Romance,7,7 Seasons,Good
NF00306,Movie,306,Canada,2002,Romance,5.7,154 min,Good
NF00307,TV Show,307,India,1992,Romance,5.4,6 Seasons,Average
NF00308,TV Show,308,Japan,2001,Drama,5.8,4 Seasons,Average
NF00309,Movie,309,USA,2011,Drama,9.2,89 min,Excellent
NF00310,TV Show,310,Japan,2015,Sci-Fi,8.7,10 Seasons,Excellent
NF00311,Movie,311,India,2018,Sci-Fi,7.3,139 min,Good
NF00312,TV Show,312,USA,2022,Action,8,9 Seasons,Excellent
NF00313,Movie,313,UK,1999,Action,8.2,61 min,Excellent
NF00314,TV Show,314,India,2017,Comedy,8.4,3 Seasons,Excellent
NF00315,TV Show,315,South Korea,1981,Drama,8.2,8 Seasons,Excellent
NF00316,TV Show,316,India,2019,Thriller,8.8,8 Seasons,Excellent
NF00317,Movie,317,India,1995,Comedy,8.9,168 min,Excellent
NF00318,TV Show,318,South Korea,2024,Thriller,8.6,9 Seasons,Excellent
NF00319,TV Show,319,South Korea,2016,Drama,7.5,6 Seasons,Good
NF00320,Movie,320,Japan,2024,Action,7.7,122 min,Good
NF00321,TV Show,321,Canada,2014,Thriller,7.2,10 Seasons,Good
NF00322,TV Show,322,UK,1981,Drama,7.4,9 Seasons,Good
NF00323,TV Show,323,UK,2004,Action,5.9,6 Seasons,Good
NF00324,Movie,324,Japan,2008,Thriller,9.4,159 min,Excellent
NF00325,TV Show,325,UK,2024,Comedy,8,3 Seasons,Excellent
NF00326,Movie,326,India,2023,Drama,8.8,71 min,Excellent
NF00327,TV Show,327,UK,2020,Thriller,5.8,5 Seasons,Good
NF00328,Movie,328,UK,2003,Action,7,79 min,Average
NF00329,Movie,329,UK,2005,Sci-Fi,7.3,174 min,Good
NF00330,Movie,330,USA,1994,Comedy,8,143 min,Excellent
NF00331,TV Show,331,India,2019,Sci-Fi,7.3,9 Seasons,Good
NF00332,TV Show,332,South Korea,1991,Action,7.6,1 Seasons,Good
NF00333,Movie,333,UK,2016,Action,7.1,167 min,Good
NF00334,TV Show,334,USA,1998,Sci-Fi,6.5,9 Seasons,Good
NF00335,Movie,335,Canada,2007,Comedy,9,87 min,Excellent
NF00336,Movie,336,Japan,2019,Comedy,6.5,126 min,Good
NF00337,Movie,337,India,2020,Thriller,8.6,164 min,Excellent
NF00338,TV Show,338,UK,2017,Action,7.5,1 Seasons,Good
NF00339,Movie,339,India,1988,Comedy,5.2,80 min,Good
NF00340,TV Show,340,India,2010,Thriller,9.5,10 Seasons,Excellent
NF00341,Movie,341,India,1986,Action,9,126 min,Excellent
NF00342,TV Show,342,India,1980,Comedy,7.9,2 Seasons,Good
NF00343,Movie,343,UK,2024,Romance,5.6,121 min,Good
NF00344,Movie,344,India,1994,Drama,9.7,157 min,Excellent
NF00345,Movie,345,UK,2016,Sci-Fi,6.7,99 min,Good
NF00346,Movie,346,South Korea,2003,Comedy,5.7,140 min,Average
NF00347,Movie,347,India,2019,Romance,7.1,150 min,Average
NF00348,Movie,348,Canada,2006,Action,6.4,174 min,Good
NF00349,Movie,349,Japan,1986,Comedy,5.6,173 min,Average
NF00350,TV Show,350,Canada,1994,Sci-Fi,6.8,9 Seasons,Average
NF00351,Movie,351,UK,2022,Comedy,6.7,154 min,Average
NF00352,TV Show,352,Japan,2016,Thriller,6.7,9 Seasons,Average
NF00353,Movie,353,Japan,1987,Thriller,9.4,93 min,Excellent
NF00354,TV Show,354,UK,2015,Comedy,9.4,3 Seasons,Excellent
NF00355,TV Show,355,South Korea,2022,Drama,6.3,1 Seasons,Good
NF00356,Movie,356,Canada,1980,Comedy,7.4,109 min,Average
NF00357,TV Show,357,Canada,2017,Thriller,8.6,10 Seasons,Excellent
NF00358,Movie,358,USA,2023,Thriller,6.7,155 min,Good
NF00359,Movie,359,India,1992,Thriller,7.9,104 min,Average
NF00360,Movie,360,India,2010,Drama,7.7,78 min,Good
NF00361,TV Show,361,USA,1984,Comedy,8,2 Seasons,Excellent
NF00362,TV Show,362,UK,2024,Comedy,8.1,7 Seasons,Excellent
NF00363,Movie,363,UK,2021,Sci-Fi,5.4,141 min,Good
NF00364,Movie,364,Canada,1983,Romance,8.9,76 min,Excellent
NF00365,Movie,365,UK,2000,Thriller,5.5,76 min,Good
NF00366,TV Show,366,South Korea,1987,Action,7.4,3 Seasons,Average
NF00367,Movie,367,Canada,2010,Drama,8.9,60 min,Excellent
NF00368,Movie,368,Canada,2009,Thriller,5.5,115 min,Good
NF00369,Movie,369,South Korea,2002,Action,5.9,135 min,Average
NF00370,TV Show,370,India,1992,Action,7.8,8 Seasons,Average
NF00371,Movie,371,USA,2011,Drama,7.5,102 min,Good
NF00372,TV Show,372,Japan,1988,Romance,6.5,4 Seasons,Good
NF00373,TV Show,373,USA,1985,Action,7.3,9 Seasons,Average
NF00374,TV Show,374,Canada,1995,Action,8.8,7 Seasons,Excellent
NF00375,Movie,375,India,1997,Romance,9,63 min,Excellent
NF00376,Movie,376,India,2017,Romance,7.8,159 min,Good
NF00377,Movie,377,Canada,2010,Comedy,5.4,153 min,Good
NF00378,Movie,378,USA,2013,Sci-Fi,9.3,130 min,Excellent
NF00379,TV Show,379,Japan,1983,Sci-Fi,8.2,4 Seasons,Excellent
NF00380,TV Show,380,South Korea,2010,Romance,8.7,2 Seasons,Excellent
NF00381,TV Show,381,South Korea,1991,Sci-Fi,5.9,5 Seasons,Good
NF00382,Movie,382,UK,2015,Thriller,8,63 min,Excellent
NF00383,Movie,383,Canada,1993,Drama,6.2,107 min,Good
NF00384,Movie,384,Canada,1980,Drama,9.8,67 min,Excellent
NF00385,Movie,385,Canada,2005,Action,8.2,165 min,Excellent
NF00386,Movie,386,UK,2025,Sci-Fi,5.8,114 min,Good
NF00387,Movie,387,UK,1989,Romance,8.7,176 min,Excellent
NF00388,Movie,388,South Korea,1999,Thriller,5.8,139 min,Good
NF00389,TV Show,389,Canada,2020,Romance,7.1,3 Seasons,Average
NF00390,Movie,390,Japan,1985,Romance,6.7,152 min,Good
NF00391,TV Show,391,South Korea,1987,Comedy,6.8,5 Seasons,Average
NF00392,Movie,392,USA,2024,Drama,9.2,115 min,Excellent
NF00393,TV Show,393,India,2020,Action,9.8,9 Seasons,Excellent
NF00394,Movie,394,Canada,1993,Action,9.6,61 min,Excellent
NF00395,Movie,395,UK,2000,Romance,7.2,141 min,Good
NF00396,Movie,396,India,2015,Action,8.2,105 min,Excellent
NF00397,Movie,397,Canada,2025,Action,7.2,179 min,Good
NF00398,TV Show,398,Japan,2000,Action,8,4 Seasons,Excellent
NF00399,Movie,399,Canada,2016,Drama,6,76 min,Good
NF00400,Movie,400,South Korea,1982,Sci-Fi,7.2,148 min,Average
NF00401,TV Show,401,Canada,1998,Thriller,5.9,5 Seasons,Good
NF00402,TV Show,402,USA,2002,Comedy,5.2,6 Seasons,Average
NF00403,TV Show,403,Canada,2012,Sci-Fi,5.8,2 Seasons,Average
NF00404,Movie,404,South Korea,1998,Sci-Fi,9.3,69 min,Excellent
NF00405,TV Show,405,USA,1991,Romance,7.7,8 Seasons,Good
NF00406,Movie,406,Japan,1998,Sci-Fi,5.5,162 min,Good
NF00407,TV Show,407,Japan,1987,Thriller,5,3 Seasons,Average
NF00408,Movie,408,South Korea,2021,Thriller,6.6,72 min,Average
NF00409,TV Show,409,South Korea,2015,Thriller,6.5,5 Seasons,Average
NF00410,TV Show,410,Japan,2021,Drama,8.2,10 Seasons,Excellent
NF00411,Movie,411,Japan,2002,Action,8.1,159 min,Excellent
NF00412,TV Show,412,UK,2024,Drama,9.1,9 Seasons,Excellent
NF00413,TV Show,413,Canada,1997,Romance,8.3,10 Seasons,Excellent
NF00414,Movie,414,South Korea,1993,Sci-Fi,6.2,81 min,Good
NF00415,Movie,415,India,2002,Comedy,5.1,96 min,Average
NF00416,Movie,416,UK,2022,Thriller,9.5,178 min,Excellent
NF00417,TV Show,417,UK,2012,Sci-Fi,9.3,8 Seasons,Excellent
NF00418,TV Show,418,South Korea,2025,Sci-Fi,6.1,9 Seasons,Good
NF00419,TV Show,419,Japan,2020,Drama,6.8,10 Seasons,Average
NF00420,TV Show,420,Japan,2009,Thriller,8,3 Seasons,Excellent
NF00421,Movie,421,Canada,1981,Comedy,8.9,110 min,Excellent
NF00422,Movie,422,USA,2016,Thriller,5.7,135 min,Good
NF00423,Movie,423,Japan,2022,Comedy,8.7,85 min,Excellent
NF00424,TV Show,424,UK,1996,Drama,8.7,7 Seasons,Excellent
NF00425,Movie,425,Canada,1990,Romance,6.2,78 min,Good
NF00426,Movie,426,South Korea,2003,Action,8.6,118 min,Excellent
NF00427,Movie,427,India,2009,Comedy,6.1,152 min,Good
NF00428,TV Show,428,India,1982,Drama,6.2,8 Seasons,Average
NF00429,Movie,429,Japan,2017,Drama,6.7,83 min,Average
NF00430,TV Show,430,Japan,1980,Drama,8.1,6 Seasons,Excellent
NF00431,TV Show,431,UK,1984,Sci-Fi,5.2,9 Seasons,Good
NF00432,Movie,432,Japan,2003,Romance,9.7,80 min,Excellent
NF00433,Movie,433,UK,2001,Thriller,7,82 min,Good
NF00434,TV Show,434,UK,2013,Romance,6.4,8 Seasons,Good
NF00435,TV Show,435,Japan,1993,Romance,7.8,8 Seasons,Average
NF00436,TV Show,436,India,1990,Thriller,7.3,6 Seasons,Good
NF00437,Movie,437,South Korea,1982,Drama,9.3,170 min,Excellent
NF00438,Movie,438,UK,1985,Action,9.5,134 min,Excellent
NF00439,TV Show,439,Japan,1994,Sci-Fi,6.5,9 Seasons,Good
NF00440,Movie,440,Japan,2011,Action,7.7,127 min,Average
NF00441,TV Show,441,UK,1989,Romance,7.9,6 Seasons,Good
NF00442,Movie,442,Japan,1981,Comedy,9.4,74 min,Excellent
NF00443,TV Show,443,India,2023,Drama,8.1,5 Seasons,Excellent
NF00444,Movie,444,UK,2000,Comedy,6.6,60 min,Good
NF00445,TV Show,445,India,2021,Thriller,6.2,4 Seasons,Average
NF00446,TV Show,446,Canada,2002,Drama,7.3,10 Seasons,Average
NF00447,TV Show,447,USA,1996,Sci-Fi,6.8,6 Seasons,Good
NF00448,TV Show,448,USA,1990,Action,6.1,4 Seasons,Average
NF00449,Movie,449,Japan,2010,Romance,6.4,88 min,Average
NF00450,Movie,450,USA,2018,Comedy,8.4,113 min,Excellent
NF00451,TV Show,451,USA,1999,Drama,9.7,7 Seasons,Excellent
NF00452,Movie,452,India,1984,Comedy,5,165 min,Good
NF00453,TV Show,453,UK,1989,Action,6.1,2 Seasons,Average
NF00454,Movie,454,South Korea,2012,Sci-Fi,7.8,123 min,Average
NF00455,TV Show,455,South Korea,2017,Action,6.3,8 Seasons,Good
NF00456,Movie,456,South Korea,1998,Thriller,7.4,95 min,Average
NF00457,TV Show,457,USA,1996,Romance,8.7,2 Seasons,Excellent
NF00458,Movie,458,UK,2024,Drama,8.7,97 min,Excellent
NF00459,Movie,459,South Korea,1989,Sci-Fi,8.9,163 min,Excellent
NF00460,Movie,460,UK,2021,Sci-Fi,7.8,83 min,Good
NF00461,Movie,461,Japan,2024,Action,6.6,140 min,Good
NF00462,TV Show,462,UK,2025,Drama,5.7,1 Seasons,Average
NF00463,TV Show,463,UK,1988,Sci-Fi,5.7,8 Seasons,Average
NF00464,TV Show,464,Japan,1988,Sci-Fi,5.9,8 Seasons,Average
NF00465,TV Show,465,Canada,1996,Drama,6.9,2 Seasons,Average
NF00466,Movie,466,UK,2008,Thriller,9.3,150 min,Excellent
NF00467,Movie,467,UK,1991,Drama,5.3,62 min,Good
NF00468,Movie,468,Canada,1990,Drama,5.5,86 min,Average
NF00469,TV Show,469,UK,1998,Comedy,9.5,7 Seasons,Excellent
NF00470,TV Show,470,Canada,1990,Action,7.6,8 Seasons,Good
NF00471,Movie,471,USA,2019,Action,8.8,174 min,Excellent
NF00472,TV Show,472,South Korea,2026,Comedy,6,6 Seasons,Good
NF00473,TV Show,473,UK,2014,Sci-Fi,7.9,3 Seasons,Average
NF00474,Movie,474,South Korea,2026,Action,9.2,171 min,Excellent
NF00475,TV Show,475,UK,2003,Thriller,8.8,1 Seasons,Excellent
NF00476,Movie,476,Canada,2005,Thriller,8.9,153 min,Excellent
NF00477,Movie,477,UK,2019,Drama,8.7,130 min,Excellent
NF00478,TV Show,478,UK,2013,Sci-Fi,9.6,9 Seasons,Excellent
NF00479,Movie,479,UK,2025,Drama,9.8,83 min,Excellent
NF00480,TV Show,480,South Korea,2017,Sci-Fi,8.6,10 Seasons,Excellent
NF00481,TV Show,481,UK,2019,Sci-Fi,6.4,2 Seasons,Good
NF00482,TV Show,482,Canada,1982,Drama,7.6,1 Seasons,Average
NF00483,TV Show,483,Japan,2004,Action,8.3,7 Seasons,Excellent
NF00484,TV Show,484,UK,2025,Comedy,5.9,6 Seasons,Good
NF00485,TV Show,485,South Korea,2004,Romance,6.9,4 Seasons,Average
NF00486,Movie,486,South Korea,1996,Action,5,78 min,Average
NF00487,TV Show,487,South Korea,1984,Comedy,5.3,1 Seasons,Average
NF00488,TV Show,488,Japan,2001,Drama,8.7,9 Seasons,Excellent
NF00489,Movie,489,India,2018,Action,8.9,100 min,Excellent
NF00490,TV Show,490,Japan,1995,Thriller,6.7,2 Seasons,Good
NF00491,TV Show,491,Canada,2010,Thriller,5.6,4 Seasons,Average
NF00492,TV Show,492,India,1994,Action,9.1,10 Seasons,Excellent
NF00493,TV Show,493,USA,1984,Thriller,9.7,6 Seasons,Excellent
NF00494,Movie,494,South Korea,2012,Drama,7.8,94 min,Good
NF00495,TV Show,495,India,1983,Romance,5.9,7 Seasons,Good
NF00496,Movie,496,UK,2017,Thriller,7.4,77 min,Average
NF00497,Movie,497,USA,2006,Drama,6.8,78 min,Good
NF00498,Movie,498,South Korea,1994,Action,7.7,107 min,Average
NF00499,Movie,499,India,2000,Action,5.4,178 min,Good
NF00500,Movie,500,UK,1985,Romance,5.5,110 min,Average
NF00501,Movie,501,Japan,1988,Drama,5.5,177 min,Average
NF00502,TV Show,502,India,1993,Drama,9.5,8 Seasons,Excellent
NF00503,Movie,503,UK,2021,Action,8.2,67 min,Excellent
NF00504,TV Show,504,Japan,2024,Comedy,9.7,4 Seasons,Excellent
NF00505,TV Show,505,Japan,1982,Thriller,9.4,1 Seasons,Excellent
NF00506,TV Show,506,UK,1983,Romance,5.7,7 Seasons,Good
NF00507,TV Show,507,UK,2006,Romance,9.6,9 Seasons,Excellent
NF00508,TV Show,508,Canada,2018,Action,6.1,8 Seasons,Good
NF00509,TV Show,509,Canada,1994,Drama,5.8,7 Seasons,Average
NF00510,TV Show,510,South Korea,2010,Action,5.4,3 Seasons,Average
NF00511,Movie,511,UK,2008,Romance,7.6,62 min,Average
NF00512,Movie,512,USA,1986,Sci-Fi,5,73 min,Good
NF00513,TV Show,513,Canada,1980,Drama,5.2,8 Seasons,Average
NF00514,TV Show,514,USA,2000,Comedy,8.9,1 Seasons,Excellent
NF00515,TV Show,515,USA,2012,Thriller,8.6,6 Seasons,Excellent
NF00516,Movie,516,Canada,1982,Action,8.1,72 min,Excellent
NF00517,Movie,517,South Korea,2017,Drama,9.6,124 min,Excellent
NF00518,TV Show,518,India,1988,Comedy,8.4,9 Seasons,Excellent
NF00519,TV Show,519,UK,2010,Action,7.6,8 Seasons,Good
NF00520,Movie,520,Canada,1985,Action,8.9,101 min,Excellent
NF00521,TV Show,521,Japan,1991,Thriller,5.2,7 Seasons,Good
NF00522,Movie,522,Canada,1993,Action,6.8,180 min,Average
NF00523,Movie,523,Japan,1981,Action,7.5,80 min,Average
NF00524,Movie,524,Canada,1991,Sci-Fi,6.3,64 min,Good
NF00525,Movie,525,South Korea,2018,Thriller,5.6,105 min,Average
NF00526,Movie,526,Japan,2009,Action,6.7,113 min,Average
NF00527,TV Show,527,South Korea,1992,Thriller,6.7,9 Seasons,Average
NF00528,TV Show,528,Japan,2011,Thriller,9.8,8 Seasons,Excellent
NF00529,TV Show,529,South Korea,2019,Sci-Fi,5.7,1 Seasons,Good
NF00530,Movie,530,India,2004,Comedy,5.9,109 min,Average
NF00531,Movie,531,Canada,2020,Thriller,9.3,91 min,Excellent
NF00532,Movie,532,UK,1999,Romance,5.6,75 min,Good
NF00533,TV Show,533,UK,2019,Comedy,9.4,1 Seasons,Excellent
NF00534,Movie,534,UK,2003,Romance,9.2,154 min,Excellent
NF00535,Movie,535,Canada,2006,Romance,6.4,94 min,Good
NF00536,Movie,536,UK,1981,Sci-Fi,8.2,128 min,Excellent
NF00537,TV Show,537,India,1999,Comedy,5.4,2 Seasons,Good
NF00538,Movie,538,UK,2005,Sci-Fi,8,110 min,Excellent
NF00539,TV Show,539,UK,2003,Drama,6.4,2 Seasons,Good
NF00540,Movie,540,Canada,2002,Thriller,9.3,100 min,Excellent
NF00541,TV Show,541,India,2025,Drama,5.2,10 Seasons,Good
NF00542,Movie,542,UK,1983,Drama,7.6,170 min,Average
NF00543,Movie,543,India,2015,Comedy,6.5,127 min,Good
NF00544,Movie,544,UK,2014,Sci-Fi,7.2,85 min,Average
NF00545,Movie,545,South Korea,2026,Comedy,7.1,159 min,Good
NF00546,TV Show,546,USA,1996,Drama,5,7 Seasons,Good
NF00547,TV Show,547,India,1984,Comedy,8.1,4 Seasons,Excellent
NF00548,TV Show,548,UK,1990,Sci-Fi,6.6,9 Seasons,Good
NF00549,TV Show,549,Japan,2004,Action,7.1,7 Seasons,Average
NF00550,Movie,550,UK,1999,Comedy,7.4,133 min,Good
NF00551,Movie,551,South Korea,1994,Sci-Fi,7,115 min,Good
NF00552,Movie,552,South Korea,1995,Romance,5.4,109 min,Good
NF00553,TV Show,553,India,1996,Comedy,6,10 Seasons,Average
NF00554,Movie,554,South Korea,1998,Romance,8.9,91 min,Excellent
NF00555,TV Show,555,UK,1981,Romance,6.1,8 Seasons,Good
NF00556,TV Show,556,Canada,2005,Comedy,9.7,6 Seasons,Excellent
NF00557,TV Show,557,Japan,2018,Romance,8.2,2 Seasons,Excellent
NF00558,Movie,558,India,1992,Sci-Fi,8.1,112 min,Excellent
NF00559,Movie,559,Japan,2018,Thriller,7.9,69 min,Good
NF00560,TV Show,560,USA,2022,Comedy,6.4,2 Seasons,Good
NF00561,Movie,561,South Korea,2025,Comedy,9.6,129 min,Excellent
NF00562,TV Show,562,Japan,1985,Action,7.1,10 Seasons,Good
NF00563,TV Show,563,UK,2023,Comedy,8.8,3 Seasons,Excellent
NF00564,TV Show,564,UK,2015,Sci-Fi,9.6,4 Seasons,Excellent
NF00565,Movie,565,Canada,1993,Sci-Fi,6.9,144 min,Good
NF00566,TV Show,566,South Korea,2000,Drama,6.7,8 Seasons,Average
NF00567,Movie,567,Japan,1994,Romance,6.1,170 min,Average
NF00568,TV Show,568,UK,1990,Drama,8.7,5 Seasons,Excellent
NF00569,TV Show,569,Japan,1998,Romance,5.1,5 Seasons,Good
NF00570,Movie,570,South Korea,2009,Action,8.6,69 min,Excellent
NF00571,TV Show,571,Japan,1990,Action,6,10 Seasons,Good
NF00572,Movie,572,India,2021,Comedy,7,172 min,Average
NF00573,Movie,573,USA,2006,Action,5.3,176 min,Good
NF00574,TV Show,574,UK,2001,Thriller,5.6,8 Seasons,Average
NF00575,TV Show,575,South Korea,2005,Comedy,6.1,4 Seasons,Average
NF00576,TV Show,576,India,2012,Sci-Fi,7.5,7 Seasons,Average
NF00577,TV Show,577,India,1988,Thriller,5,2 Seasons,Good
NF00578,Movie,578,South Korea,2009,Comedy,8.5,176 min,Excellent
NF00579,TV Show,579,Canada,1982,Action,7.3,5 Seasons,Good
NF00580,TV Show,580,USA,2000,Romance,6.3,9 Seasons,Good
NF00581,TV Show,581,USA,1981,Comedy,5,4 Seasons,Average
NF00582,TV Show,582,South Korea,1980,Thriller,7.7,4 Seasons,Average
NF00583,TV Show,583,South Korea,2001,Action,9.3,8 Seasons,Excellent
NF00584,TV Show,584,India,2023,Drama,9.1,2 Seasons,Excellent
NF00585,TV Show,585,USA,2012,Romance,8.6,5 Seasons,Excellent
NF00586,TV Show,586,USA,2000,Thriller,5.7,2 Seasons,Good
NF00587,TV Show,587,Canada,1984,Sci-Fi,9.5,5 Seasons,Excellent
NF00588,TV Show,588,USA,1990,Romance,5,9 Seasons,Good
NF00589,Movie,589,UK,1980,Action,9.4,101 min,Excellent
NF00590,TV Show,590,India,2016,Thriller,7.8,3 Seasons,Good
NF00591,Movie,591,South Korea,1995,Romance,8.1,135 min,Excellent
NF00592,TV Show,592,UK,1997,Drama,5,6 Seasons,Good
NF00593,TV Show,593,Canada,2004,Thriller,9.4,5 Seasons,Excellent
NF00594,Movie,594,Canada,1988,Action,7.1,73 min,Good
NF00595,TV Show,595,Japan,1995,Drama,5,3 Seasons,Good
NF00596,Movie,596,Canada,1984,Thriller,5.4,71 min,Average
NF00597,Movie,597,Canada,1997,Action,5.3,77 min,Average
NF00598,TV Show,598,USA,2013,Drama,8.2,7 Seasons,Excellent
NF00599,TV Show,599,India,2016,Drama,6.3,7 Seasons,Good
NF00600,TV Show,600,South Korea,2012,Thriller,7.5,5 Seasons,Average
NF00601,Movie,601,South Korea,2023,Action,8.2,108 min,Excellent
NF00602,Movie,602,India,1998,Sci-Fi,5.7,93 min,Good
NF00603,Movie,603,South Korea,1991,Sci-Fi,9.3,180 min,Excellent
NF00604,Movie,604,South Korea,2026,Thriller,5.3,87 min,Good
NF00605,Movie,605,Canada,2001,Comedy,6.8,81 min,Average
NF00606,Movie,606,Japan,1986,Sci-Fi,8.8,168 min,Excellent
NF00607,Movie,607,Japan,1992,Drama,5.1,129 min,Good
NF00608,Movie,608,India,2002,Thriller,9.8,175 min,Excellent
NF00609,TV Show,609,Japan,1982,Action,5.5,5 Seasons,Good
NF00610,TV Show,610,Canada,1990,Comedy,6.3,5 Seasons,Average
NF00611,Movie,611,Japan,2004,Action,8,75 min,Excellent
NF00612,Movie,612,Japan,1988,Romance,6.8,77 min,Good
NF00613,TV Show,613,USA,1999,Comedy,5.9,7 Seasons,Average
NF00614,Movie,614,Japan,2010,Sci-Fi,7.6,76 min,Average
NF00615,TV Show,615,India,1988,Comedy,5.5,6 Seasons,Good
NF00616,TV Show,616,India,2025,Comedy,6.9,10 Seasons,Average
NF00617,Movie,617,India,1985,Thriller,9.7,150 min,Excellent
NF00618,Movie,618,USA,2004,Comedy,6.2,115 min,Good
NF00619,TV Show,619,India,2009,Romance,6.2,1 Seasons,Average
NF00620,TV Show,620,Canada,2000,Comedy,5.1,5 Seasons,Average
NF00621,Movie,621,Canada,2012,Romance,6.4,106 min,Average
NF00622,TV Show,622,USA,1989,Drama,7.9,4 Seasons,Average
NF00623,Movie,623,Canada,2004,Action,5.4,146 min,Good
NF00624,TV Show,624,UK,1993,Sci-Fi,6.4,5 Seasons,Average
NF00625,Movie,625,UK,2009,Thriller,7.1,66 min,Average
NF00626,Movie,626,Canada,1990,Thriller,5.2,76 min,Good
NF00627,TV Show,627,USA,2001,Drama,7.3,2 Seasons,Average
NF00628,TV Show,628,Japan,2022,Drama,7.4,7 Seasons,Good
NF00629,Movie,629,Canada,1991,Thriller,8,174 min,Excellent
NF00630,TV Show,630,South Korea,1991,Comedy,5,8 Seasons,Good
NF00631,TV Show,631,Japan,1994,Drama,7.6,2 Seasons,Average
NF00632,TV Show,632,India,1987,Action,7.1,6 Seasons,Good
NF00633,TV Show,633,India,1995,Comedy,7.4,10 Seasons,Good
NF00634,Movie,634,South Korea,2022,Romance,5.9,155 min,Good
NF00635,TV Show,635,India,1991,Drama,8.1,8 Seasons,Excellent
NF00636,Movie,636,India,2022,Romance,6.6,144 min,Good
NF00637,TV Show,637,Canada,1993,Drama,5.9,6 Seasons,Average
NF00638,Movie,638,UK,2003,Romance,6.7,80 min,Average
NF00639,Movie,639,USA,2021,Thriller,9.4,136 min,Excellent
NF00640,Movie,640,UK,2017,Sci-Fi,5.4,115 min,Good
NF00641,TV Show,641,India,2002,Drama,7.5,9 Seasons,Average
NF00642,TV Show,642,USA,2022,Thriller,7.9,4 Seasons,Good
NF00643,Movie,643,South Korea,1999,Comedy,5,160 min,Good
NF00644,Movie,644,Japan,1983,Action,6.5,175 min,Average
NF00645,TV Show,645,India,2009,Comedy,7.3,5 Seasons,Average
NF00646,Movie,646,India,1982,Comedy,7.3,82 min,Good
NF00647,Movie,647,India,2015,Comedy,6.6,120 min,Good
NF00648,TV Show,648,India,1990,Comedy,6.8,10 Seasons,Average
NF00649,Movie,649,Canada,2017,Action,5.2,153 min,Average
NF00650,Movie,650,UK,2020,Sci-Fi,6,140 min,Average
NF00651,TV Show,651,USA,2016,Romance,7.4,1 Seasons,Average
NF00652,Movie,652,South Korea,2007,Romance,9.1,70 min,Excellent
NF00653,Movie,653,Canada,2000,Sci-Fi,7.4,157 min,Good
NF00654,Movie,654,South Korea,2005,Thriller,8.7,65 min,Excellent
NF00655,Movie,655,South Korea,2008,Thriller,5.1,97 min,Good
NF00656,Movie,656,India,2003,Sci-Fi,6.3,149 min,Average
NF00657,Movie,657,UK,1994,Romance,5.2,73 min,Average
NF00658,TV Show,658,Canada,2006,Action,6.7,5 Seasons,Average
NF00659,TV Show,659,Japan,2000,Sci-Fi,8.1,6 Seasons,Excellent
NF00660,Movie,660,UK,2019,Thriller,6.5,76 min,Good
NF00661,Movie,661,UK,2024,Sci-Fi,5.6,156 min,Average
NF00662,TV Show,662,Japan,2003,Romance,9.2,9 Seasons,Excellent
NF00663,TV Show,663,India,2008,Thriller,7.6,10 Seasons,Good
NF00664,TV Show,664,India,2017,Thriller,9,4 Seasons,Excellent
NF00665,Movie,665,Japan,2020,Romance,5.9,110 min,Good
NF00666,Movie,666,Canada,2019,Action,6.5,91 min,Average
NF00667,TV Show,667,India,2001,Sci-Fi,5.5,5 Seasons,Average
NF00668,TV Show,668,UK,2013,Romance,8.8,7 Seasons,Excellent
NF00669,TV Show,669,Canada,1995,Sci-Fi,8.3,2 Seasons,Excellent
NF00670,TV Show,670,Canada,1981,Comedy,6.2,8 Seasons,Good
NF00671,TV Show,671,India,2024,Sci-Fi,5.2,6 Seasons,Average
NF00672,TV Show,672,Japan,2013,Romance,9.7,9 Seasons,Excellent
NF00673,Movie,673,USA,1995,Sci-Fi,8.2,107 min,Excellent
NF00674,Movie,674,India,2021,Romance,5.1,122 min,Good
NF00675,Movie,675,Canada,1997,Comedy,6.5,151 min,Average
NF00676,TV Show,676,UK,2025,Comedy,6.2,5 Seasons,Average
NF00677,Movie,677,India,1997,Romance,8.9,108 min,Excellent
NF00678,Movie,678,UK,2013,Comedy,6,167 min,Good
NF00679,TV Show,679,Japan,1984,Sci-Fi,8.3,8 Seasons,Excellent
NF00680,TV Show,680,Canada,2025,Thriller,8.9,8 Seasons,Excellent
NF00681,Movie,681,UK,2015,Comedy,6.6,78 min,Good
NF00682,TV Show,682,South Korea,2022,Sci-Fi,8.8,9 Seasons,Excellent
NF00683,TV Show,683,South Korea,2008,Action,9.4,10 Seasons,Excellent
NF00684,TV Show,684,USA,1994,Thriller,8.7,1 Seasons,Excellent
NF00685,TV Show,685,India,2002,Sci-Fi,9.4,5 Seasons,Excellent
NF00686,Movie,686,India,2022,Drama,7.2,134 min,Good
NF00687,TV Show,687,South Korea,2005,Action,6.4,4 Seasons,Good
NF00688,TV Show,688,UK,2002,Romance,8.9,8 Seasons,Excellent
NF00689,TV Show,689,Canada,2009,Comedy,8.6,2 Seasons,Excellent
NF00690,Movie,690,Japan,2004,Romance,8.5,121 min,Excellent
NF00691,Movie,691,Japan,1992,Comedy,5.8,164 min,Good
NF00692,Movie,692,India,2005,Sci-Fi,5.2,101 min,Average
NF00693,TV Show,693,Canada,1989,Comedy,6.7,5 Seasons,Average
NF00694,TV Show,694,USA,1984,Action,9.1,4 Seasons,Excellent
NF00695,Movie,695,Canada,1998,Romance,5.2,86 min,Good
NF00696,TV Show,696,USA,2010,Sci-Fi,9.4,4 Seasons,Excellent
NF00697,Movie,697,USA,1981,Comedy,7.4,158 min,Good
NF00698,TV Show,698,UK,2003,Sci-Fi,6,4 Seasons,Good
NF00699,Movie,699,South Korea,2002,Action,8.5,152 min,Excellent
NF00700,TV Show,700,Canada,2018,Sci-Fi,6.5,8 Seasons,Good
NF00701,Movie,701,South Korea,2024,Comedy,5.5,142 min,Average
NF00702,Movie,702,Canada,2011,Drama,8.8,117 min,Excellent
NF00703,TV Show,703,UK,1992,Comedy,8.8,9 Seasons,Excellent
NF00704,Movie,704,Canada,1982,Drama,7.1,170 min,Good
NF00705,Movie,705,Japan,1985,Thriller,7.8,93 min,Good
NF00706,Movie,706,India,1993,Drama,6.7,108 min,Good
NF00707,Movie,707,UK,1996,Action,5.9,165 min,Average
NF00708,TV Show,708,UK,1990,Thriller,7.5,4 Seasons,Average
NF00709,TV Show,709,UK,2003,Action,6.8,7 Seasons,Good
NF00710,TV Show,710,UK,2001,Comedy,8.2,5 Seasons,Excellent
NF00711,TV Show,711,UK,1980,Romance,6.8,3 Seasons,Good
NF00712,TV Show,712,Canada,2024,Comedy,5,3 Seasons,Average
NF00713,Movie,713,Canada,2002,Drama,8.3,61 min,Excellent
NF00714,TV Show,714,South Korea,1985,Sci-Fi,5.5,3 Seasons,Good
NF00715,TV Show,715,Japan,2005,Thriller,8.8,8 Seasons,Excellent
NF00716,Movie,716,UK,2020,Thriller,6.6,161 min,Good
NF00717,Movie,717,India,2005,Drama,5.6,132 min,Average
NF00718,TV Show,718,South Korea,1982,Action,9.4,2 Seasons,Excellent
NF00719,Movie,719,UK,2013,Romance,8.2,87 min,Excellent
NF00720,TV Show,720,Canada,1996,Sci-Fi,7.8,8 Seasons,Good
NF00721,Movie,721,UK,1996,Thriller,7.8,158 min,Good
NF00722,TV Show,722,UK,2009,Romance,5.2,7 Seasons,Good
NF00723,TV Show,723,USA,1980,Thriller,6.4,6 Seasons,Average
NF00724,TV Show,724,South Korea,2026,Thriller,9.2,4 Seasons,Excellent
NF00725,TV Show,725,Japan,1981,Drama,5.9,2 Seasons,Good
NF00726,TV Show,726,USA,1987,Thriller,6.4,1 Seasons,Average
NF00727,Movie,727,UK,1995,Comedy,5.6,159 min,Average
NF00728,Movie,728,USA,2025,Romance,8.3,133 min,Excellent
NF00729,TV Show,729,USA,1981,Drama,7.7,1 Seasons,Good
NF00730,TV Show,730,South Korea,1996,Romance,5.9,1 Seasons,Good
NF00731,Movie,731,USA,2013,Comedy,7,103 min,Average
NF00732,TV Show,732,India,1994,Thriller,8.6,6 Seasons,Excellent
NF00733,Movie,733,USA,1990,Thriller,9.8,146 min,Excellent
NF00734,Movie,734,India,2015,Comedy,6.3,78 min,Good
NF00735,TV Show,735,South Korea,1992,Romance,8.2,10 Seasons,Excellent
NF00736,TV Show,736,UK,2014,Drama,8,4 Seasons,Excellent
NF00737,TV Show,737,South Korea,1989,Romance,6.1,9 Seasons,Good
NF00738,Movie,738,UK,2006,Action,7.2,179 min,Average
NF00739,Movie,739,UK,1994,Romance,6.9,112 min,Good
NF00740,TV Show,740,India,2022,Drama,6.6,7 Seasons,Average
NF00741,Movie,741,Canada,2015,Romance,6.2,154 min,Average
NF00742,Movie,742,South Korea,2022,Action,9.5,176 min,Excellent
NF00743,Movie,743,Japan,2021,Comedy,6.1,175 min,Good
NF00744,Movie,744,Canada,2020,Romance,7.1,106 min,Average
NF00745,Movie,745,South Korea,1991,Thriller,9.2,72 min,Excellent
NF00746,TV Show,746,UK,2020,Comedy,7.4,5 Seasons,Good
NF00747,TV Show,747,Canada,1987,Drama,8.3,8 Seasons,Excellent
NF00748,TV Show,748,Japan,2013,Thriller,5.2,3 Seasons,Good
NF00749,TV Show,749,India,2012,Drama,5.8,10 Seasons,Average
NF00750,TV Show,750,USA,2019,Romance,6.4,3 Seasons,Average
NF00751,Movie,751,UK,2011,Romance,5.6,152 min,Average
NF00752,TV Show,752,Japan,1984,Romance,7.4,9 Seasons,Average
NF00753,TV Show,753,Canada,1998,Drama,7,6 Seasons,Good
NF00754,TV Show,754,UK,1999,Sci-Fi,5.7,9 Seasons,Good
NF00755,TV Show,755,Canada,2020,Comedy,7.6,9 Seasons,Average
NF00756,Movie,756,Canada,2002,Drama,5.4,144 min,Good
NF00757,Movie,757,USA,2025,Comedy,5.2,148 min,Average
NF00758,Movie,758,Japan,1991,Action,7.5,114 min,Average
NF00759,TV Show,759,South Korea,2024,Drama,9.8,8 Seasons,Excellent
NF00760,Movie,760,Canada,2010,Romance,6.7,64 min,Good
NF00761,Movie,761,USA,2004,Sci-Fi,7.7,168 min,Average
NF00762,TV Show,762,South Korea,1982,Thriller,6.8,4 Seasons,Good
NF00763,Movie,763,India,1986,Comedy,7,84 min,Average
NF00764,Movie,764,India,1995,Sci-Fi,8,86 min,Excellent
NF00765,TV Show,765,Japan,2025,Comedy,9.1,7 Seasons,Excellent
NF00766,TV Show,766,UK,1993,Sci-Fi,5.6,3 Seasons,Good
NF00767,TV Show,767,Japan,1992,Romance,8.8,9 Seasons,Excellent
NF00768,Movie,768,UK,1995,Thriller,9.4,145 min,Excellent
NF00769,TV Show,769,UK,2025,Drama,6.1,8 Seasons,Good
NF00770,Movie,770,South Korea,2014,Romance,9.5,135 min,Excellent
NF00771,TV Show,771,UK,1981,Action,8.8,9 Seasons,Excellent
NF00772,Movie,772,South Korea,1981,Thriller,8,114 min,Excellent
NF00773,Movie,773,India,1988,Comedy,8.1,79 min,Excellent
NF00774,Movie,774,South Korea,2020,Drama,5.8,122 min,Good
NF00775,TV Show,775,India,1980,Thriller,6.1,2 Seasons,Average
NF00776,Movie,776,India,1997,Sci-Fi,8.8,82 min,Excellent
NF00777,TV Show,777,UK,1983,Thriller,5.8,9 Seasons,Good
NF00778,TV Show,778,UK,2024,Comedy,6.7,2 Seasons,Average
NF00779,Movie,779,Japan,1993,Romance,9.5,70 min,Excellent
NF00780,TV Show,780,USA,2005,Romance,7.6,5 Seasons,Good
NF00781,TV Show,781,Japan,2005,Sci-Fi,7.7,1 Seasons,Good
NF00782,TV Show,782,USA,2006,Thriller,8,7 Seasons,Excellent
NF00783,TV Show,783,Canada,1997,Comedy,5.3,9 Seasons,Good
NF00784,TV Show,784,India,2020,Thriller,6.9,9 Seasons,Average
NF00785,Movie,785,India,2002,Drama,6.9,119 min,Average
NF00786,Movie,786,Japan,1988,Action,9.4,112 min,Excellent
NF00787,TV Show,787,UK,2003,Comedy,8.1,8 Seasons,Excellent
NF00788,TV Show,788,India,1999,Action,8.1,9 Seasons,Excellent
NF00789,TV Show,789,USA,2015,Drama,5.3,3 Seasons,Good
NF00790,TV Show,790,India,1984,Comedy,7.2,3 Seasons,Average
NF00791,Movie,791,South Korea,1996,Thriller,6,136 min,Good
NF00792,Movie,792,USA,1988,Comedy,6.8,94 min,Average
NF00793,Movie,793,India,2020,Comedy,6.6,61 min,Average
NF00794,TV Show,794,UK,2006,Sci-Fi,6.8,6 Seasons,Average
NF00795,TV Show,795,UK,2000,Drama,6.2,4 Seasons,Average
NF00796,TV Show,796,India,2004,Drama,6.1,3 Seasons,Average
NF00797,TV Show,797,India,2024,Action,6,4 Seasons,Average
NF00798,Movie,798,Canada,1997,Drama,6.4,65 min,Average
NF00799,Movie,799,India,2025,Thriller,7.3,62 min,Average
NF00800,TV Show,800,UK,1988,Action,8.6,10 Seasons,Excellent
NF00801,Movie,801,Japan,1998,Action,5.6,110 min,Good
NF00802,TV Show,802,South Korea,2018,Drama,9,4 Seasons,Excellent
NF00803,TV Show,803,India,2019,Sci-Fi,7.4,8 Seasons,Good
NF00804,Movie,804,South Korea,2022,Action,7.1,175 min,Good
NF00805,TV Show,805,Canada,1992,Romance,8.5,4 Seasons,Excellent
NF00806,Movie,806,Japan,1989,Romance,7.7,98 min,Good
NF00807,TV Show,807,Canada,2007,Drama,5.4,10 Seasons,Good
NF00808,Movie,808,Japan,1998,Sci-Fi,6.2,157 min,Average
NF00809,Movie,809,India,2014,Sci-Fi,5,85 min,Average
NF00810,Movie,810,UK,1989,Action,5.6,144 min,Average
NF00811,TV Show,811,India,1997,Comedy,5.7,3 Seasons,Average
NF00812,Movie,812,India,2026,Sci-Fi,5.9,78 min,Average
NF00813,Movie,813,USA,1980,Romance,9.1,174 min,Excellent
NF00814,TV Show,814,Japan,2026,Romance,7.6,4 Seasons,Good
NF00815,TV Show,815,Canada,1998,Action,5.1,10 Seasons,Good
NF00816,Movie,816,India,1990,Drama,9.6,132 min,Excellent
NF00817,Movie,817,Japan,2006,Action,6.9,78 min,Good
NF00818,Movie,818,India,1986,Sci-Fi,9.7,163 min,Excellent
NF00819,Movie,819,USA,1996,Romance,9.3,159 min,Excellent
NF00820,Movie,820,Canada,2005,Comedy,7.6,146 min,Good
NF00821,TV Show,821,India,1986,Action,9.5,1 Seasons,Excellent
NF00822,TV Show,822,USA,2018,Action,8.5,5 Seasons,Excellent
NF00823,Movie,823,USA,2014,Romance,5.7,155 min,Good
NF00824,Movie,824,Canada,1982,Romance,7.5,64 min,Average
NF00825,Movie,825,USA,2026,Drama,9.1,125 min,Excellent
NF00826,TV Show,826,USA,1998,Comedy,9.5,7 Seasons,Excellent
NF00827,Movie,827,Canada,1998,Drama,6.1,117 min,Good
NF00828,Movie,828,India,1984,Comedy,9.6,156 min,Excellent
NF00829,TV Show,829,USA,2006,Comedy,6.6,10 Seasons,Good
NF00830,Movie,830,UK,2001,Thriller,9,137 min,Excellent
NF00831,TV Show,831,UK,2007,Comedy,7.9,9 Seasons,Good
NF00832,TV Show,832,South Korea,2011,Comedy,5.8,6 Seasons,Good
NF00833,Movie,833,UK,1994,Drama,6.9,69 min,Average
NF00834,TV Show,834,UK,2014,Comedy,7.5,1 Seasons,Average
NF00835,TV Show,835,Japan,1982,Action,5.9,6 Seasons,Good
NF00836,Movie,836,Japan,1999,Romance,5.1,90 min,Average
NF00837,TV Show,837,South Korea,1992,Romance,9.7,5 Seasons,Excellent
NF00838,Movie,838,Canada,1980,Sci-Fi,6.5,148 min,Good
NF00839,TV Show,839,South Korea,1984,Action,6.5,5 Seasons,Average
NF00840,Movie,840,India,2008,Comedy,7.1,81 min,Average
NF00841,TV Show,841,UK,1992,Action,5.6,4 Seasons,Good
NF00842,Movie,842,South Korea,2007,Comedy,5.9,61 min,Average
NF00843,TV Show,843,Canada,2009,Action,7.7,3 Seasons,Average
NF00844,TV Show,844,Canada,2009,Thriller,5.4,8 Seasons,Good
NF00845,TV Show,845,India,1999,Thriller,6.9,2 Seasons,Average
NF00846,TV Show,846,USA,2006,Sci-Fi,5.2,3 Seasons,Average
NF00847,Movie,847,USA,1988,Sci-Fi,8.6,136 min,Excellent
NF00848,TV Show,848,UK,1991,Drama,7.7,5 Seasons,Good
NF00849,TV Show,849,South Korea,1980,Comedy,7.9,3 Seasons,Good
NF00850,Movie,850,India,2015,Sci-Fi,6.1,133 min,Good
NF00851,Movie,851,UK,1982,Thriller,5.2,91 min,Average
NF00852,TV Show,852,Canada,2023,Sci-Fi,7.6,2 Seasons,Average
NF00853,Movie,853,Japan,2004,Action,9.5,112 min,Excellent
NF00854,TV Show,854,Japan,1990,Thriller,5.1,9 Seasons,Good
NF00855,TV Show,855,South Korea,1998,Comedy,6.3,3 Seasons,Average
NF00856,TV Show,856,USA,2020,Action,7.8,3 Seasons,Average
NF00857,TV Show,857,Canada,2026,Drama,8.9,10 Seasons,Excellent
NF00858,TV Show,858,Japan,2015,Drama,8.5,3 Seasons,Excellent
NF00859,Movie,859,USA,2003,Romance,9.8,169 min,Excellent
NF00860,Movie,860,India,2012,Thriller,7.5,106 min,Good
NF00861,Movie,861,South Korea,1982,Sci-Fi,7.5,122 min,Good
NF00862,TV Show,862,Japan,2011,Thriller,9.2,6 Seasons,Excellent
NF00863,Movie,863,Japan,1997,Comedy,5.1,163 min,Good
NF00864,Movie,864,India,1997,Drama,5,90 min,Average
NF00865,TV Show,865,India,2025,Romance,6.7,2 Seasons,Average
NF00866,TV Show,866,UK,2014,Sci-Fi,6.3,1 Seasons,Average
NF00867,TV Show,867,India,1999,Thriller,9.7,1 Seasons,Excellent
NF00868,Movie,868,UK,1991,Drama,9.3,164 min,Excellent
NF00869,Movie,869,India,2001,Sci-Fi,6.7,99 min,Good
NF00870,Movie,870,India,2006,Comedy,9.2,117 min,Excellent
NF00871,Movie,871,South Korea,2016,Sci-Fi,8.1,92 min,Excellent
NF00872,TV Show,872,South Korea,1993,Romance,8.6,9 Seasons,Excellent
NF00873,TV Show,873,Canada,1988,Thriller,6.4,2 Seasons,Good
NF00874,TV Show,874,UK,1999,Thriller,6.1,1 Seasons,Average
NF00875,TV Show,875,USA,2014,Romance,9.1,2 Seasons,Excellent
NF00876,TV Show,876,Canada,1997,Sci-Fi,7,8 Seasons,Good
NF00877,TV Show,877,South Korea,2022,Sci-Fi,9.5,7 Seasons,Excellent
NF00878,TV Show,878,Japan,2024,Thriller,9.2,2 Seasons,Excellent
NF00879,Movie,879,USA,2016,Thriller,9.1,126 min,Excellent
NF00880,Movie,880,South Korea,1993,Comedy,7.1,66 min,Good
NF00881,Movie,881,India,1993,Comedy,8.3,164 min,Excellent
NF00882,Movie,882,UK,2009,Action,7.4,77 min,Good
NF00883,Movie,883,South Korea,2014,Comedy,9.2,135 min,Excellent
NF00884,Movie,884,India,2021,Sci-Fi,8.4,133 min,Excellent
NF00885,TV Show,885,UK,2022,Drama,8.6,6 Seasons,Excellent
NF00886,Movie,886,UK,1988,Comedy,7.4,101 min,Good
NF00887,TV Show,887,UK,1982,Comedy,7.5,4 Seasons,Good
NF00888,TV Show,888,South Korea,2000,Sci-Fi,7.6,3 Seasons,Good
NF00889,TV Show,889,Japan,1982,Sci-Fi,8.2,10 Seasons,Excellent
NF00890,Movie,890,Canada,2001,Comedy,5,67 min,Good
NF00891,TV Show,891,Japan,2012,Thriller,8.9,5 Seasons,Excellent
NF00892,Movie,892,India,2012,Romance,9.5,95 min,Excellent
NF00893,Movie,893,UK,2024,Romance,7.6,172 min,Good
NF00894,Movie,894,USA,2010,Sci-Fi,5.9,143 min,Good
NF00895,TV Show,895,Canada,1998,Comedy,6.2,7 Seasons,Average
NF00896,Movie,896,Japan,2002,Action,6,79 min,Average
NF00897,TV Show,897,UK,2016,Thriller,6.7,9 Seasons,Average
NF00898,Movie,898,India,2016,Romance,6.2,102 min,Average
NF00899,TV Show,899,Canada,2026,Drama,8.6,3 Seasons,Excellent
NF00900,Movie,900,India,1990,Action,8.2,155 min,Excellent
NF00901,Movie,901,UK,1999,Action,9.5,88 min,Excellent
NF00902,TV Show,902,India,2003,Sci-Fi,6.7,6 Seasons,Good
NF00903,Movie,903,India,2012,Romance,6.4,175 min,Average
NF00904,Movie,904,Canada,1993,Drama,6.7,174 min,Average
NF00905,Movie,905,USA,1991,Comedy,9.8,99 min,Excellent
NF00906,TV Show,906,India,2004,Romance,7.7,8 Seasons,Good
NF00907,TV Show,907,USA,1986,Romance,5.4,10 Seasons,Good
NF00908,Movie,908,Canada,2008,Romance,9.4,147 min,Excellent
NF00909,TV Show,909,India,1980,Drama,8.1,5 Seasons,Excellent
NF00910,Movie,910,Canada,2017,Drama,5,166 min,Good
NF00911,Movie,911,South Korea,2021,Action,6.9,80 min,Average
NF00912,TV Show,912,Canada,1984,Sci-Fi,5.8,5 Seasons,Average
NF00913,TV Show,913,UK,1985,Romance,5.8,5 Seasons,Average
NF00914,Movie,914,South Korea,2006,Sci-Fi,8.2,130 min,Excellent
NF00915,Movie,915,USA,1984,Sci-Fi,6.6,125 min,Good
NF00916,TV Show,916,USA,1997,Sci-Fi,5.2,1 Seasons,Average
NF00917,TV Show,917,UK,1985,Sci-Fi,5.1,6 Seasons,Average
NF00918,Movie,918,UK,2004,Sci-Fi,6.7,121 min,Average
NF00919,TV Show,919,UK,2003,Thriller,9.5,5 Seasons,Excellent
NF00920,TV Show,920,Canada,2025,Romance,7.5,3 Seasons,Good
NF00921,Movie,921,USA,2003,Sci-Fi,7.5,145 min,Good
NF00922,Movie,922,India,1995,Action,6.4,121 min,Good
NF00923,TV Show,923,South Korea,2012,Action,8.1,2 Seasons,Excellent
NF00924,Movie,924,Japan,1986,Thriller,7.5,121 min,Good
NF00925,Movie,925,South Korea,1997,Sci-Fi,7.8,106 min,Good
NF00926,TV Show,926,Japan,2015,Thriller,9.7,1 Seasons,Excellent
NF00927,Movie,927,India,2023,Thriller,9.8,100 min,Excellent
NF00928,Movie,928,USA,1997,Romance,9.2,177 min,Excellent
NF00929,TV Show,929,South Korea,1984,Romance,8.7,7 Seasons,Excellent
NF00930,Movie,930,UK,1996,Sci-Fi,5.4,106 min,Good
NF00931,Movie,931,Japan,2020,Action,8.6,100 min,Excellent
NF00932,TV Show,932,India,1988,Comedy,5.7,2 Seasons,Good
NF00933,TV Show,933,USA,1995,Thriller,9.5,7 Seasons,Excellent
NF00934,Movie,934,UK,2008,Drama,5.8,123 min,Good
NF00935,TV Show,935,UK,2020,Comedy,6,8 Seasons,Average
NF00936,TV Show,936,Canada,2015,Romance,9.8,4 Seasons,Excellent
NF00937,TV Show,937,UK,1995,Drama,5.1,1 Seasons,Good
NF00938,TV Show,938,USA,2003,Comedy,8.9,10 Seasons,Excellent
NF00939,Movie,939,South Korea,2017,Romance,8,97 min,Excellent
NF00940,TV Show,940,India,2024,Thriller,7.6,8 Seasons,Good
NF00941,Movie,941,Japan,2010,Action,8.7,104 min,Excellent
NF00942,TV Show,942,Japan,1987,Drama,8.6,10 Seasons,Excellent
NF00943,TV Show,943,India,2012,Comedy,9.1,1 Seasons,Excellent
NF00944,Movie,944,USA,1997,Drama,6.6,116 min,Good
NF00945,TV Show,945,Japan,2011,Action,8.4,4 Seasons,Excellent
NF00946,TV Show,946,UK,2013,Thriller,5.8,7 Seasons,Good
NF00947,TV Show,947,India,1995,Drama,6,5 Seasons,Average
NF00948,TV Show,948,Canada,2003,Thriller,6.8,4 Seasons,Average
NF00949,TV Show,949,Canada,1984,Comedy,8.3,3 Seasons,Excellent
NF00950,Movie,950,USA,2010,Thriller,9.4,116 min,Excellent
NF00951,TV Show,951,India,1981,Sci-Fi,7,10 Seasons,Good
NF00952,TV Show,952,USA,2025,Romance,6.9,5 Seasons,Good
NF00953,TV Show,953,India,1988,Sci-Fi,9.2,4 Seasons,Excellent
NF00954,Movie,954,UK,2026,Comedy,5.5,144 min,Good
NF00955,Movie,955,USA,2007,Thriller,8.5,65 min,Excellent
NF00956,TV Show,956,India,1993,Romance,5.5,7 Seasons,Good
NF00957,Movie,957,UK,2004,Comedy,6.4,90 min,Average
NF00958,TV Show,958,Japan,2025,Thriller,8.2,7 Seasons,Excellent
NF00959,Movie,959,Canada,2014,Thriller,6.5,137 min,Good
NF00960,Movie,960,Japan,2003,Sci-Fi,6.7,88 min,Average
NF00961,Movie,961,South Korea,1989,Comedy,8.6,172 min,Excellent
NF00962,TV Show,962,South Korea,2022,Romance,8.6,10 Seasons,Excellent
NF00963,Movie,963,UK,1984,Sci-Fi,7.6,125 min,Good
NF00964,TV Show,964,Japan,2015,Thriller,6,7 Seasons,Good
NF00965,TV Show,965,India,1988,Thriller,7.6,4 Seasons,Average
NF00966,Movie,966,India,1992,Action,7.8,86 min,Good
NF00967,TV Show,967,India,2018,Comedy,6.7,3 Seasons,Good
NF00968,TV Show,968,Japan,2016,Sci-Fi,7.3,5 Seasons,Average
NF00969,Movie,969,South Korea,1989,Romance,5.3,104 min,Good
NF00970,TV Show,970,Japan,1987,Romance,8.9,4 Seasons,Excellent
NF00971,Movie,971,South Korea,2021,Comedy,5.1,67 min,Good
NF00972,Movie,972,UK,1986,Romance,8.4,133 min,Excellent
NF00973,Movie,973,USA,1996,Action,7.1,74 min,Good
NF00974,Movie,974,India,1986,Thriller,7.5,145 min,Good
NF00975,TV Show,975,South Korea,1989,Thriller,6.9,10 Seasons,Good
NF00976,TV Show,976,Japan,2009,Drama,7.3,7 Seasons,Average
NF00977,Movie,977,Japan,2006,Romance,5.2,72 min,Good
NF00978,TV Show,978,South Korea,1999,Sci-Fi,8.8,1 Seasons,Excellent
NF00979,Movie,979,South Korea,2012,Drama,8.9,101 min,Excellent
NF00980,Movie,980,UK,1992,Thriller,9.1,141 min,Excellent
NF00981,TV Show,981,Japan,1989,Comedy,5,1 Seasons,Good
NF00982,Movie,982,Japan,2010,Thriller,7.7,160 min,Average
NF00983,TV Show,983,India,2009,Drama,7.2,7 Seasons,Good
NF00984,Movie,984,India,2015,Action,6.9,81 min,Good
NF00985,Movie,985,USA,1999,Comedy,5.9,88 min,Average
NF00986,Movie,986,UK,2006,Action,6.9,95 min,Average
NF00987,TV Show,987,Canada,1998,Thriller,7.7,8 Seasons,Average
NF00988,Movie,988,Canada,1985,Thriller,9.2,139 min,Excellent
NF00989,Movie,989,South Korea,2009,Comedy,9.7,65 min,Excellent
NF00990,TV Show,990,South Korea,2008,Sci-Fi,8.3,6 Seasons,Excellent
NF00991,TV Show,991,USA,2009,Thriller,6.1,4 Seasons,Good
NF00992,TV Show,992,USA,2001,Romance,9.6,8 Seasons,Excellent
NF00993,Movie,993,UK,2019,Romance,6.5,116 min,Good
NF00994,Movie,994,USA,2010,Sci-Fi,9.8,76 min,Excellent
NF00995,Movie,995,UK,2006,Drama,5.9,72 min,Good
NF00996,Movie,996,Japan,2000,Thriller,5.7,179 min,Average
NF00997,Movie,997,UK,2010,Drama,6.9,144 min,Average
NF00998,Movie,998,UK,2011,Action,9.3,109 min,Excellent
NF00999,Movie,999,India,2020,Action,9.7,65 min,Excellent
NF01000,Movie,1000,India,1990,Thriller,8.1,124 min,Excellent
NF01001,TV Show,1001,South Korea,2010,Thriller,8.8,2 Seasons,Excellent
NF01002,TV Show,1002,UK,2002,Sci-Fi,6.1,9 Seasons,Good
NF01003,TV Show,1003,India,1986,Action,5,7 Seasons,Average
NF01004,Movie,1004,USA,2020,Drama,7.7,177 min,Average
NF01005,Movie,1005,Canada,2015,Sci-Fi,5,64 min,Good
NF01006,Movie,1006,USA,1993,Comedy,9.7,68 min,Excellent
NF01007,Movie,1007,South Korea,1981,Action,6.5,130 min,Good
NF01008,TV Show,1008,India,2022,Action,6.8,2 Seasons,Average
NF01009,Movie,1009,USA,1998,Comedy,9.6,174 min,Excellent
NF01010,Movie,1010,South Korea,1989,Thriller,8.9,67 min,Excellent
NF01011,TV Show,1011,Canada,1986,Action,8.9,3 Seasons,Excellent
NF01012,TV Show,1012,USA,1983,Action,7.4,2 Seasons,Good
NF01013,TV Show,1013,India,1981,Drama,9,5 Seasons,Excellent
NF01014,TV Show,1014,India,2022,Romance,9.6,7 Seasons,Excellent
NF01015,Movie,1015,Canada,2009,Action,5.6,67 min,Good
NF01016,TV Show,1016,USA,2002,Comedy,9,4 Seasons,Excellent
NF01017,Movie,1017,South Korea,2012,Romance,8.9,124 min,Excellent
NF01018,Movie,1018,UK,2012,Sci-Fi,6.5,73 min,Good
NF01019,Movie,1019,Canada,2009,Romance,5.6,160 min,Average
NF01020,Movie,1020,Japan,2012,Sci-Fi,9.6,62 min,Excellent
NF01021,Movie,1021,UK,2005,Action,8.2,98 min,Excellent
NF01022,TV Show,1022,UK,2021,Thriller,6.7,6 Seasons,Good
NF01023,Movie,1023,Japan,2015,Comedy,9.3,116 min,Excellent
NF01024,TV Show,1024,South Korea,1994,Romance,7.5,1 Seasons,Good
NF01025,TV Show,1025,South Korea,1987,Action,8.4,2 Seasons,Excellent
NF01026,Movie,1026,South Korea,1994,Thriller,8.9,82 min,Excellent
NF01027,Movie,1027,Japan,2022,Comedy,5.8,154 min,Good
NF01028,TV Show,1028,Japan,2016,Action,7.9,7 Seasons,Average
NF01029,TV Show,1029,USA,1993,Thriller,8.9,3 Seasons,Excellent
NF01030,TV Show,1030,India,2024,Comedy,7.4,10 Seasons,Good
NF01031,TV Show,1031,UK,1989,Sci-Fi,7.5,5 Seasons,Good
NF01032,Movie,1032,South Korea,1983,Comedy,7,90 min,Good
NF01033,TV Show,1033,Canada,2008,Drama,8.5,2 Seasons,Excellent
NF01034,TV Show,1034,USA,2018,Action,5.6,6 Seasons,Good
NF01035,TV Show,1035,South Korea,1980,Comedy,5,7 Seasons,Average
NF01036,TV Show,1036,Canada,1995,Sci-Fi,6,7 Seasons,Average
NF01037,Movie,1037,India,2014,Action,8.3,83 min,Excellent
NF01038,TV Show,1038,UK,1992,Drama,7.4,3 Seasons,Good
NF01039,TV Show,1039,Canada,1996,Romance,7.5,10 Seasons,Good
NF01040,TV Show,1040,USA,2007,Sci-Fi,9.3,4 Seasons,Excellent
NF01041,TV Show,1041,UK,2018,Comedy,7.8,9 Seasons,Good
NF01042,TV Show,1042,Canada,2026,Thriller,7.9,8 Seasons,Good
NF01043,Movie,1043,UK,2004,Action,9.5,148 min,Excellent
NF01044,Movie,1044,South Korea,2020,Romance,9.2,167 min,Excellent
NF01045,TV Show,1045,Japan,1988,Action,9.1,7 Seasons,Excellent
NF01046,Movie,1046,UK,1986,Action,6,102 min,Good
NF01047,Movie,1047,India,2013,Comedy,6.9,65 min,Average
NF01048,Movie,1048,India,2002,Thriller,8.7,128 min,Excellent
NF01049,TV Show,1049,South Korea,1997,Sci-Fi,5.8,8 Seasons,Good
NF01050,Movie,1050,Canada,2020,Drama,9.4,173 min,Excellent
NF01051,Movie,1051,Japan,2002,Action,9.7,109 min,Excellent
NF01052,TV Show,1052,Canada,2013,Action,8.2,5 Seasons,Excellent
NF01053,Movie,1053,India,2023,Drama,9,104 min,Excellent
NF01054,TV Show,1054,Japan,1986,Action,7.8,5 Seasons,Good
NF01055,Movie,1055,USA,1993,Thriller,5.6,90 min,Good
NF01056,Movie,1056,Japan,2002,Drama,9.3,98 min,Excellent
NF01057,TV Show,1057,USA,2006,Drama,6.4,6 Seasons,Good
NF01058,TV Show,1058,India,1992,Sci-Fi,5.1,3 Seasons,Average
NF01059,TV Show,1059,UK,1985,Action,8.7,7 Seasons,Excellent
NF01060,Movie,1060,India,1996,Action,6.9,164 min,Good
NF01061,TV Show,1061,Canada,2016,Drama,5.2,8 Seasons,Average
NF01062,TV Show,1062,South Korea,2005,Sci-Fi,7.6,10 Seasons,Average
NF01063,TV Show,1063,India,2003,Action,8.2,8 Seasons,Excellent
NF01064,Movie,1064,Japan,2010,Action,6,88 min,Good
NF01065,TV Show,1065,USA,2013,Sci-Fi,6.2,7 Seasons,Average
NF01066,TV Show,1066,India,2005,Action,9.4,1 Seasons,Excellent
NF01067,TV Show,1067,Canada,2004,Comedy,7.3,7 Seasons,Good
NF01068,TV Show,1068,UK,1996,Romance,8.2,6 Seasons,Excellent
NF01069,TV Show,1069,USA,2025,Drama,6.8,2 Seasons,Good
NF01070,TV Show,1070,UK,2004,Comedy,9.4,1 Seasons,Excellent
NF01071,Movie,1071,South Korea,1999,Romance,5.4,148 min,Good
NF01072,TV Show,1072,Japan,1985,Romance,6.9,6 Seasons,Average
NF01073,TV Show,1073,Japan,2014,Drama,8,1 Seasons,Excellent
NF01074,Movie,1074,South Korea,1985,Action,9.1,127 min,Excellent
NF01075,TV Show,1075,Canada,2008,Thriller,9.3,7 Seasons,Excellent
NF01076,Movie,1076,India,2024,Action,5.8,93 min,Good
NF01077,Movie,1077,USA,1984,Sci-Fi,5,89 min,Average
NF01078,TV Show,1078,Canada,1995,Action,7.6,9 Seasons,Average
NF01079,TV Show,1079,India,1990,Sci-Fi,7,4 Seasons,Good
NF01080,Movie,1080,UK,1994,Comedy,7.5,85 min,Good
NF01081,Movie,1081,South Korea,1992,Romance,8.5,164 min,Excellent
NF01082,TV Show,1082,Canada,2019,Action,7.7,1 Seasons,Good
NF01083,TV Show,1083,UK,2003,Sci-Fi,8,5 Seasons,Excellent
NF01084,Movie,1084,India,2012,Drama,9.8,111 min,Excellent
NF01085,TV Show,1085,Japan,2011,Action,6.6,9 Seasons,Good
NF01086,TV Show,1086,South Korea,1980,Sci-Fi,8.8,10 Seasons,Excellent
NF01087,Movie,1087,USA,1988,Action,9.1,150 min,Excellent
NF01088,Movie,1088,South Korea,1995,Thriller,7.7,115 min,Good
NF01089,TV Show,1089,Japan,1981,Drama,7.7,8 Seasons,Good
NF01090,TV Show,1090,UK,2000,Romance,7.9,9 Seasons,Good
NF01091,Movie,1091,USA,2018,Sci-Fi,5.9,88 min,Good
NF01092,TV Show,1092,Japan,1992,Romance,7.4,10 Seasons,Average
NF01093,TV Show,1093,Japan,1984,Sci-Fi,5.4,3 Seasons,Good
NF01094,TV Show,1094,USA,2000,Romance,7,8 Seasons,Average
NF01095,TV Show,1095,Japan,2010,Romance,7.8,7 Seasons,Good
NF01096,Movie,1096,Canada,1999,Sci-Fi,7.7,69 min,Good
NF01097,TV Show,1097,Japan,1985,Romance,6.7,6 Seasons,Good
NF01098,Movie,1098,India,1981,Comedy,7.6,138 min,Average
NF01099,TV Show,1099,USA,2016,Drama,8,9 Seasons,Excellent
NF01100,TV Show,1100,India,1990,Action,9.6,10 Seasons,Excellent
NF01101,Movie,1101,South Korea,1990,Action,6.4,165 min,Good
NF01102,Movie,1102,India,1982,Comedy,8.3,83 min,Excellent
NF01103,Movie,1103,Japan,2004,Action,9.6,169 min,Excellent
NF01104,Movie,1104,UK,2006,Comedy,5.7,61 min,Good
NF01105,TV Show,1105,Japan,2016,Romance,5.2,9 Seasons,Average
NF01106,Movie,1106,USA,1990,Romance,7,108 min,Average
NF01107,TV Show,1107,UK,1988,Romance,8.2,4 Seasons,Excellent
NF01108,TV Show,1108,USA,1985,Romance,5.8,1 Seasons,Good
NF01109,TV Show,1109,South Korea,2006,Sci-Fi,5.2,3 Seasons,Average
NF01110,TV Show,1110,Canada,1985,Thriller,9.1,10 Seasons,Excellent
NF01111,TV Show,1111,India,2008,Drama,5.5,8 Seasons,Good
NF01112,Movie,1112,Canada,2026,Sci-Fi,9.1,74 min,Excellent
NF01113,Movie,1113,South Korea,2000,Romance,7.1,115 min,Good
NF01114,Movie,1114,Japan,1999,Comedy,8,167 min,Excellent
NF01115,TV Show,1115,Japan,2007,Drama,5.8,8 Seasons,Good
NF01116,Movie,1116,Japan,2000,Sci-Fi,9.6,149 min,Excellent
NF01117,Movie,1117,USA,2016,Thriller,7.8,133 min,Good
NF01118,TV Show,1118,India,1993,Romance,6.1,6 Seasons,Good
NF01119,Movie,1119,USA,1987,Comedy,5.1,179 min,Average
NF01120,TV Show,1120,USA,2015,Action,8.4,3 Seasons,Excellent
NF01121,Movie,1121,USA,1997,Drama,5.7,62 min,Good
NF01122,Movie,1122,South Korea,2002,Comedy,5.6,115 min,Average
NF01123,TV Show,1123,Japan,2003,Drama,7.6,2 Seasons,Average
NF01124,TV Show,1124,USA,2019,Action,9.3,4 Seasons,Excellent
NF01125,Movie,1125,USA,2017,Thriller,7.6,131 min,Good
NF01126,Movie,1126,Canada,2020,Drama,5.9,167 min,Good
NF01127,TV Show,1127,UK,1985,Comedy,9.4,5 Seasons,Excellent
NF01128,TV Show,1128,South Korea,2020,Romance,5.3,4 Seasons,Good
NF01129,TV Show,1129,South Korea,1990,Sci-Fi,8,2 Seasons,Excellent
NF01130,Movie,1130,Japan,2017,Sci-Fi,8.2,175 min,Excellent
NF01131,TV Show,1131,UK,1988,Sci-Fi,5.2,4 Seasons,Good
NF01132,TV Show,1132,India,1989,Comedy,9.7,3 Seasons,Excellent
NF01133,TV Show,1133,Canada,1995,Action,8.1,8 Seasons,Excellent
NF01134,TV Show,1134,UK,1998,Comedy,9.1,3 Seasons,Excellent
NF01135,TV Show,1135,Japan,2024,Drama,7.6,7 Seasons,Good
NF01136,TV Show,1136,South Korea,2003,Thriller,6.6,8 Seasons,Good
NF01137,Movie,1137,USA,1981,Comedy,5.9,119 min,Average
NF01138,TV Show,1138,India,1982,Romance,5.2,7 Seasons,Average
NF01139,TV Show,1139,USA,1982,Sci-Fi,5.6,9 Seasons,Average
NF01140,Movie,1140,Japan,1986,Thriller,8.6,140 min,Excellent
NF01141,TV Show,1141,South Korea,2020,Action,6.8,5 Seasons,Good
NF01142,TV Show,1142,UK,2020,Romance,5.2,5 Seasons,Average
NF01143,TV Show,1143,Japan,1980,Thriller,8.7,8 Seasons,Excellent
NF01144,Movie,1144,UK,2025,Comedy,7.5,154 min,Good
NF01145,TV Show,1145,Canada,1999,Drama,7,2 Seasons,Good
NF01146,TV Show,1146,Canada,1986,Romance,9.8,6 Seasons,Excellent
NF01147,TV Show,1147,Japan,2002,Drama,6.7,2 Seasons,Good
NF01148,TV Show,1148,India,1997,Sci-Fi,7.1,5 Seasons,Average
NF01149,TV Show,1149,USA,2002,Sci-Fi,9.6,10 Seasons,Excellent
NF01150,TV Show,1150,Japan,1987,Drama,5.7,1 Seasons,Good
NF01151,TV Show,1151,Canada,2021,Romance,7.4,7 Seasons,Average
NF01152,TV Show,1152,UK,2026,Action,7.5,9 Seasons,Good
NF01153,Movie,1153,Japan,2005,Drama,8.1,158 min,Excellent
NF01154,TV Show,1154,India,2000,Romance,6.3,3 Seasons,Good
NF01155,Movie,1155,Japan,2010,Romance,9.5,114 min,Excellent
NF01156,TV Show,1156,India,1988,Thriller,7.9,1 Seasons,Good
NF01157,TV Show,1157,India,2015,Comedy,6.4,2 Seasons,Good
NF01158,Movie,1158,Canada,2025,Thriller,5.5,79 min,Average
NF01159,Movie,1159,Japan,2007,Drama,9.3,171 min,Excellent
NF01160,Movie,1160,USA,2013,Sci-Fi,8.6,148 min,Excellent
NF01161,TV Show,1161,India,2015,Drama,8.9,8 Seasons,Excellent
NF01162,Movie,1162,South Korea,2015,Thriller,8.2,62 min,Excellent
NF01163,Movie,1163,USA,2023,Comedy,9.2,133 min,Excellent
NF01164,TV Show,1164,UK,1998,Thriller,5,10 Seasons,Good
NF01165,Movie,1165,Canada,2000,Thriller,9.3,111 min,Excellent
NF01166,TV Show,1166,UK,2001,Romance,6.7,3 Seasons,Good
NF01167,Movie,1167,Japan,2022,Thriller,8.6,173 min,Excellent
NF01168,TV Show,1168,Japan,2016,Thriller,8.3,8 Seasons,Excellent
NF01169,TV Show,1169,Japan,2013,Comedy,5.6,9 Seasons,Good
NF01170,Movie,1170,Canada,2008,Action,9.1,76 min,Excellent
NF01171,TV Show,1171,South Korea,2011,Sci-Fi,9.3,1 Seasons,Excellent
NF01172,TV Show,1172,USA,1986,Action,6.3,2 Seasons,Good
NF01173,TV Show,1173,USA,1997,Comedy,8.5,4 Seasons,Excellent
NF01174,Movie,1174,Canada,2014,Thriller,8.2,107 min,Excellent
NF01175,TV Show,1175,South Korea,2017,Comedy,9.3,1 Seasons,Excellent
NF01176,Movie,1176,India,2013,Drama,7,130 min,Good
NF01177,Movie,1177,UK,1995,Thriller,6,86 min,Good
NF01178,Movie,1178,South Korea,2022,Action,5.9,174 min,Average
NF01179,Movie,1179,USA,2008,Drama,6.2,176 min,Average
NF01180,Movie,1180,Japan,1988,Thriller,5.5,149 min,Average
NF01181,Movie,1181,India,2019,Drama,6.8,103 min,Average
NF01182,TV Show,1182,UK,2025,Romance,7.2,4 Seasons,Average
NF01183,Movie,1183,UK,2022,Romance,8.8,128 min,Excellent
NF01184,TV Show,1184,India,1982,Comedy,8.5,8 Seasons,Excellent
NF01185,Movie,1185,Japan,1981,Sci-Fi,8.2,177 min,Excellent
NF01186,Movie,1186,South Korea,2026,Thriller,5.8,166 min,Good
NF01187,TV Show,1187,Japan,2002,Sci-Fi,8.2,2 Seasons,Excellent
NF01188,Movie,1188,Canada,2020,Action,6.1,145 min,Good
NF01189,TV Show,1189,Japan,2013,Action,5.6,3 Seasons,Average
NF01190,Movie,1190,South Korea,1997,Drama,8,113 min,Excellent
NF01191,TV Show,1191,USA,1988,Comedy,5.4,1 Seasons,Good
NF01192,Movie,1192,UK,2008,Sci-Fi,7.3,122 min,Average
NF01193,TV Show,1193,India,2003,Drama,8.4,3 Seasons,Excellent
NF01194,TV Show,1194,Canada,2010,Action,6.9,4 Seasons,Good
NF01195,Movie,1195,USA,1989,Comedy,6.7,114 min,Average
NF01196,Movie,1196,Canada,1998,Action,8.5,87 min,Excellent
NF01197,Movie,1197,India,1987,Thriller,5.2,165 min,Good
NF01198,TV Show,1198,India,1995,Romance,8.1,4 Seasons,Excellent
NF01199,TV Show,1199,UK,2011,Thriller,9.8,3 Seasons,Excellent
NF01200,Movie,1200,UK,2022,Thriller,6.5,127 min,Good
NF01201,Movie,1201,Japan,1981,Thriller,9.5,145 min,Excellent
NF01202,TV Show,1202,South Korea,2013,Sci-Fi,6.5,7 Seasons,Good
NF01203,Movie,1203,Japan,2011,Thriller,9.8,97 min,Excellent
NF01204,TV Show,1204,South Korea,2026,Sci-Fi,8,3 Seasons,Excellent
NF01205,Movie,1205,USA,1981,Action,9.5,126 min,Excellent
NF01206,Movie,1206,South Korea,1986,Action,8.6,160 min,Excellent
NF01207,TV Show,1207,Japan,1987,Action,7.3,3 Seasons,Good
NF01208,Movie,1208,UK,2002,Comedy,5.6,105 min,Good
NF01209,Movie,1209,UK,1981,Comedy,8,134 min,Excellent
NF01210,TV Show,1210,Japan,2011,Comedy,8.5,8 Seasons,Excellent
NF01211,TV Show,1211,Japan,2021,Drama,7.4,9 Seasons,Good
NF01212,Movie,1212,Japan,2008,Action,6.8,104 min,Good
NF01213,Movie,1213,Canada,2025,Action,9.3,179 min,Excellent
NF01214,TV Show,1214,UK,1982,Romance,6.8,4 Seasons,Good
NF01215,Movie,1215,India,2013,Drama,8.4,138 min,Excellent
NF01216,TV Show,1216,India,2018,Comedy,7.4,9 Seasons,Good
NF01217,TV Show,1217,India,2005,Thriller,7.2,8 Seasons,Good
NF01218,Movie,1218,India,2012,Drama,7.7,89 min,Good
NF01219,TV Show,1219,Canada,2001,Thriller,7.9,6 Seasons,Good
NF01220,TV Show,1220,Canada,1999,Sci-Fi,8.5,9 Seasons,Excellent
NF01221,Movie,1221,South Korea,1999,Comedy,8.5,114 min,Excellent
NF01222,Movie,1222,Canada,1980,Comedy,7.5,85 min,Good
NF01223,Movie,1223,India,1993,Thriller,9.6,163 min,Excellent
NF01224,TV Show,1224,USA,1984,Thriller,9.8,5 Seasons,Excellent
NF01225,TV Show,1225,USA,1994,Thriller,6.5,7 Seasons,Good
NF01226,TV Show,1226,USA,1984,Sci-Fi,7.6,9 Seasons,Average
NF01227,TV Show,1227,USA,1984,Sci-Fi,7.7,4 Seasons,Good
NF01228,Movie,1228,Canada,2021,Drama,8.1,84 min,Excellent
NF01229,Movie,1229,Japan,1980,Drama,6,154 min,Good
NF01230,Movie,1230,UK,1980,Comedy,5.9,78 min,Average
NF01231,TV Show,1231,Canada,1986,Thriller,5.1,5 Seasons,Average
NF01232,Movie,1232,Japan,2002,Romance,9.4,63 min,Excellent
NF01233,Movie,1233,USA,2016,Sci-Fi,7.1,109 min,Good
NF01234,TV Show,1234,USA,2013,Sci-Fi,5.1,2 Seasons,Good
NF01235,TV Show,1235,USA,2001,Action,9.1,7 Seasons,Excellent
NF01236,Movie,1236,South Korea,2009,Romance,5.7,171 min,Good
NF01237,Movie,1237,South Korea,2018,Drama,8.5,166 min,Excellent
NF01238,Movie,1238,UK,1994,Comedy,5,113 min,Good
NF01239,TV Show,1239,UK,2010,Comedy,8.6,10 Seasons,Excellent
NF01240,TV Show,1240,Japan,1991,Comedy,6.7,5 Seasons,Good
NF01241,TV Show,1241,USA,2011,Action,5.2,3 Seasons,Average
NF01242,Movie,1242,South Korea,2013,Action,7.9,145 min,Average
NF01243,TV Show,1243,South Korea,1988,Drama,7.6,8 Seasons,Good
NF01244,TV Show,1244,Japan,1982,Romance,6.2,3 Seasons,Good
NF01245,Movie,1245,Canada,1995,Thriller,8.3,85 min,Excellent
NF01246,Movie,1246,UK,1983,Romance,5,149 min,Good
NF01247,TV Show,1247,South Korea,2016,Drama,7.7,4 Seasons,Average
NF01248,TV Show,1248,Japan,2019,Thriller,8,2 Seasons,Excellent
NF01249,TV Show,1249,South Korea,2013,Sci-Fi,9.1,2 Seasons,Excellent
NF01250,Movie,1250,UK,2001,Romance,8.3,142 min,Excellent
NF01251,TV Show,1251,South Korea,1989,Romance,6.9,9 Seasons,Good
NF01252,Movie,1252,Canada,2006,Drama,7.7,177 min,Average
NF01253,TV Show,1253,India,2001,Comedy,9.7,3 Seasons,Excellent
NF01254,Movie,1254,Canada,1984,Sci-Fi,6.8,161 min,Good
NF01255,TV Show,1255,Japan,1988,Drama,5.1,10 Seasons,Average
NF01256,Movie,1256,Canada,2008,Action,9,87 min,Excellent
NF01257,TV Show,1257,Japan,2015,Drama,7.8,10 Seasons,Good
NF01258,Movie,1258,USA,2009,Romance,8.6,117 min,Excellent
NF01259,TV Show,1259,Canada,2020,Action,5.6,10 Seasons,Good
NF01260,Movie,1260,India,1992,Sci-Fi,7.7,102 min,Average
NF01261,TV Show,1261,South Korea,1981,Drama,6.2,9 Seasons,Good
NF01262,Movie,1262,South Korea,2015,Drama,7.2,73 min,Average
NF01263,TV Show,1263,India,1982,Romance,9.2,2 Seasons,Excellent
NF01264,TV Show,1264,India,1987,Action,9.8,8 Seasons,Excellent
NF01265,TV Show,1265,Japan,2023,Comedy,8.6,7 Seasons,Excellent
NF01266,Movie,1266,Canada,1988,Thriller,8,84 min,Excellent
NF01267,TV Show,1267,India,2009,Drama,9.6,7 Seasons,Excellent
NF01268,Movie,1268,USA,1996,Sci-Fi,6.5,144 min,Good
NF01269,Movie,1269,UK,2009,Romance,9.1,139 min,Excellent
NF01270,TV Show,1270,India,2001,Comedy,8.4,1 Seasons,Excellent
NF01271,Movie,1271,USA,1993,Drama,9.5,149 min,Excellent
NF01272,TV Show,1272,Canada,2015,Drama,6,1 Seasons,Good
NF01273,Movie,1273,Japan,2000,Thriller,9.2,102 min,Excellent
NF01274,TV Show,1274,UK,2015,Sci-Fi,5.5,3 Seasons,Good
NF01275,Movie,1275,India,1983,Action,6.7,167 min,Average
NF01276,TV Show,1276,South Korea,1983,Comedy,8.8,5 Seasons,Excellent
NF01277,Movie,1277,USA,2021,Romance,6.5,98 min,Good
NF01278,Movie,1278,Canada,1997,Drama,5.6,166 min,Average
NF01279,TV Show,1279,India,1987,Romance,7.1,7 Seasons,Average
NF01280,Movie,1280,South Korea,1997,Action,7.3,140 min,Good
NF01281,Movie,1281,Canada,2014,Thriller,5,175 min,Good
NF01282,TV Show,1282,South Korea,2022,Sci-Fi,9.7,5 Seasons,Excellent
NF01283,TV Show,1283,India,2023,Drama,9.6,9 Seasons,Excellent
NF01284,TV Show,1284,South Korea,1997,Sci-Fi,7.7,1 Seasons,Good
NF01285,Movie,1285,UK,1987,Action,7.9,104 min,Good
NF01286,TV Show,1286,Canada,2025,Romance,8.2,8 Seasons,Excellent
NF01287,TV Show,1287,UK,1992,Romance,7.5,6 Seasons,Good
NF01288,TV Show,1288,Japan,2022,Action,9.7,1 Seasons,Excellent
NF01289,Movie,1289,South Korea,1987,Action,5.5,170 min,Good
NF01290,Movie,1290,India,1986,Thriller,9.3,101 min,Excellent
NF01291,TV Show,1291,South Korea,1996,Thriller,9.5,10 Seasons,Excellent
NF01292,Movie,1292,UK,1998,Comedy,9.8,115 min,Excellent
NF01293,Movie,1293,USA,1980,Romance,6,65 min,Good
NF01294,TV Show,1294,UK,2011,Sci-Fi,5.1,3 Seasons,Average
NF01295,TV Show,1295,South Korea,1991,Drama,7.7,1 Seasons,Average
NF01296,TV Show,1296,UK,1982,Drama,6.1,9 Seasons,Good
NF01297,Movie,1297,South Korea,2010,Action,7.1,94 min,Average
NF01298,Movie,1298,Canada,2023,Drama,8.3,139 min,Excellent
NF01299,TV Show,1299,India,1992,Comedy,8,10 Seasons,Excellent
NF01300,TV Show,1300,UK,1984,Thriller,7.8,4 Seasons,Good
NF01301,TV Show,1301,Canada,1994,Drama,6.2,1 Seasons,Good
NF01302,TV Show,1302,South Korea,1990,Romance,6.6,1 Seasons,Average
NF01303,TV Show,1303,South Korea,1996,Thriller,5.1,5 Seasons,Average
NF01304,Movie,1304,Japan,2012,Action,8.5,121 min,Excellent
NF01305,Movie,1305,Canada,2000,Drama,9.6,97 min,Excellent
NF01306,Movie,1306,India,1982,Sci-Fi,5.1,100 min,Good
NF01307,TV Show,1307,Canada,1999,Romance,5,3 Seasons,Average
NF01308,TV Show,1308,USA,2008,Action,6,4 Seasons,Average
NF01309,Movie,1309,India,1987,Drama,8.2,97 min,Excellent
NF01310,TV Show,1310,South Korea,2006,Thriller,5.4,3 Seasons,Good
NF01311,TV Show,1311,India,2002,Romance,9.2,8 Seasons,Excellent
NF01312,Movie,1312,South Korea,2019,Comedy,8.7,105 min,Excellent
NF01313,Movie,1313,Canada,1991,Action,8.8,171 min,Excellent
NF01314,Movie,1314,USA,2005,Action,5.1,174 min,Good
NF01315,TV Show,1315,India,2017,Thriller,8.3,10 Seasons,Excellent
NF01316,Movie,1316,India,2019,Action,6.7,164 min,Good
NF01317,Movie,1317,Canada,2023,Thriller,8.4,69 min,Excellent
NF01318,TV Show,1318,Japan,1980,Drama,7.2,8 Seasons,Good
NF01319,TV Show,1319,South Korea,1987,Sci-Fi,9.8,5 Seasons,Excellent
NF01320,Movie,1320,USA,2024,Sci-Fi,6.1,163 min,Good
NF01321,Movie,1321,UK,2002,Action,6.8,101 min,Average
NF01322,Movie,1322,South Korea,2021,Sci-Fi,8,64 min,Excellent
NF01323,TV Show,1323,Canada,1995,Romance,8.5,1 Seasons,Excellent
NF01324,TV Show,1324,UK,2014,Drama,8,9 Seasons,Excellent
NF01325,TV Show,1325,USA,1980,Comedy,6.2,6 Seasons,Good
NF01326,TV Show,1326,UK,2011,Comedy,6.9,1 Seasons,Average
NF01327,TV Show,1327,Canada,1990,Comedy,8.8,2 Seasons,Excellent
NF01328,Movie,1328,India,2024,Drama,8.9,111 min,Excellent
NF01329,Movie,1329,UK,2002,Sci-Fi,5.9,110 min,Good
NF01330,Movie,1330,Canada,1980,Comedy,7.7,106 min,Average
NF01331,Movie,1331,Canada,2025,Romance,7.6,173 min,Good
NF01332,Movie,1332,India,2006,Sci-Fi,7.7,150 min,Good
NF01333,TV Show,1333,Canada,1985,Comedy,8.4,8 Seasons,Excellent
NF01334,TV Show,1334,Canada,1992,Sci-Fi,6.2,3 Seasons,Good
NF01335,Movie,1335,UK,2006,Thriller,8.4,163 min,Excellent
NF01336,TV Show,1336,South Korea,2014,Thriller,5.4,9 Seasons,Good
NF01337,TV Show,1337,UK,2024,Action,7.5,4 Seasons,Average
NF01338,Movie,1338,UK,2001,Thriller,8.7,152 min,Excellent
NF01339,TV Show,1339,India,1995,Sci-Fi,8.9,4 Seasons,Excellent
NF01340,Movie,1340,Canada,2005,Sci-Fi,6.9,91 min,Good
NF01341,Movie,1341,Japan,1991,Comedy,5.3,158 min,Average
NF01342,TV Show,1342,UK,2023,Comedy,7.4,4 Seasons,Average
NF01343,Movie,1343,USA,2003,Romance,5.5,161 min,Good
NF01344,TV Show,1344,UK,1996,Sci-Fi,8.4,1 Seasons,Excellent
NF01345,Movie,1345,Japan,1992,Comedy,6.9,113 min,Good
NF01346,TV Show,1346,UK,1985,Drama,6,5 Seasons,Average
NF01347,Movie,1347,USA,1987,Sci-Fi,7.6,174 min,Average
NF01348,TV Show,1348,India,1997,Drama,5,8 Seasons,Good
NF01349,TV Show,1349,India,2017,Romance,9.2,5 Seasons,Excellent
NF01350,Movie,1350,USA,2007,Sci-Fi,7.6,93 min,Good
NF01351,TV Show,1351,USA,1993,Drama,7.1,2 Seasons,Good
NF01352,TV Show,1352,Canada,2005,Thriller,7,2 Seasons,Good
NF01353,TV Show,1353,UK,1980,Thriller,5.1,2 Seasons,Good
NF01354,TV Show,1354,USA,2005,Action,9.1,1 Seasons,Excellent
NF01355,TV Show,1355,India,2012,Romance,5.4,10 Seasons,Good
NF01356,Movie,1356,USA,2000,Thriller,5,127 min,Average
NF01357,TV Show,1357,Canada,2006,Comedy,8.4,6 Seasons,Excellent
NF01358,TV Show,1358,India,2017,Romance,6.9,3 Seasons,Good
NF01359,Movie,1359,India,2025,Drama,8.4,67 min,Excellent
NF01360,Movie,1360,Japan,1995,Sci-Fi,6.2,150 min,Good
NF01361,TV Show,1361,USA,2009,Drama,7.9,10 Seasons,Average
NF01362,Movie,1362,India,2025,Action,9.7,78 min,Excellent
NF01363,TV Show,1363,UK,1999,Comedy,9.8,8 Seasons,Excellent
NF01364,TV Show,1364,USA,1988,Drama,9.7,6 Seasons,Excellent
NF01365,Movie,1365,Canada,1986,Sci-Fi,9.2,90 min,Excellent
NF01366,TV Show,1366,Canada,1994,Comedy,8.7,3 Seasons,Excellent
NF01367,TV Show,1367,India,2020,Action,7.5,10 Seasons,Good
NF01368,Movie,1368,Canada,1988,Romance,6.4,96 min,Good
NF01369,Movie,1369,USA,2014,Action,7.1,106 min,Average
NF01370,Movie,1370,Japan,1984,Thriller,6.6,128 min,Good
NF01371,TV Show,1371,USA,1998,Comedy,9.3,1 Seasons,Excellent
NF01372,TV Show,1372,Canada,2016,Sci-Fi,9,1 Seasons,Excellent
NF01373,Movie,1373,UK,2015,Sci-Fi,7.6,131 min,Good
NF01374,TV Show,1374,Canada,1997,Comedy,9.8,2 Seasons,Excellent
NF01375,Movie,1375,UK,2016,Thriller,5.5,127 min,Good
NF01376,Movie,1376,Japan,2017,Comedy,7.1,87 min,Average
NF01377,TV Show,1377,UK,2010,Action,6,2 Seasons,Good
NF01378,TV Show,1378,Canada,1986,Thriller,6.9,1 Seasons,Average
NF01379,TV Show,1379,Canada,2004,Romance,8.1,9 Seasons,Excellent
NF01380,Movie,1380,Canada,1994,Action,7,72 min,Good
NF01381,Movie,1381,UK,2004,Romance,6.8,69 min,Good
NF01382,Movie,1382,USA,2013,Romance,6.3,142 min,Average
NF01383,TV Show,1383,Japan,1988,Thriller,8.1,10 Seasons,Excellent
NF01384,TV Show,1384,Canada,1996,Thriller,7.7,4 Seasons,Good
NF01385,Movie,1385,Japan,2018,Thriller,7.6,178 min,Good
NF01386,Movie,1386,USA,1987,Sci-Fi,8.2,125 min,Excellent
NF01387,Movie,1387,UK,2012,Thriller,9.1,85 min,Excellent
NF01388,Movie,1388,South Korea,1990,Romance,6.1,111 min,Good
NF01389,TV Show,1389,South Korea,1985,Drama,7.8,5 Seasons,Average
NF01390,Movie,1390,India,2012,Drama,8.8,141 min,Excellent
NF01391,Movie,1391,Canada,2006,Sci-Fi,7.4,112 min,Good
NF01392,Movie,1392,India,2021,Comedy,8.7,127 min,Excellent
NF01393,Movie,1393,Japan,2012,Action,8,120 min,Excellent
NF01394,TV Show,1394,USA,2003,Action,8.4,6 Seasons,Excellent
NF01395,Movie,1395,UK,2000,Comedy,7.7,124 min,Good
NF01396,TV Show,1396,USA,2000,Action,6,3 Seasons,Good
NF01397,Movie,1397,Canada,2016,Drama,6.5,65 min,Average
NF01398,Movie,1398,Japan,2001,Thriller,6.6,65 min,Average
NF01399,Movie,1399,Japan,2010,Thriller,8.8,65 min,Excellent
NF01400,Movie,1400,UK,1982,Sci-Fi,5.3,138 min,Good
NF01401,TV Show,1401,USA,2022,Thriller,5.3,9 Seasons,Average
NF01402,TV Show,1402,USA,2025,Drama,5.4,4 Seasons,Average
NF01403,TV Show,1403,UK,2019,Sci-Fi,6,8 Seasons,Average
NF01404,TV Show,1404,South Korea,2018,Action,7.2,6 Seasons,Average
NF01405,TV Show,1405,USA,2015,Drama,9.3,3 Seasons,Excellent
NF01406,TV Show,1406,USA,2015,Romance,6.9,2 Seasons,Good
NF01407,Movie,1407,UK,1989,Romance,5.7,91 min,Average
NF01408,TV Show,1408,Canada,1992,Action,7.8,8 Seasons,Average
NF01409,TV Show,1409,USA,2023,Romance,5.5,6 Seasons,Good
NF01410,TV Show,1410,India,2018,Comedy,8.5,5 Seasons,Excellent
NF01411,Movie,1411,Canada,2016,Sci-Fi,5.6,124 min,Good
NF01412,Movie,1412,USA,1990,Thriller,8.1,123 min,Excellent
NF01413,TV Show,1413,USA,1986,Romance,7.8,9 Seasons,Good
NF01414,TV Show,1414,USA,2018,Sci-Fi,6,2 Seasons,Good
NF01415,TV Show,1415,UK,2014,Drama,6.7,5 Seasons,Average
NF01416,TV Show,1416,India,2000,Thriller,5.5,1 Seasons,Average
NF01417,TV Show,1417,Canada,1998,Sci-Fi,6.5,7 Seasons,Average
NF01418,Movie,1418,Japan,2011,Comedy,6.1,143 min,Average
NF01419,TV Show,1419,South Korea,1986,Drama,7.9,10 Seasons,Average
NF01420,TV Show,1420,USA,1983,Sci-Fi,5.9,4 Seasons,Good
NF01421,TV Show,1421,South Korea,1991,Drama,7.6,9 Seasons,Average
NF01422,Movie,1422,USA,2010,Action,8.6,162 min,Excellent
NF01423,Movie,1423,South Korea,2011,Comedy,7.2,150 min,Good
NF01424,TV Show,1424,South Korea,1984,Sci-Fi,5.5,9 Seasons,Good
NF01425,TV Show,1425,India,2012,Comedy,7.7,6 Seasons,Average
NF01426,Movie,1426,India,1990,Action,9.2,134 min,Excellent
NF01427,TV Show,1427,Japan,2025,Thriller,7,8 Seasons,Good
NF01428,Movie,1428,South Korea,1986,Sci-Fi,7,121 min,Good
NF01429,Movie,1429,USA,1981,Drama,9.4,85 min,Excellent
NF01430,TV Show,1430,USA,1998,Drama,8.9,10 Seasons,Excellent
NF01431,TV Show,1431,India,1989,Romance,7.3,1 Seasons,Good
NF01432,Movie,1432,South Korea,1991,Thriller,6.6,178 min,Good
NF01433,TV Show,1433,UK,2022,Sci-Fi,8.9,4 Seasons,Excellent
NF01434,Movie,1434,India,1990,Sci-Fi,6.6,175 min,Good
NF01435,TV Show,1435,Japan,1997,Thriller,5.8,9 Seasons,Average
NF01436,TV Show,1436,India,1998,Sci-Fi,7.4,1 Seasons,Average
NF01437,Movie,1437,India,1996,Thriller,6.6,153 min,Good
NF01438,Movie,1438,Japan,2015,Action,7.6,144 min,Average
NF01439,TV Show,1439,India,2019,Drama,5.3,3 Seasons,Good
NF01440,TV Show,1440,Japan,1987,Thriller,8,5 Seasons,Excellent
NF01441,TV Show,1441,India,2008,Action,8.1,10 Seasons,Excellent
NF01442,TV Show,1442,USA,1993,Romance,6.7,9 Seasons,Good
NF01443,Movie,1443,USA,1988,Sci-Fi,5.2,94 min,Average
NF01444,TV Show,1444,UK,2016,Sci-Fi,6.5,3 Seasons,Average
NF01445,TV Show,1445,Canada,2006,Drama,7.9,6 Seasons,Average
NF01446,TV Show,1446,South Korea,2002,Sci-Fi,9.3,4 Seasons,Excellent
NF01447,TV Show,1447,UK,2024,Comedy,5.9,5 Seasons,Good
NF01448,Movie,1448,Japan,2022,Sci-Fi,9.4,68 min,Excellent
NF01449,Movie,1449,South Korea,1982,Sci-Fi,8.1,138 min,Excellent
NF01450,Movie,1450,India,2015,Sci-Fi,6.7,83 min,Good
NF01451,TV Show,1451,USA,2013,Thriller,6.1,7 Seasons,Average
NF01452,Movie,1452,Japan,2021,Comedy,5.7,172 min,Average
NF01453,Movie,1453,UK,1983,Comedy,7.8,132 min,Average
NF01454,TV Show,1454,USA,1981,Thriller,8.3,3 Seasons,Excellent
NF01455,Movie,1455,Japan,1980,Sci-Fi,7.5,173 min,Good
NF01456,TV Show,1456,India,2018,Comedy,5.5,3 Seasons,Good
NF01457,TV Show,1457,Canada,1996,Sci-Fi,8.1,8 Seasons,Excellent
NF01458,Movie,1458,UK,2025,Thriller,6.8,105 min,Good
NF01459,TV Show,1459,India,2002,Thriller,7.6,1 Seasons,Average
NF01460,Movie,1460,UK,1989,Drama,9.4,89 min,Excellent
NF01461,TV Show,1461,Canada,2011,Drama,6.7,7 Seasons,Good
NF01462,TV Show,1462,UK,2010,Drama,7.8,4 Seasons,Average
NF01463,Movie,1463,USA,1985,Action,8.4,93 min,Excellent
NF01464,TV Show,1464,UK,1994,Thriller,9.2,8 Seasons,Excellent
NF01465,Movie,1465,USA,1983,Action,8.1,128 min,Excellent
NF01466,Movie,1466,India,1980,Comedy,6.1,176 min,Good
NF01467,Movie,1467,India,1992,Romance,9.7,84 min,Excellent
NF01468,Movie,1468,India,2020,Comedy,7.5,65 min,Good
NF01469,Movie,1469,India,2018,Action,8.9,148 min,Excellent
NF01470,TV Show,1470,USA,2013,Action,7.4,9 Seasons,Good
NF01471,TV Show,1471,Japan,1981,Thriller,6.8,1 Seasons,Good
NF01472,Movie,1472,Japan,2025,Drama,8.4,61 min,Excellent
NF01473,TV Show,1473,Japan,2019,Action,8.5,5 Seasons,Excellent
NF01474,Movie,1474,India,2001,Action,6.6,86 min,Good
NF01475,TV Show,1475,Japan,2015,Drama,6.1,4 Seasons,Average
NF01476,TV Show,1476,India,1994,Romance,7.7,4 Seasons,Average
NF01477,TV Show,1477,South Korea,2001,Sci-Fi,9,2 Seasons,Excellent
NF01478,TV Show,1478,USA,1996,Comedy,9.1,1 Seasons,Excellent
NF01479,TV Show,1479,India,1998,Drama,8.1,9 Seasons,Excellent
NF01480,Movie,1480,Canada,1990,Drama,7.9,86 min,Good
NF01481,TV Show,1481,India,2001,Action,5,3 Seasons,Good
NF01482,Movie,1482,USA,2019,Comedy,5.1,79 min,Average
NF01483,TV Show,1483,USA,2019,Romance,9,3 Seasons,Excellent
NF01484,Movie,1484,USA,2025,Drama,6.5,62 min,Good
NF01485,Movie,1485,South Korea,2017,Sci-Fi,7,146 min,Average
NF01486,TV Show,1486,Japan,2002,Action,5.8,5 Seasons,Good
NF01487,Movie,1487,South Korea,1985,Sci-Fi,5.5,90 min,Average
NF01488,Movie,1488,USA,1983,Romance,5.1,105 min,Average
NF01489,Movie,1489,India,2026,Thriller,7,98 min,Average
NF01490,Movie,1490,Canada,1983,Drama,5.3,137 min,Good
NF01491,Movie,1491,India,2002,Action,7.8,88 min,Average
NF01492,TV Show,1492,India,1980,Comedy,6.7,2 Seasons,Good
NF01493,TV Show,1493,USA,2021,Drama,8,9 Seasons,Excellent
NF01494,TV Show,1494,South Korea,1995,Thriller,6.6,1 Seasons,Good
NF01495,Movie,1495,USA,2017,Sci-Fi,8.9,150 min,Excellent
NF01496,TV Show,1496,Canada,2018,Sci-Fi,9,10 Seasons,Excellent
NF01497,TV Show,1497,Japan,1998,Thriller,9,3 Seasons,Excellent
NF01498,Movie,1498,India,1996,Romance,5.5,149 min,Good
NF01499,Movie,1499,India,1993,Comedy,7.5,169 min,Average
NF01500,Movie,1500,UK,2013,Thriller,6.4,152 min,Good
NF01501,Movie,1501,South Korea,1985,Thriller,5.4,69 min,Average
NF01502,Movie,1502,South Korea,1992,Action,9.7,113 min,Excellent
NF01503,TV Show,1503,USA,1983,Action,9.7,4 Seasons,Excellent
NF01504,Movie,1504,South Korea,2002,Thriller,8.9,172 min,Excellent
NF01505,Movie,1505,South Korea,1981,Drama,6.5,119 min,Good
NF01506,Movie,1506,South Korea,2008,Sci-Fi,5.1,85 min,Average
NF01507,Movie,1507,India,2001,Romance,8.9,96 min,Excellent
NF01508,TV Show,1508,India,2026,Drama,6.2,2 Seasons,Good
NF01509,Movie,1509,UK,2017,Sci-Fi,7,127 min,Average
NF01510,Movie,1510,India,1980,Sci-Fi,8.8,87 min,Excellent
NF01511,Movie,1511,UK,2024,Sci-Fi,6.1,87 min,Good
NF01512,TV Show,1512,UK,2002,Comedy,7.1,6 Seasons,Average
NF01513,TV Show,1513,Canada,2008,Romance,7.5,2 Seasons,Good
NF01514,TV Show,1514,Japan,1996,Romance,8.4,1 Seasons,Excellent
NF01515,Movie,1515,India,2002,Drama,8.6,97 min,Excellent
NF01516,TV Show,1516,India,2024,Action,5.2,9 Seasons,Good
NF01517,Movie,1517,Japan,2000,Romance,7.1,89 min,Average
NF01518,TV Show,1518,UK,2013,Thriller,9,8 Seasons,Excellent
NF01519,TV Show,1519,South Korea,2015,Action,7.2,9 Seasons,Good
NF01520,Movie,1520,UK,2018,Thriller,7.6,177 min,Good
NF01521,Movie,1521,Canada,2009,Drama,6.9,117 min,Good
NF01522,Movie,1522,USA,1990,Action,9.8,154 min,Excellent
NF01523,TV Show,1523,USA,2002,Romance,5.5,8 Seasons,Good
NF01524,Movie,1524,UK,2018,Sci-Fi,6,172 min,Average
NF01525,Movie,1525,South Korea,2012,Sci-Fi,6.6,116 min,Average
NF01526,Movie,1526,Japan,2003,Drama,9.3,136 min,Excellent
NF01527,TV Show,1527,Canada,2019,Romance,5.6,9 Seasons,Good
NF01528,TV Show,1528,UK,2023,Thriller,5,2 Seasons,Average
NF01529,TV Show,1529,UK,2022,Action,7.5,2 Seasons,Average
NF01530,Movie,1530,Japan,2000,Romance,5.9,144 min,Good
NF01531,Movie,1531,India,2020,Comedy,8.5,153 min,Excellent
NF01532,Movie,1532,India,2016,Sci-Fi,7.9,142 min,Good
NF01533,Movie,1533,USA,2022,Comedy,7.7,62 min,Good
NF01534,Movie,1534,UK,1984,Romance,8.8,126 min,Excellent
NF01535,Movie,1535,Japan,2020,Sci-Fi,5.1,121 min,Good
NF01536,Movie,1536,Japan,2014,Drama,5.9,165 min,Average
NF01537,Movie,1537,Canada,2007,Action,6.3,62 min,Average
NF01538,TV Show,1538,UK,1991,Action,5.2,1 Seasons,Average
NF01539,Movie,1539,USA,1989,Thriller,7,90 min,Average
NF01540,Movie,1540,USA,2025,Romance,9.6,71 min,Excellent
NF01541,Movie,1541,South Korea,1987,Sci-Fi,7,116 min,Good
NF01542,Movie,1542,UK,1989,Comedy,9.1,156 min,Excellent
NF01543,TV Show,1543,India,2025,Comedy,9,2 Seasons,Excellent
NF01544,TV Show,1544,USA,2002,Thriller,9.5,2 Seasons,Excellent
NF01545,Movie,1545,UK,2025,Sci-Fi,7.7,96 min,Good
NF01546,TV Show,1546,India,2002,Romance,7,4 Seasons,Good
NF01547,Movie,1547,UK,1985,Comedy,5.3,101 min,Good
NF01548,TV Show,1548,Canada,1989,Sci-Fi,6.4,9 Seasons,Average
NF01549,TV Show,1549,India,1989,Comedy,7.5,3 Seasons,Average
NF01550,Movie,1550,USA,1984,Romance,6.7,85 min,Good
NF01551,Movie,1551,USA,2011,Thriller,7.2,101 min,Average
NF01552,TV Show,1552,South Korea,1994,Drama,8.2,4 Seasons,Excellent
NF01553,Movie,1553,South Korea,2014,Sci-Fi,6.3,122 min,Good
NF01554,TV Show,1554,UK,2008,Romance,7.9,2 Seasons,Average
NF01555,TV Show,1555,South Korea,1991,Drama,8.1,7 Seasons,Excellent
NF01556,TV Show,1556,South Korea,2016,Action,8.6,6 Seasons,Excellent
NF01557,TV Show,1557,USA,2021,Thriller,5.7,6 Seasons,Good
NF01558,TV Show,1558,UK,1990,Action,9.7,2 Seasons,Excellent
NF01559,TV Show,1559,India,2013,Romance,8.5,8 Seasons,Excellent
NF01560,TV Show,1560,India,2004,Drama,9,1 Seasons,Excellent
NF01561,Movie,1561,UK,2021,Action,8,175 min,Excellent
NF01562,TV Show,1562,Canada,1991,Sci-Fi,6.4,2 Seasons,Good
NF01563,TV Show,1563,Japan,2010,Action,5.5,7 Seasons,Average
NF01564,TV Show,1564,South Korea,1996,Sci-Fi,6.3,3 Seasons,Average
NF01565,Movie,1565,Japan,2003,Thriller,6.5,109 min,Average
NF01566,Movie,1566,India,1997,Action,8.7,77 min,Excellent
NF01567,Movie,1567,South Korea,1986,Action,7.8,69 min,Good
NF01568,Movie,1568,UK,1995,Action,6.4,86 min,Good
NF01569,TV Show,1569,Japan,2010,Thriller,9.7,10 Seasons,Excellent
NF01570,Movie,1570,UK,2016,Romance,6.8,99 min,Good
NF01571,Movie,1571,Japan,2012,Thriller,9,103 min,Excellent
NF01572,TV Show,1572,India,2013,Action,9.5,8 Seasons,Excellent
NF01573,TV Show,1573,USA,2024,Drama,7.3,2 Seasons,Good
NF01574,TV Show,1574,India,2024,Romance,8.5,7 Seasons,Excellent
NF01575,Movie,1575,UK,2023,Thriller,6.7,90 min,Good
NF01576,Movie,1576,UK,2025,Comedy,8.3,157 min,Excellent
NF01577,TV Show,1577,South Korea,2000,Sci-Fi,5.4,2 Seasons,Good
NF01578,TV Show,1578,Canada,2003,Romance,5.7,5 Seasons,Average
NF01579,Movie,1579,Canada,1983,Sci-Fi,5.2,104 min,Average
NF01580,TV Show,1580,UK,2021,Action,7.7,2 Seasons,Average
NF01581,Movie,1581,India,2003,Drama,6.5,90 min,Good
NF01582,TV Show,1582,Canada,1988,Action,7.3,8 Seasons,Average
NF01583,Movie,1583,Japan,1995,Thriller,6.4,161 min,Good
NF01584,TV Show,1584,USA,1982,Comedy,7.8,7 Seasons,Average
NF01585,Movie,1585,USA,1985,Comedy,7.3,81 min,Good
NF01586,Movie,1586,South Korea,2013,Thriller,7.5,119 min,Good
NF01587,Movie,1587,Japan,2022,Comedy,6,84 min,Good
NF01588,TV Show,1588,Canada,2007,Drama,9.4,8 Seasons,Excellent
NF01589,TV Show,1589,India,1980,Sci-Fi,5.3,5 Seasons,Good
NF01590,TV Show,1590,India,2017,Sci-Fi,5.1,10 Seasons,Average
NF01591,Movie,1591,India,1995,Action,5,119 min,Average
NF01592,Movie,1592,UK,2001,Action,8.2,79 min,Excellent
NF01593,Movie,1593,USA,1981,Romance,8.1,113 min,Excellent
NF01594,Movie,1594,Canada,2000,Thriller,6.6,117 min,Good
NF01595,Movie,1595,South Korea,2004,Thriller,8.4,65 min,Excellent
NF01596,TV Show,1596,Canada,2026,Action,5.9,5 Seasons,Good
NF01597,TV Show,1597,USA,1998,Romance,5.6,10 Seasons,Average
NF01598,Movie,1598,Japan,2004,Action,8.6,137 min,Excellent
NF01599,Movie,1599,India,2023,Drama,7.2,174 min,Good
NF01600,Movie,1600,USA,1980,Romance,6.1,125 min,Good
NF01601,Movie,1601,India,1985,Romance,8.3,85 min,Excellent
NF01602,Movie,1602,Canada,1999,Sci-Fi,8.3,108 min,Excellent
NF01603,Movie,1603,Canada,2017,Sci-Fi,9.3,120 min,Excellent
NF01604,Movie,1604,South Korea,2021,Drama,6.5,119 min,Good
NF01605,Movie,1605,South Korea,1983,Sci-Fi,7.6,111 min,Average
NF01606,TV Show,1606,USA,2005,Comedy,9.3,8 Seasons,Excellent
NF01607,Movie,1607,UK,2025,Sci-Fi,7.3,172 min,Good
NF01608,TV Show,1608,Japan,1983,Comedy,5.1,1 Seasons,Good
NF01609,TV Show,1609,South Korea,2026,Romance,8.3,6 Seasons,Excellent
NF01610,TV Show,1610,UK,2006,Comedy,7.4,9 Seasons,Good
NF01611,TV Show,1611,UK,1989,Comedy,7.1,9 Seasons,Good
NF01612,TV Show,1612,UK,1982,Thriller,9.7,10 Seasons,Excellent
NF01613,Movie,1613,UK,2014,Action,9,73 min,Excellent
NF01614,Movie,1614,Canada,2015,Action,6.1,91 min,Good
NF01615,TV Show,1615,India,1997,Thriller,5.2,6 Seasons,Average
NF01616,TV Show,1616,Canada,2011,Comedy,8.8,8 Seasons,Excellent
NF01617,Movie,1617,India,1998,Romance,9.3,80 min,Excellent
NF01618,Movie,1618,India,2014,Thriller,5.6,60 min,Good
NF01619,TV Show,1619,Japan,1997,Comedy,6.4,9 Seasons,Average
NF01620,TV Show,1620,Canada,2025,Comedy,7.4,8 Seasons,Average
NF01621,TV Show,1621,South Korea,1999,Romance,9.7,6 Seasons,Excellent
NF01622,TV Show,1622,India,1992,Drama,6.8,8 Seasons,Good
NF01623,TV Show,1623,USA,2026,Thriller,5.2,10 Seasons,Average
NF01624,Movie,1624,India,1990,Comedy,5.8,114 min,Average
NF01625,TV Show,1625,Japan,2002,Drama,5.5,9 Seasons,Average
NF01626,Movie,1626,India,1998,Romance,7.6,89 min,Average
NF01627,Movie,1627,USA,2023,Sci-Fi,6.1,73 min,Good
NF01628,Movie,1628,South Korea,2005,Sci-Fi,8.7,94 min,Excellent
NF01629,Movie,1629,South Korea,1989,Drama,5.4,75 min,Good
NF01630,TV Show,1630,South Korea,2000,Romance,6.3,7 Seasons,Average
NF01631,Movie,1631,USA,1995,Action,6.9,69 min,Average
NF01632,Movie,1632,Japan,1985,Action,6.5,82 min,Average
NF01633,Movie,1633,South Korea,2025,Thriller,9.3,70 min,Excellent
NF01634,TV Show,1634,UK,1993,Comedy,7.5,2 Seasons,Good
NF01635,Movie,1635,Japan,1981,Comedy,7.2,150 min,Good
NF01636,TV Show,1636,Japan,1999,Action,6.2,2 Seasons,Good
NF01637,TV Show,1637,Japan,2025,Comedy,7.2,7 Seasons,Average
NF01638,Movie,1638,USA,2013,Romance,6.8,73 min,Good
NF01639,Movie,1639,India,2025,Action,7.3,71 min,Average
NF01640,TV Show,1640,USA,1993,Drama,7,7 Seasons,Good
NF01641,TV Show,1641,USA,1997,Thriller,7.3,5 Seasons,Good
NF01642,Movie,1642,India,2016,Action,7.2,117 min,Good
NF01643,Movie,1643,India,2000,Drama,6.2,174 min,Good
NF01644,Movie,1644,Canada,2022,Thriller,6.6,169 min,Average
NF01645,Movie,1645,South Korea,1989,Sci-Fi,7.2,82 min,Average
NF01646,TV Show,1646,India,2000,Sci-Fi,8.9,4 Seasons,Excellent
NF01647,Movie,1647,UK,2012,Sci-Fi,5.7,110 min,Good
NF01648,Movie,1648,Canada,1984,Thriller,8.8,159 min,Excellent
NF01649,TV Show,1649,USA,2010,Action,7.9,10 Seasons,Good
NF01650,Movie,1650,UK,2000,Drama,5.2,121 min,Good
NF01651,Movie,1651,Canada,1985,Action,5,160 min,Average
NF01652,TV Show,1652,Japan,2021,Thriller,9.5,4 Seasons,Excellent
NF01653,Movie,1653,Canada,2016,Romance,5.5,78 min,Good
NF01654,Movie,1654,Canada,2015,Romance,7.4,166 min,Average
NF01655,Movie,1655,India,1998,Drama,6.6,161 min,Good
NF01656,TV Show,1656,USA,1996,Action,8.8,6 Seasons,Excellent
NF01657,Movie,1657,Japan,2025,Romance,6.5,98 min,Good
NF01658,Movie,1658,India,2022,Drama,5.7,134 min,Average
NF01659,Movie,1659,South Korea,1982,Sci-Fi,9.2,99 min,Excellent
NF01660,TV Show,1660,UK,1982,Thriller,5,8 Seasons,Good
NF01661,Movie,1661,Japan,1988,Romance,6.2,101 min,Average
NF01662,Movie,1662,USA,2018,Action,9.6,138 min,Excellent
NF01663,Movie,1663,USA,1987,Drama,6.4,70 min,Good
NF01664,TV Show,1664,USA,2024,Comedy,8,4 Seasons,Excellent
NF01665,TV Show,1665,UK,1995,Romance,5.3,4 Seasons,Good
NF01666,Movie,1666,UK,1992,Thriller,7.6,98 min,Average
NF01667,Movie,1667,Canada,2004,Romance,7.2,113 min,Good
NF01668,TV Show,1668,USA,2015,Drama,5.8,6 Seasons,Good
NF01669,TV Show,1669,Canada,2015,Drama,5.5,9 Seasons,Average
NF01670,TV Show,1670,USA,1983,Sci-Fi,6.4,2 Seasons,Average
NF01671,TV Show,1671,Japan,2002,Drama,5.3,5 Seasons,Average
NF01672,Movie,1672,Japan,1984,Sci-Fi,6.3,103 min,Average
NF01673,Movie,1673,Canada,1988,Thriller,9.4,132 min,Excellent
NF01674,Movie,1674,USA,2009,Drama,7.6,75 min,Good
NF01675,TV Show,1675,South Korea,1985,Thriller,6.6,3 Seasons,Good
NF01676,Movie,1676,Japan,1993,Thriller,7.5,117 min,Average
NF01677,Movie,1677,Japan,1985,Sci-Fi,6.1,89 min,Good
NF01678,Movie,1678,Canada,1997,Sci-Fi,5.1,172 min,Average
NF01679,TV Show,1679,USA,2021,Action,5.5,10 Seasons,Average
NF01680,Movie,1680,India,1986,Comedy,7.9,69 min,Average
NF01681,Movie,1681,UK,1989,Action,8.5,87 min,Excellent
NF01682,Movie,1682,USA,2016,Drama,9,150 min,Excellent
NF01683,Movie,1683,Canada,2004,Comedy,9,140 min,Excellent
NF01684,TV Show,1684,Japan,2021,Action,9.1,8 Seasons,Excellent
NF01685,Movie,1685,UK,1993,Comedy,8.9,127 min,Excellent
NF01686,Movie,1686,USA,2013,Comedy,9.5,180 min,Excellent
NF01687,TV Show,1687,USA,1990,Thriller,7.6,4 Seasons,Good
NF01688,TV Show,1688,India,1993,Thriller,9,7 Seasons,Excellent
NF01689,TV Show,1689,USA,1999,Thriller,7.3,6 Seasons,Good
NF01690,TV Show,1690,Canada,2026,Romance,6.2,5 Seasons,Good
NF01691,TV Show,1691,Japan,2009,Sci-Fi,6.3,9 Seasons,Average
NF01692,Movie,1692,UK,2021,Comedy,5.8,114 min,Average
NF01693,TV Show,1693,Japan,2001,Romance,9.6,3 Seasons,Excellent
NF01694,TV Show,1694,Canada,2016,Action,7.7,7 Seasons,Good
NF01695,Movie,1695,USA,2002,Romance,7.2,114 min,Good
NF01696,TV Show,1696,USA,1988,Comedy,6.7,8 Seasons,Good
NF01697,TV Show,1697,India,1983,Sci-Fi,5.4,1 Seasons,Average
NF01698,TV Show,1698,South Korea,2021,Action,7.1,7 Seasons,Average
NF01699,TV Show,1699,UK,2014,Romance,8,1 Seasons,Excellent
NF01700,TV Show,1700,Japan,2018,Romance,8.8,6 Seasons,Excellent
NF01701,TV Show,1701,USA,2000,Comedy,7,5 Seasons,Good
NF01702,TV Show,1702,USA,1992,Comedy,9.7,10 Seasons,Excellent
NF01703,Movie,1703,USA,1998,Drama,9.8,173 min,Excellent
NF01704,TV Show,1704,USA,1982,Comedy,8,2 Seasons,Excellent
NF01705,Movie,1705,India,1986,Thriller,5.9,68 min,Good
NF01706,Movie,1706,Japan,2002,Thriller,5.1,108 min,Average
NF01707,TV Show,1707,USA,2005,Romance,5.6,1 Seasons,Average
NF01708,Movie,1708,Japan,2024,Romance,5.5,72 min,Average
NF01709,TV Show,1709,India,2003,Sci-Fi,8.2,2 Seasons,Excellent
NF01710,Movie,1710,UK,1990,Drama,9.7,69 min,Excellent
NF01711,Movie,1711,India,1981,Sci-Fi,7.2,176 min,Good
NF01712,TV Show,1712,UK,2009,Thriller,6,6 Seasons,Good
NF01713,Movie,1713,USA,1998,Romance,8.7,159 min,Excellent
NF01714,Movie,1714,UK,1988,Thriller,8.5,128 min,Excellent
NF01715,TV Show,1715,UK,2002,Action,9.8,4 Seasons,Excellent
NF01716,Movie,1716,USA,2014,Comedy,7.3,140 min,Good
NF01717,TV Show,1717,India,1989,Comedy,9.5,7 Seasons,Excellent
NF01718,Movie,1718,Japan,1984,Thriller,9.4,114 min,Excellent
NF01719,Movie,1719,USA,2001,Comedy,8.7,114 min,Excellent
NF01720,Movie,1720,South Korea,1994,Action,5.5,102 min,Good
NF01721,Movie,1721,Canada,2020,Comedy,8.6,95 min,Excellent
NF01722,TV Show,1722,UK,2008,Sci-Fi,6.3,9 Seasons,Good
NF01723,Movie,1723,USA,2023,Action,8.6,162 min,Excellent
NF01724,Movie,1724,Japan,1999,Romance,5.9,168 min,Good
NF01725,Movie,1725,Japan,2021,Sci-Fi,9.4,78 min,Excellent
NF01726,TV Show,1726,Japan,2015,Action,5.1,5 Seasons,Good
NF01727,TV Show,1727,USA,2010,Comedy,6,2 Seasons,Average
NF01728,Movie,1728,Canada,2017,Comedy,7.8,121 min,Average
NF01729,TV Show,1729,India,2020,Thriller,8.3,9 Seasons,Excellent
NF01730,Movie,1730,South Korea,1984,Thriller,6.2,136 min,Good
NF01731,Movie,1731,South Korea,2021,Drama,8.3,170 min,Excellent
NF01732,TV Show,1732,USA,1984,Action,9.2,10 Seasons,Excellent
NF01733,Movie,1733,USA,2000,Romance,9.7,123 min,Excellent
NF01734,Movie,1734,Japan,1984,Drama,8,156 min,Excellent
NF01735,TV Show,1735,South Korea,1985,Comedy,9.8,8 Seasons,Excellent
NF01736,Movie,1736,Japan,1985,Comedy,6.2,113 min,Good
NF01737,TV Show,1737,South Korea,2019,Thriller,8.6,3 Seasons,Excellent
NF01738,TV Show,1738,UK,2005,Action,6.5,4 Seasons,Good
NF01739,Movie,1739,USA,1983,Action,7.3,162 min,Average
NF01740,Movie,1740,UK,2018,Action,5.6,160 min,Good
NF01741,TV Show,1741,India,1999,Comedy,8,3 Seasons,Excellent
NF01742,Movie,1742,South Korea,2023,Action,8.7,133 min,Excellent
NF01743,Movie,1743,UK,2024,Sci-Fi,5.2,65 min,Good
NF01744,Movie,1744,South Korea,2013,Thriller,5.6,163 min,Average
NF01745,TV Show,1745,UK,2018,Drama,6.7,9 Seasons,Average
NF01746,TV Show,1746,USA,1997,Thriller,8.7,8 Seasons,Excellent
NF01747,Movie,1747,Japan,1985,Comedy,8.7,94 min,Excellent
NF01748,TV Show,1748,UK,1995,Romance,9.4,8 Seasons,Excellent
NF01749,Movie,1749,India,2020,Drama,8.2,103 min,Excellent
NF01750,Movie,1750,Canada,2024,Drama,9.4,154 min,Excellent
NF01751,Movie,1751,South Korea,2021,Drama,8.4,78 min,Excellent
NF01752,TV Show,1752,South Korea,1982,Romance,8.5,6 Seasons,Excellent
NF01753,TV Show,1753,South Korea,2011,Thriller,9.2,9 Seasons,Excellent
NF01754,TV Show,1754,South Korea,2023,Comedy,6.5,1 Seasons,Good
NF01755,TV Show,1755,Japan,2020,Action,7.7,10 Seasons,Average
NF01756,TV Show,1756,Canada,2010,Action,6.6,5 Seasons,Good
NF01757,TV Show,1757,Canada,2017,Drama,9.5,4 Seasons,Excellent
NF01758,TV Show,1758,India,2002,Comedy,5.1,7 Seasons,Good
NF01759,Movie,1759,Canada,2008,Sci-Fi,7.1,179 min,Average
NF01760,Movie,1760,Japan,2000,Romance,7.3,175 min,Good
NF01761,Movie,1761,South Korea,1987,Comedy,5.6,131 min,Good
NF01762,TV Show,1762,South Korea,1996,Sci-Fi,6.1,9 Seasons,Average
NF01763,TV Show,1763,Japan,2004,Action,5.6,8 Seasons,Average
NF01764,TV Show,1764,Canada,1981,Comedy,7.6,6 Seasons,Average
NF01765,Movie,1765,India,1984,Romance,8.3,146 min,Excellent
NF01766,Movie,1766,USA,2003,Action,6.9,143 min,Good
NF01767,Movie,1767,Japan,2012,Thriller,7.7,123 min,Average
NF01768,Movie,1768,USA,2020,Thriller,5.3,87 min,Good
NF01769,TV Show,1769,Canada,1987,Romance,5.5,6 Seasons,Average
NF01770,Movie,1770,Canada,1984,Romance,5.3,162 min,Average
NF01771,Movie,1771,South Korea,1989,Sci-Fi,7.9,162 min,Average
NF01772,Movie,1772,South Korea,1988,Drama,8.9,78 min,Excellent
NF01773,Movie,1773,Japan,2004,Sci-Fi,5.1,133 min,Good
NF01774,TV Show,1774,India,1990,Romance,5.6,1 Seasons,Average
NF01775,TV Show,1775,South Korea,2014,Comedy,7.5,8 Seasons,Average
NF01776,Movie,1776,USA,1990,Romance,9.8,120 min,Excellent
NF01777,TV Show,1777,USA,2012,Action,9,4 Seasons,Excellent
NF01778,TV Show,1778,UK,1983,Comedy,7.7,6 Seasons,Good
NF01779,TV Show,1779,South Korea,2017,Action,7,4 Seasons,Good
NF01780,TV Show,1780,Japan,1984,Sci-Fi,5.3,8 Seasons,Good
NF01781,TV Show,1781,Canada,2008,Sci-Fi,5.2,2 Seasons,Average
NF01782,Movie,1782,South Korea,2003,Comedy,5,108 min,Average
NF01783,TV Show,1783,Japan,1990,Sci-Fi,8.2,5 Seasons,Excellent
NF01784,Movie,1784,Canada,2022,Action,9.1,83 min,Excellent
NF01785,Movie,1785,South Korea,2010,Action,8.4,104 min,Excellent
NF01786,Movie,1786,UK,1980,Action,8.1,144 min,Excellent
NF01787,TV Show,1787,India,2026,Romance,7,7 Seasons,Good
NF01788,TV Show,1788,South Korea,1984,Action,8.1,9 Seasons,Excellent
NF01789,Movie,1789,USA,2016,Thriller,5.6,152 min,Good
NF01790,TV Show,1790,UK,2018,Action,8.8,2 Seasons,Excellent
NF01791,TV Show,1791,Japan,1981,Comedy,5,5 Seasons,Good
NF01792,Movie,1792,Japan,2007,Action,5.3,98 min,Average
NF01793,Movie,1793,Japan,2006,Romance,8.8,147 min,Excellent
NF01794,Movie,1794,UK,1988,Drama,9.4,147 min,Excellent
NF01795,TV Show,1795,India,2022,Action,9.1,7 Seasons,Excellent
NF01796,Movie,1796,India,1982,Comedy,5,142 min,Good
NF01797,Movie,1797,USA,1989,Action,9.5,107 min,Excellent
NF01798,Movie,1798,USA,2022,Drama,5.1,137 min,Good
NF01799,Movie,1799,India,1990,Action,6.4,106 min,Average
NF01800,Movie,1800,UK,1983,Action,7.8,179 min,Average
NF01801,Movie,1801,Canada,1986,Comedy,6.9,123 min,Good
NF01802,TV Show,1802,Canada,2014,Drama,8.4,2 Seasons,Excellent
NF01803,TV Show,1803,Canada,1981,Sci-Fi,7.2,4 Seasons,Good
NF01804,Movie,1804,India,1992,Thriller,5.9,120 min,Good
NF01805,Movie,1805,South Korea,1982,Comedy,9.4,63 min,Excellent
NF01806,TV Show,1806,Japan,2023,Drama,5.4,6 Seasons,Good
NF01807,Movie,1807,India,1989,Comedy,7.5,179 min,Average
NF01808,TV Show,1808,India,2023,Drama,7.5,3 Seasons,Good
NF01809,TV Show,1809,UK,2013,Action,5.2,9 Seasons,Good
NF01810,TV Show,1810,South Korea,1984,Sci-Fi,7.6,8 Seasons,Average
NF01811,Movie,1811,Japan,1988,Action,5.1,67 min,Good
NF01812,Movie,1812,Japan,1982,Action,5.8,83 min,Average
NF01813,TV Show,1813,UK,2009,Sci-Fi,7.8,4 Seasons,Average
NF01814,Movie,1814,USA,1992,Thriller,8,119 min,Excellent
NF01815,Movie,1815,Canada,1996,Comedy,5.8,130 min,Good
NF01816,TV Show,1816,Canada,2021,Thriller,9.5,5 Seasons,Excellent
NF01817,Movie,1817,USA,2017,Action,5.1,107 min,Good
NF01818,TV Show,1818,Canada,2020,Thriller,6.3,10 Seasons,Average
NF01819,TV Show,1819,USA,2022,Comedy,8.5,4 Seasons,Excellent
NF01820,TV Show,1820,India,2003,Romance,9,2 Seasons,Excellent
NF01821,TV Show,1821,USA,2016,Drama,6.5,6 Seasons,Good
NF01822,Movie,1822,UK,2002,Action,7.2,162 min,Average
NF01823,Movie,1823,Canada,2022,Drama,7.8,78 min,Good
NF01824,TV Show,1824,Japan,1981,Comedy,6.9,8 Seasons,Good
NF01825,Movie,1825,India,1988,Drama,6.5,66 min,Average
NF01826,Movie,1826,Japan,2001,Romance,5.2,98 min,Average
NF01827,TV Show,1827,USA,2012,Thriller,9.4,9 Seasons,Excellent
NF01828,TV Show,1828,UK,1998,Drama,7.8,5 Seasons,Good
NF01829,Movie,1829,USA,2001,Romance,8.9,158 min,Excellent
NF01830,TV Show,1830,India,1997,Comedy,8.4,3 Seasons,Excellent
NF01831,TV Show,1831,UK,1981,Sci-Fi,6.4,3 Seasons,Good
NF01832,TV Show,1832,Japan,2017,Sci-Fi,9.1,9 Seasons,Excellent
NF01833,TV Show,1833,Canada,1981,Romance,5.1,6 Seasons,Good
NF01834,Movie,1834,Canada,1992,Action,6.3,98 min,Average
NF01835,TV Show,1835,India,1992,Romance,8,1 Seasons,Excellent
NF01836,Movie,1836,Canada,2007,Comedy,8.3,89 min,Excellent
NF01837,Movie,1837,UK,2017,Sci-Fi,8.9,119 min,Excellent
NF01838,Movie,1838,Japan,2023,Action,5.9,162 min,Good
NF01839,Movie,1839,Japan,2024,Drama,7.8,163 min,Average
NF01840,Movie,1840,India,2011,Action,6.6,164 min,Good
NF01841,TV Show,1841,UK,2018,Romance,6,4 Seasons,Average
NF01842,TV Show,1842,India,2025,Romance,6,8 Seasons,Average
NF01843,TV Show,1843,USA,2014,Sci-Fi,7.6,5 Seasons,Average
NF01844,TV Show,1844,South Korea,2001,Sci-Fi,8.3,6 Seasons,Excellent
NF01845,TV Show,1845,Japan,1995,Thriller,5.7,7 Seasons,Good
NF01846,Movie,1846,Japan,2001,Drama,7.3,77 min,Average
NF01847,Movie,1847,USA,2012,Sci-Fi,6.9,121 min,Good
NF01848,Movie,1848,Canada,2023,Drama,6.2,125 min,Average
NF01849,TV Show,1849,Canada,2020,Thriller,6.9,7 Seasons,Average
NF01850,TV Show,1850,UK,2021,Action,5.3,2 Seasons,Average
NF01851,TV Show,1851,UK,1998,Romance,6.8,3 Seasons,Average
NF01852,TV Show,1852,Canada,2016,Sci-Fi,6.9,6 Seasons,Average
NF01853,Movie,1853,UK,2017,Romance,9.5,120 min,Excellent
NF01854,TV Show,1854,Canada,2011,Sci-Fi,8.4,5 Seasons,Excellent
NF01855,Movie,1855,UK,2025,Drama,6.6,72 min,Good
NF01856,Movie,1856,India,1998,Thriller,9.3,72 min,Excellent
NF01857,Movie,1857,Canada,2011,Thriller,6.7,80 min,Good
NF01858,Movie,1858,USA,2003,Thriller,5.9,116 min,Average
NF01859,Movie,1859,UK,1992,Thriller,9.4,81 min,Excellent
NF01860,TV Show,1860,UK,1986,Comedy,9.6,6 Seasons,Excellent
NF01861,TV Show,1861,UK,2006,Sci-Fi,5.4,1 Seasons,Good
NF01862,TV Show,1862,Canada,2004,Action,9.3,8 Seasons,Excellent
NF01863,Movie,1863,Japan,2026,Sci-Fi,7.7,163 min,Good
NF01864,Movie,1864,Canada,1990,Comedy,5,68 min,Good
NF01865,Movie,1865,USA,1980,Sci-Fi,9.8,83 min,Excellent
NF01866,Movie,1866,South Korea,1992,Action,8.2,162 min,Excellent
NF01867,TV Show,1867,Canada,1990,Comedy,5.9,6 Seasons,Good
NF01868,Movie,1868,Japan,2014,Drama,5.6,92 min,Average
NF01869,Movie,1869,India,2018,Romance,9.1,116 min,Excellent
NF01870,TV Show,1870,India,2009,Romance,8.4,2 Seasons,Excellent
NF01871,TV Show,1871,Japan,2020,Action,5.5,7 Seasons,Good
NF01872,TV Show,1872,USA,1994,Action,9.7,1 Seasons,Excellent
NF01873,TV Show,1873,UK,2008,Sci-Fi,6.1,9 Seasons,Good
NF01874,TV Show,1874,UK,2002,Action,5.2,4 Seasons,Average
NF01875,TV Show,1875,India,1981,Sci-Fi,8.2,1 Seasons,Excellent
NF01876,TV Show,1876,Japan,2014,Drama,7.1,7 Seasons,Good
NF01877,TV Show,1877,India,1988,Comedy,7.2,3 Seasons,Good
NF01878,Movie,1878,South Korea,2023,Romance,6,167 min,Good
NF01879,Movie,1879,India,1983,Comedy,5.4,124 min,Average
NF01880,Movie,1880,Japan,1999,Comedy,9.2,170 min,Excellent
NF01881,Movie,1881,UK,2004,Sci-Fi,9.2,160 min,Excellent
NF01882,TV Show,1882,Japan,2023,Action,9.5,9 Seasons,Excellent
NF01883,Movie,1883,Japan,2003,Sci-Fi,9,81 min,Excellent
NF01884,Movie,1884,UK,1994,Thriller,9.6,123 min,Excellent
NF01885,Movie,1885,Japan,1990,Action,8.5,105 min,Excellent
NF01886,TV Show,1886,USA,1989,Drama,6,7 Seasons,Good
NF01887,TV Show,1887,Canada,2024,Action,5.9,4 Seasons,Average
NF01888,Movie,1888,UK,2019,Romance,9.7,90 min,Excellent
NF01889,Movie,1889,India,1995,Romance,6.6,103 min,Good
NF01890,TV Show,1890,USA,2021,Action,7.1,10 Seasons,Average
NF01891,TV Show,1891,Japan,1980,Comedy,5.7,10 Seasons,Good
NF01892,TV Show,1892,South Korea,1988,Action,7.7,1 Seasons,Average
NF01893,Movie,1893,Japan,2026,Drama,6.4,163 min,Good
NF01894,Movie,1894,Canada,1983,Romance,9.7,101 min,Excellent
NF01895,TV Show,1895,India,2019,Drama,8.8,5 Seasons,Excellent
NF01896,Movie,1896,Canada,2012,Comedy,9,88 min,Excellent
NF01897,Movie,1897,Canada,2011,Drama,8.8,60 min,Excellent
NF01898,TV Show,1898,Canada,2026,Drama,7.7,10 Seasons,Good
NF01899,Movie,1899,USA,1995,Drama,8.1,150 min,Excellent
NF01900,Movie,1900,Japan,2020,Drama,5.5,159 min,Good
NF01901,Movie,1901,Canada,2003,Action,5.6,75 min,Average
NF01902,TV Show,1902,USA,2012,Action,8.3,8 Seasons,Excellent
NF01903,TV Show,1903,USA,1982,Drama,8.7,9 Seasons,Excellent
NF01904,Movie,1904,Japan,1999,Comedy,9.1,129 min,Excellent
NF01905,TV Show,1905,Canada,2017,Romance,7.4,4 Seasons,Good
NF01906,Movie,1906,UK,1997,Comedy,6.9,61 min,Good
NF01907,TV Show,1907,India,2021,Sci-Fi,5.8,3 Seasons,Average
NF01908,Movie,1908,Japan,2020,Sci-Fi,6.1,65 min,Average
NF01909,Movie,1909,UK,1999,Drama,9.4,103 min,Excellent
NF01910,Movie,1910,South Korea,2008,Action,6.5,157 min,Good
NF01911,Movie,1911,Canada,2004,Action,7.6,144 min,Average
NF01912,TV Show,1912,India,2009,Romance,9.7,6 Seasons,Excellent
NF01913,Movie,1913,India,1998,Action,6.1,139 min,Good
NF01914,TV Show,1914,Canada,2016,Sci-Fi,8.8,1 Seasons,Excellent
NF01915,Movie,1915,India,2009,Sci-Fi,8.4,161 min,Excellent
NF01916,Movie,1916,Japan,1980,Sci-Fi,5.2,71 min,Good
NF01917,Movie,1917,UK,2019,Sci-Fi,8.2,127 min,Excellent
NF01918,Movie,1918,South Korea,1989,Romance,6.2,165 min,Good
NF01919,TV Show,1919,UK,1991,Action,5.9,10 Seasons,Average
NF01920,Movie,1920,South Korea,1995,Sci-Fi,8.8,75 min,Excellent
NF01921,TV Show,1921,Japan,2004,Action,8.9,8 Seasons,Excellent
NF01922,TV Show,1922,Japan,1994,Drama,9.6,9 Seasons,Excellent
NF01923,TV Show,1923,South Korea,2006,Comedy,7.9,9 Seasons,Good
NF01924,Movie,1924,South Korea,2002,Romance,5.1,76 min,Good
NF01925,TV Show,1925,UK,2006,Romance,7.8,1 Seasons,Average
NF01926,TV Show,1926,Canada,2022,Drama,8.3,10 Seasons,Excellent
NF01927,TV Show,1927,South Korea,2017,Drama,5.4,2 Seasons,Good
NF01928,TV Show,1928,Japan,2019,Drama,6.7,2 Seasons,Average
NF01929,TV Show,1929,UK,1997,Drama,6.5,6 Seasons,Average
NF01930,Movie,1930,South Korea,2024,Romance,9.8,71 min,Excellent
NF01931,Movie,1931,UK,2006,Thriller,7.6,95 min,Good
NF01932,TV Show,1932,South Korea,2020,Comedy,9,5 Seasons,Excellent
NF01933,TV Show,1933,South Korea,2024,Action,9.2,9 Seasons,Excellent
NF01934,TV Show,1934,Canada,2000,Romance,7.8,8 Seasons,Good
NF01935,Movie,1935,India,1989,Sci-Fi,6.5,158 min,Good
NF01936,Movie,1936,Canada,2025,Drama,5.5,164 min,Average
NF01937,TV Show,1937,Canada,2002,Drama,7.2,3 Seasons,Average
NF01938,Movie,1938,USA,2018,Romance,9.8,135 min,Excellent
NF01939,Movie,1939,India,2009,Romance,8.4,90 min,Excellent
NF01940,Movie,1940,Canada,1996,Romance,8.7,122 min,Excellent
NF01941,Movie,1941,India,1996,Thriller,7,153 min,Good
NF01942,Movie,1942,Japan,1986,Drama,7.2,90 min,Good
NF01943,Movie,1943,UK,2016,Action,7.7,96 min,Good
NF01944,TV Show,1944,India,2020,Romance,6.1,8 Seasons,Good
NF01945,Movie,1945,India,2005,Comedy,8.2,127 min,Excellent
NF01946,Movie,1946,India,1999,Romance,8.7,75 min,Excellent
NF01947,Movie,1947,Canada,2005,Thriller,7.8,115 min,Good
NF01948,TV Show,1948,USA,2005,Romance,5.6,6 Seasons,Good
NF01949,Movie,1949,Canada,1986,Romance,6.6,167 min,Average
NF01950,Movie,1950,South Korea,2025,Romance,8.9,102 min,Excellent
NF01951,Movie,1951,South Korea,2006,Thriller,7.1,180 min,Good
NF01952,Movie,1952,Canada,2006,Drama,9,119 min,Excellent
NF01953,TV Show,1953,Japan,2025,Thriller,8.6,1 Seasons,Excellent
NF01954,TV Show,1954,Japan,2015,Thriller,6.1,10 Seasons,Good
NF01955,Movie,1955,South Korea,2026,Drama,9.2,128 min,Excellent
NF01956,Movie,1956,UK,1996,Drama,5.1,89 min,Good
NF01957,TV Show,1957,USA,1987,Sci-Fi,6,8 Seasons,Average
NF01958,Movie,1958,India,2020,Thriller,8.9,112 min,Excellent
NF01959,Movie,1959,Canada,1988,Drama,7.7,167 min,Good
NF01960,TV Show,1960,Japan,2007,Comedy,6.2,4 Seasons,Good
NF01961,Movie,1961,UK,2009,Romance,6.2,144 min,Average
NF01962,Movie,1962,Japan,2003,Romance,6.5,177 min,Average
NF01963,Movie,1963,USA,1986,Drama,9.8,171 min,Excellent
NF01964,TV Show,1964,Japan,2004,Drama,9.2,5 Seasons,Excellent
NF01965,TV Show,1965,Canada,2023,Drama,9.5,9 Seasons,Excellent
NF01966,TV Show,1966,Canada,1996,Sci-Fi,8.1,10 Seasons,Excellent
NF01967,TV Show,1967,India,2022,Thriller,7.4,4 Seasons,Good
NF01968,Movie,1968,South Korea,2007,Thriller,9.2,131 min,Excellent
NF01969,TV Show,1969,UK,1986,Thriller,8.7,6 Seasons,Excellent
NF01970,TV Show,1970,South Korea,2009,Romance,8.2,6 Seasons,Excellent
NF01971,TV Show,1971,India,1994,Sci-Fi,8,4 Seasons,Excellent
NF01972,Movie,1972,UK,1997,Action,7.3,158 min,Good
NF01973,Movie,1973,Japan,1991,Sci-Fi,7.8,95 min,Good
NF01974,TV Show,1974,South Korea,2001,Thriller,7,6 Seasons,Good
NF01975,Movie,1975,India,2025,Comedy,7.1,163 min,Good
NF01976,Movie,1976,India,2018,Action,5.8,154 min,Good
NF01977,TV Show,1977,Canada,2025,Thriller,8.1,10 Seasons,Excellent
NF01978,Movie,1978,Japan,1995,Sci-Fi,6.2,82 min,Good
NF01979,Movie,1979,UK,2005,Sci-Fi,6.1,85 min,Average
NF01980,TV Show,1980,South Korea,1998,Action,9.6,4 Seasons,Excellent
NF01981,TV Show,1981,South Korea,2016,Thriller,7.8,5 Seasons,Good
NF01982,TV Show,1982,Japan,2009,Action,7.1,1 Seasons,Good
NF01983,Movie,1983,USA,2018,Romance,7.7,65 min,Good
NF01984,TV Show,1984,Japan,2018,Sci-Fi,6.8,4 Seasons,Good
NF01985,TV Show,1985,USA,1980,Comedy,9.3,7 Seasons,Excellent
NF01986,TV Show,1986,South Korea,2010,Action,7.3,3 Seasons,Good
NF01987,TV Show,1987,Japan,2001,Sci-Fi,9.6,10 Seasons,Excellent
NF01988,TV Show,1988,USA,2001,Sci-Fi,5.5,8 Seasons,Good
NF01989,Movie,1989,Canada,2003,Action,6.3,109 min,Average
NF01990,Movie,1990,Japan,2013,Comedy,6,105 min,Average
NF01991,TV Show,1991,Japan,2001,Thriller,6.2,8 Seasons,Average
NF01992,Movie,1992,India,2025,Romance,9.6,81 min,Excellent
NF01993,Movie,1993,Canada,2021,Romance,9,106 min,Excellent
NF01994,Movie,1994,Japan,2006,Sci-Fi,6.1,151 min,Good
NF01995,TV Show,1995,Canada,2013,Thriller,8.7,3 Seasons,Excellent
NF01996,TV Show,1996,UK,2012,Sci-Fi,6.4,3 Seasons,Good
NF01997,Movie,1997,Canada,2020,Comedy,7.6,138 min,Average
NF01998,Movie,1998,South Korea,1990,Comedy,7.8,133 min,Good
NF01999,Movie,1999,Canada,1981,Sci-Fi,6.7,176 min,Good
NF02000,TV Show,2000,Japan,1990,Drama,7,4 Seasons,Average
NF02001,Movie,2001,Canada,1999,Drama,8.8,129 min,Excellent
NF02002,TV Show,2002,UK,2000,Action,9.7,8 Seasons,Excellent
NF02003,Movie,2003,Canada,1987,Sci-Fi,8.1,94 min,Excellent
NF02004,Movie,2004,South Korea,2005,Action,5.9,133 min,Good
NF02005,TV Show,2005,India,2006,Sci-Fi,9.7,8 Seasons,Excellent
NF02006,Movie,2006,USA,1992,Sci-Fi,5.3,169 min,Good
NF02007,Movie,2007,Canada,2013,Romance,8.4,139 min,Excellent
NF02008,Movie,2008,Canada,2011,Comedy,6.4,62 min,Good
NF02009,TV Show,2009,USA,2024,Comedy,8.6,5 Seasons,Excellent
NF02010,TV Show,2010,USA,2016,Drama,9.3,4 Seasons,Excellent
NF02011,TV Show,2011,USA,2015,Drama,9.6,3 Seasons,Excellent
NF02012,TV Show,2012,UK,1987,Thriller,5.6,5 Seasons,Good
NF02013,TV Show,2013,South Korea,2001,Romance,9,1 Seasons,Excellent
NF02014,Movie,2014,UK,2004,Drama,8.6,86 min,Excellent
NF02015,TV Show,2015,South Korea,2004,Comedy,8.1,5 Seasons,Excellent
NF02016,TV Show,2016,USA,2013,Drama,6.7,5 Seasons,Good
NF02017,TV Show,2017,USA,1984,Thriller,9.1,4 Seasons,Excellent
NF02018,TV Show,2018,India,1988,Drama,6.4,5 Seasons,Good
NF02019,Movie,2019,UK,2012,Thriller,9,169 min,Excellent
NF02020,Movie,2020,UK,2009,Sci-Fi,5.3,125 min,Good
NF02021,Movie,2021,USA,1989,Action,7.8,108 min,Average
NF02022,TV Show,2022,Japan,2004,Comedy,5.5,9 Seasons,Good
NF02023,Movie,2023,Japan,2012,Thriller,9.5,101 min,Excellent
NF02024,Movie,2024,South Korea,2015,Drama,8.4,97 min,Excellent
NF02025,Movie,2025,Japan,1992,Romance,6.9,60 min,Good
NF02026,Movie,2026,India,1982,Drama,9.3,100 min,Excellent
NF02027,Movie,2027,Canada,2003,Sci-Fi,8,66 min,Excellent
NF02028,Movie,2028,South Korea,2001,Comedy,8.9,178 min,Excellent
NF02029,TV Show,2029,South Korea,2021,Thriller,7.7,2 Seasons,Good
NF02030,Movie,2030,Canada,1999,Romance,6.3,156 min,Good
NF02031,TV Show,2031,Canada,1984,Sci-Fi,6,5 Seasons,Average
NF02032,TV Show,2032,India,2011,Sci-Fi,9.5,7 Seasons,Excellent
NF02033,TV Show,2033,Japan,1983,Comedy,9,5 Seasons,Excellent
NF02034,TV Show,2034,Canada,2025,Thriller,5.1,2 Seasons,Good
NF02035,Movie,2035,USA,1997,Comedy,7.5,96 min,Average
NF02036,TV Show,2036,South Korea,1985,Action,8,9 Seasons,Excellent
NF02037,Movie,2037,UK,2024,Comedy,6,104 min,Good
NF02038,TV Show,2038,USA,1983,Comedy,9.4,1 Seasons,Excellent
NF02039,TV Show,2039,USA,2025,Romance,8.9,4 Seasons,Excellent
NF02040,Movie,2040,Japan,2022,Action,8.4,64 min,Excellent
NF02041,Movie,2041,Japan,2021,Drama,7.5,99 min,Good
NF02042,TV Show,2042,UK,2015,Sci-Fi,5.2,4 Seasons,Good
NF02043,Movie,2043,India,2014,Thriller,7.8,92 min,Average
NF02044,Movie,2044,South Korea,2004,Comedy,7.7,134 min,Good
NF02045,Movie,2045,Canada,1993,Sci-Fi,5.6,116 min,Good
NF02046,TV Show,2046,Canada,2012,Sci-Fi,7.7,4 Seasons,Average
NF02047,Movie,2047,Canada,2010,Comedy,8.8,144 min,Excellent
NF02048,Movie,2048,South Korea,1986,Thriller,5.6,170 min,Good
NF02049,Movie,2049,India,2015,Comedy,9.8,129 min,Excellent
NF02050,TV Show,2050,South Korea,2021,Drama,6.6,6 Seasons,Good
NF02051,Movie,2051,Canada,1993,Romance,8.6,65 min,Excellent
NF02052,Movie,2052,India,2012,Drama,6.9,72 min,Good
NF02053,TV Show,2053,USA,1985,Romance,8.9,4 Seasons,Excellent
NF02054,TV Show,2054,USA,1986,Drama,9.1,4 Seasons,Excellent
NF02055,Movie,2055,India,1989,Thriller,6.2,88 min,Good
NF02056,Movie,2056,India,2009,Comedy,8.9,169 min,Excellent
NF02057,TV Show,2057,USA,1984,Sci-Fi,7.9,8 Seasons,Good
NF02058,TV Show,2058,South Korea,2012,Comedy,8.1,9 Seasons,Excellent
NF02059,Movie,2059,Canada,1985,Thriller,5.6,140 min,Good
NF02060,TV Show,2060,Japan,2026,Romance,6,4 Seasons,Average
NF02061,Movie,2061,UK,2026,Drama,5.1,140 min,Average
NF02062,Movie,2062,UK,2014,Drama,7.4,120 min,Average
NF02063,TV Show,2063,Canada,2007,Romance,8.4,2 Seasons,Excellent
NF02064,Movie,2064,UK,2026,Thriller,5.7,66 min,Good
NF02065,TV Show,2065,India,1989,Action,5.3,9 Seasons,Average
NF02066,TV Show,2066,Canada,2008,Action,7.5,4 Seasons,Average
NF02067,TV Show,2067,Japan,2011,Action,5.4,3 Seasons,Good
NF02068,Movie,2068,Japan,2010,Romance,7.2,101 min,Average
NF02069,TV Show,2069,India,2015,Drama,8.6,3 Seasons,Excellent
NF02070,TV Show,2070,USA,2015,Comedy,6,7 Seasons,Good
NF02071,TV Show,2071,India,1989,Comedy,7.2,6 Seasons,Average
NF02072,Movie,2072,Japan,2025,Comedy,7.1,164 min,Good
NF02073,TV Show,2073,UK,1997,Comedy,5.2,3 Seasons,Good
NF02074,TV Show,2074,Canada,1989,Comedy,5.4,1 Seasons,Average
NF02075,TV Show,2075,Canada,2011,Thriller,9.2,6 Seasons,Excellent
NF02076,TV Show,2076,Japan,1982,Action,7,8 Seasons,Good
NF02077,Movie,2077,Japan,2013,Sci-Fi,5.9,96 min,Good
NF02078,TV Show,2078,Canada,1998,Drama,9.8,6 Seasons,Excellent
NF02079,Movie,2079,South Korea,1987,Sci-Fi,6.8,143 min,Good
NF02080,TV Show,2080,Canada,2015,Thriller,7.7,8 Seasons,Average
NF02081,Movie,2081,USA,1987,Drama,7.2,130 min,Good
NF02082,Movie,2082,USA,1992,Action,6.8,156 min,Good
NF02083,Movie,2083,India,2010,Romance,7.6,163 min,Average
NF02084,Movie,2084,UK,2022,Thriller,9.6,78 min,Excellent
NF02085,TV Show,2085,UK,2008,Thriller,9.4,5 Seasons,Excellent
NF02086,TV Show,2086,Japan,1983,Comedy,9.3,7 Seasons,Excellent
NF02087,TV Show,2087,Japan,1997,Drama,5.6,1 Seasons,Good
NF02088,Movie,2088,India,2005,Comedy,5.1,133 min,Average
NF02089,TV Show,2089,UK,2022,Comedy,6.7,5 Seasons,Average
NF02090,Movie,2090,USA,1992,Sci-Fi,6.3,152 min,Average
NF02091,Movie,2091,India,2002,Thriller,5.5,64 min,Average
NF02092,TV Show,2092,Canada,2004,Romance,9.5,3 Seasons,Excellent
NF02093,TV Show,2093,South Korea,1994,Thriller,7.4,10 Seasons,Good
NF02094,TV Show,2094,UK,1985,Comedy,6.9,7 Seasons,Good
NF02095,Movie,2095,USA,1996,Comedy,5.9,96 min,Average
NF02096,TV Show,2096,South Korea,2016,Thriller,6.4,4 Seasons,Average
NF02097,TV Show,2097,UK,1996,Sci-Fi,5.8,10 Seasons,Average
NF02098,TV Show,2098,USA,1981,Thriller,9.1,10 Seasons,Excellent
NF02099,TV Show,2099,UK,1986,Thriller,9.8,4 Seasons,Excellent
NF02100,Movie,2100,South Korea,1990,Drama,5,163 min,Good
NF02101,Movie,2101,India,2019,Action,7.9,154 min,Average
NF02102,Movie,2102,South Korea,1999,Action,5.1,68 min,Good
NF02103,TV Show,2103,UK,1980,Romance,6.4,4 Seasons,Average
NF02104,Movie,2104,USA,2019,Action,8,126 min,Excellent
NF02105,TV Show,2105,Canada,2026,Thriller,8.1,2 Seasons,Excellent
NF02106,TV Show,2106,Canada,2014,Thriller,9.1,10 Seasons,Excellent
NF02107,Movie,2107,USA,2004,Drama,8.4,91 min,Excellent
NF02108,Movie,2108,Japan,1990,Romance,7.6,115 min,Good
NF02109,Movie,2109,India,2018,Action,8.7,136 min,Excellent
NF02110,TV Show,2110,India,1993,Sci-Fi,5.6,3 Seasons,Good
NF02111,Movie,2111,USA,1996,Drama,5.7,75 min,Average
NF02112,Movie,2112,USA,1982,Comedy,5.2,142 min,Average
NF02113,TV Show,2113,UK,1994,Romance,7.4,6 Seasons,Average
NF02114,TV Show,2114,Japan,1981,Sci-Fi,7.3,5 Seasons,Good
NF02115,TV Show,2115,South Korea,2020,Comedy,6.5,4 Seasons,Good
NF02116,TV Show,2116,Japan,2009,Thriller,9.6,3 Seasons,Excellent
NF02117,TV Show,2117,India,1984,Sci-Fi,7.7,2 Seasons,Good
NF02118,TV Show,2118,Canada,2026,Action,8.2,2 Seasons,Excellent
NF02119,TV Show,2119,USA,2021,Comedy,8.5,8 Seasons,Excellent
NF02120,TV Show,2120,South Korea,1984,Action,9.2,4 Seasons,Excellent
NF02121,TV Show,2121,UK,2013,Sci-Fi,7.4,1 Seasons,Good
NF02122,Movie,2122,Japan,2009,Romance,7.1,63 min,Good
NF02123,Movie,2123,India,1998,Sci-Fi,6,169 min,Good
NF02124,TV Show,2124,USA,2008,Sci-Fi,8.9,1 Seasons,Excellent
NF02125,TV Show,2125,South Korea,2018,Romance,9.4,7 Seasons,Excellent
NF02126,Movie,2126,Canada,1986,Sci-Fi,7.8,157 min,Good
NF02127,Movie,2127,Japan,1985,Action,5.4,163 min,Good
NF02128,Movie,2128,Canada,2010,Comedy,7.1,168 min,Average
NF02129,TV Show,2129,South Korea,2003,Comedy,7.2,8 Seasons,Good
NF02130,TV Show,2130,UK,2024,Sci-Fi,7.8,3 Seasons,Good
NF02131,Movie,2131,USA,1997,Romance,8.4,60 min,Excellent
NF02132,TV Show,2132,USA,2013,Comedy,7.1,1 Seasons,Good
NF02133,Movie,2133,South Korea,1995,Sci-Fi,5.9,168 min,Good
NF02134,Movie,2134,Canada,2004,Romance,8.6,85 min,Excellent
NF02135,TV Show,2135,Japan,2004,Romance,8.8,6 Seasons,Excellent
NF02136,TV Show,2136,UK,2000,Action,6.7,4 Seasons,Good
NF02137,Movie,2137,India,1990,Drama,6.3,169 min,Average
NF02138,Movie,2138,UK,2003,Comedy,8.8,81 min,Excellent
NF02139,TV Show,2139,USA,1983,Thriller,5.2,5 Seasons,Good
NF02140,Movie,2140,South Korea,1989,Romance,7.1,165 min,Average
NF02141,Movie,2141,South Korea,1985,Drama,9.4,118 min,Excellent
NF02142,TV Show,2142,USA,1981,Action,7.6,7 Seasons,Good
NF02143,TV Show,2143,Canada,1980,Sci-Fi,8,9 Seasons,Excellent
NF02144,TV Show,2144,Canada,2017,Sci-Fi,8.6,10 Seasons,Excellent
NF02145,TV Show,2145,UK,2014,Drama,9.6,9 Seasons,Excellent
NF02146,Movie,2146,USA,1987,Comedy,6.1,76 min,Good
NF02147,TV Show,2147,Canada,2010,Sci-Fi,9.1,6 Seasons,Excellent
NF02148,TV Show,2148,India,2003,Thriller,6.6,9 Seasons,Good
NF02149,Movie,2149,India,1999,Sci-Fi,9.3,167 min,Excellent
NF02150,TV Show,2150,India,1991,Drama,5.9,8 Seasons,Good
NF02151,TV Show,2151,UK,2004,Drama,7.4,1 Seasons,Average
NF02152,Movie,2152,USA,2008,Drama,9.6,76 min,Excellent
NF02153,Movie,2153,UK,1994,Sci-Fi,5.3,75 min,Good
NF02154,TV Show,2154,India,2016,Action,5.1,2 Seasons,Average
NF02155,Movie,2155,UK,2021,Thriller,9.5,164 min,Excellent
NF02156,Movie,2156,India,1992,Sci-Fi,8.9,168 min,Excellent
NF02157,Movie,2157,USA,2017,Romance,7.8,144 min,Good
NF02158,TV Show,2158,USA,2021,Action,5.2,1 Seasons,Good
NF02159,Movie,2159,Canada,2010,Action,7.2,96 min,Average
NF02160,Movie,2160,USA,1992,Comedy,8.6,164 min,Excellent
NF02161,Movie,2161,Japan,2014,Drama,9.3,143 min,Excellent
NF02162,TV Show,2162,India,1983,Drama,8.1,7 Seasons,Excellent
NF02163,Movie,2163,South Korea,1990,Comedy,8.6,162 min,Excellent
NF02164,Movie,2164,India,1984,Action,9,160 min,Excellent
NF02165,TV Show,2165,UK,2022,Romance,6.1,10 Seasons,Good
NF02166,Movie,2166,Japan,1984,Action,6.8,102 min,Average
NF02167,Movie,2167,South Korea,2005,Romance,5.9,123 min,Average
NF02168,Movie,2168,South Korea,2015,Sci-Fi,8.7,79 min,Excellent
NF02169,Movie,2169,UK,1992,Sci-Fi,9,102 min,Excellent
NF02170,Movie,2170,USA,2011,Thriller,8.3,103 min,Excellent
NF02171,Movie,2171,India,1989,Sci-Fi,8.9,120 min,Excellent
NF02172,TV Show,2172,UK,2018,Comedy,7.4,4 Seasons,Good
NF02173,TV Show,2173,USA,1996,Sci-Fi,9.2,8 Seasons,Excellent
NF02174,Movie,2174,USA,1982,Thriller,7.5,174 min,Good
NF02175,Movie,2175,USA,1994,Sci-Fi,5.5,115 min,Good
NF02176,Movie,2176,USA,2004,Romance,5.9,71 min,Average
NF02177,TV Show,2177,South Korea,1982,Comedy,9.6,9 Seasons,Excellent
NF02178,Movie,2178,UK,2025,Drama,5.5,147 min,Good
NF02179,TV Show,2179,Japan,2024,Thriller,7.8,9 Seasons,Average
NF02180,TV Show,2180,Japan,1987,Sci-Fi,6,5 Seasons,Good
NF02181,TV Show,2181,Canada,2001,Romance,9.5,8 Seasons,Excellent
NF02182,Movie,2182,USA,1981,Thriller,8.7,107 min,Excellent
NF02183,TV Show,2183,Japan,2000,Action,5.6,2 Seasons,Good
NF02184,TV Show,2184,Japan,1993,Sci-Fi,6.5,8 Seasons,Average
NF02185,Movie,2185,India,2007,Comedy,9.4,167 min,Excellent
NF02186,TV Show,2186,Canada,2009,Drama,9.1,2 Seasons,Excellent
NF02187,TV Show,2187,India,1987,Comedy,7.7,10 Seasons,Good
NF02188,TV Show,2188,USA,1986,Drama,8.9,3 Seasons,Excellent
NF02189,TV Show,2189,Canada,1984,Drama,8.2,1 Seasons,Excellent
NF02190,Movie,2190,India,2012,Sci-Fi,7.8,137 min,Good
NF02191,Movie,2191,Canada,1983,Thriller,5.7,176 min,Good
NF02192,TV Show,2192,USA,1987,Romance,5.9,1 Seasons,Average
NF02193,TV Show,2193,India,2013,Thriller,6.6,8 Seasons,Average
NF02194,Movie,2194,Canada,2008,Thriller,9.4,165 min,Excellent
NF02195,Movie,2195,Canada,1984,Comedy,8.3,109 min,Excellent
NF02196,TV Show,2196,USA,2019,Romance,8.6,9 Seasons,Excellent
NF02197,Movie,2197,India,1998,Comedy,5.7,65 min,Good
NF02198,TV Show,2198,South Korea,2016,Comedy,9.8,5 Seasons,Excellent
NF02199,Movie,2199,Canada,2020,Comedy,7.5,163 min,Good
NF02200,TV Show,2200,South Korea,1996,Sci-Fi,8.5,1 Seasons,Excellent
NF02201,TV Show,2201,South Korea,1986,Romance,7.6,1 Seasons,Good
NF02202,TV Show,2202,Japan,2009,Sci-Fi,7.1,10 Seasons,Good
NF02203,Movie,2203,UK,2023,Drama,6.3,92 min,Good
NF02204,TV Show,2204,UK,2007,Sci-Fi,5.7,8 Seasons,Average
NF02205,TV Show,2205,UK,1995,Comedy,8.4,8 Seasons,Excellent
NF02206,TV Show,2206,Canada,1998,Sci-Fi,6.3,5 Seasons,Good
NF02207,TV Show,2207,Japan,2012,Comedy,8.9,8 Seasons,Excellent
NF02208,Movie,2208,Canada,2026,Drama,8,104 min,Excellent
NF02209,Movie,2209,India,2021,Comedy,5.6,64 min,Good
NF02210,TV Show,2210,South Korea,1985,Sci-Fi,9.4,9 Seasons,Excellent
NF02211,TV Show,2211,India,2016,Sci-Fi,5.2,10 Seasons,Good
NF02212,TV Show,2212,Canada,1992,Action,5.8,6 Seasons,Average
NF02213,TV Show,2213,USA,1991,Sci-Fi,5.1,5 Seasons,Average
NF02214,Movie,2214,UK,1989,Romance,7.1,61 min,Average
NF02215,Movie,2215,India,1985,Comedy,9.6,111 min,Excellent
NF02216,TV Show,2216,South Korea,1982,Sci-Fi,5.5,7 Seasons,Good
NF02217,Movie,2217,UK,2014,Sci-Fi,7.2,137 min,Average
NF02218,TV Show,2218,USA,1986,Drama,7.4,1 Seasons,Good
NF02219,Movie,2219,Canada,1997,Romance,5.9,98 min,Good
NF02220,Movie,2220,South Korea,2015,Romance,8.9,167 min,Excellent
NF02221,TV Show,2221,South Korea,2007,Action,6.8,1 Seasons,Good
NF02222,Movie,2222,UK,2014,Comedy,5.6,120 min,Average
NF02223,Movie,2223,UK,2007,Drama,7.7,180 min,Average
NF02224,TV Show,2224,South Korea,1985,Comedy,7.1,6 Seasons,Good
NF02225,Movie,2225,India,1987,Drama,9.3,152 min,Excellent
NF02226,TV Show,2226,USA,1984,Sci-Fi,9.6,10 Seasons,Excellent
NF02227,TV Show,2227,India,1989,Thriller,5.6,8 Seasons,Good
NF02228,Movie,2228,USA,2005,Comedy,9.3,62 min,Excellent
NF02229,TV Show,2229,South Korea,2025,Sci-Fi,7.9,3 Seasons,Good
NF02230,Movie,2230,USA,2017,Drama,7.6,173 min,Good
NF02231,TV Show,2231,UK,1986,Thriller,5.9,6 Seasons,Good
NF02232,TV Show,2232,Japan,1993,Drama,7.1,7 Seasons,Average
NF02233,TV Show,2233,UK,1981,Comedy,7.1,8 Seasons,Good
NF02234,Movie,2234,USA,2004,Action,7.1,116 min,Good
NF02235,TV Show,2235,Canada,1998,Drama,7.4,10 Seasons,Good
NF02236,Movie,2236,USA,2026,Thriller,6.9,123 min,Good
NF02237,TV Show,2237,India,2009,Thriller,8.4,8 Seasons,Excellent
NF02238,TV Show,2238,UK,2005,Romance,9,9 Seasons,Excellent
NF02239,TV Show,2239,UK,2000,Sci-Fi,5.1,4 Seasons,Good
NF02240,TV Show,2240,Canada,2012,Sci-Fi,8.6,2 Seasons,Excellent
NF02241,TV Show,2241,Canada,1992,Sci-Fi,7.4,2 Seasons,Good
NF02242,TV Show,2242,UK,2009,Romance,7,8 Seasons,Good
NF02243,Movie,2243,UK,2000,Action,5.9,92 min,Good
NF02244,Movie,2244,Japan,1987,Comedy,5.7,60 min,Average
NF02245,TV Show,2245,India,1996,Drama,7.1,8 Seasons,Average
NF02246,Movie,2246,South Korea,1985,Action,7.7,118 min,Good
NF02247,Movie,2247,Canada,2016,Comedy,7.7,102 min,Good
NF02248,TV Show,2248,UK,1999,Comedy,5.6,10 Seasons,Good
NF02249,TV Show,2249,South Korea,1989,Sci-Fi,6.8,9 Seasons,Average
NF02250,Movie,2250,India,2005,Drama,9.3,160 min,Excellent
NF02251,TV Show,2251,Japan,2019,Action,9.6,1 Seasons,Excellent
NF02252,TV Show,2252,South Korea,1988,Thriller,9.7,5 Seasons,Excellent
NF02253,Movie,2253,USA,2012,Sci-Fi,6.8,95 min,Good
NF02254,Movie,2254,South Korea,1999,Comedy,5.5,168 min,Average
NF02255,TV Show,2255,USA,2002,Romance,5.6,7 Seasons,Average
NF02256,TV Show,2256,UK,1989,Action,7.8,4 Seasons,Average
NF02257,Movie,2257,Japan,1981,Drama,8.9,140 min,Excellent
NF02258,TV Show,2258,Canada,1990,Thriller,8.6,8 Seasons,Excellent
NF02259,TV Show,2259,South Korea,2011,Comedy,5.5,1 Seasons,Good
NF02260,TV Show,2260,Japan,2022,Thriller,6.3,1 Seasons,Average
NF02261,TV Show,2261,Canada,2009,Thriller,7.6,9 Seasons,Average
NF02262,TV Show,2262,South Korea,1994,Sci-Fi,8.5,4 Seasons,Excellent
NF02263,Movie,2263,Japan,2022,Comedy,6.7,180 min,Good
NF02264,Movie,2264,Japan,1999,Thriller,7,135 min,Average
NF02265,Movie,2265,Canada,2001,Thriller,6.7,180 min,Good
NF02266,Movie,2266,USA,1986,Sci-Fi,6.5,68 min,Average
NF02267,TV Show,2267,Canada,2008,Comedy,6.6,10 Seasons,Average
NF02268,TV Show,2268,USA,2004,Sci-Fi,5.2,1 Seasons,Average
NF02269,TV Show,2269,India,1993,Drama,7.3,6 Seasons,Average
NF02270,TV Show,2270,India,2011,Drama,8.4,9 Seasons,Excellent
NF02271,Movie,2271,Canada,1994,Thriller,8.1,136 min,Excellent
NF02272,TV Show,2272,Canada,1998,Thriller,5.8,10 Seasons,Good
NF02273,Movie,2273,South Korea,1994,Romance,7.5,128 min,Average
NF02274,Movie,2274,Canada,1985,Romance,9.1,97 min,Excellent
NF02275,Movie,2275,South Korea,2017,Action,8.4,98 min,Excellent
NF02276,TV Show,2276,Japan,2009,Sci-Fi,9.8,8 Seasons,Excellent
NF02277,TV Show,2277,South Korea,2012,Drama,8.2,7 Seasons,Excellent
NF02278,TV Show,2278,Canada,1991,Romance,6.7,2 Seasons,Good
NF02279,TV Show,2279,Canada,2025,Thriller,5.5,4 Seasons,Average
NF02280,TV Show,2280,Canada,1992,Sci-Fi,6.7,2 Seasons,Average
NF02281,Movie,2281,Canada,1998,Comedy,8.4,129 min,Excellent
NF02282,Movie,2282,Japan,2014,Thriller,9.4,170 min,Excellent
NF02283,Movie,2283,Canada,2003,Thriller,6.7,133 min,Good
NF02284,TV Show,2284,USA,2019,Sci-Fi,8.1,7 Seasons,Excellent
NF02285,TV Show,2285,UK,2007,Action,9,9 Seasons,Excellent
NF02286,Movie,2286,Japan,2013,Drama,9,100 min,Excellent
NF02287,TV Show,2287,Japan,1991,Comedy,9.1,2 Seasons,Excellent
NF02288,Movie,2288,USA,1981,Action,6.2,129 min,Good
NF02289,Movie,2289,South Korea,2023,Thriller,6.2,164 min,Average
NF02290,TV Show,2290,Japan,2017,Action,8.3,4 Seasons,Excellent
NF02291,TV Show,2291,Japan,2010,Thriller,7.8,1 Seasons,Good
NF02292,Movie,2292,India,2026,Drama,9,118 min,Excellent
NF02293,TV Show,2293,USA,2003,Romance,7.6,9 Seasons,Good
NF02294,TV Show,2294,Japan,2018,Comedy,5.9,9 Seasons,Good
NF02295,TV Show,2295,Japan,1994,Romance,9.4,9 Seasons,Excellent
NF02296,TV Show,2296,UK,2022,Comedy,5.3,9 Seasons,Good
NF02297,Movie,2297,India,2001,Sci-Fi,6.6,115 min,Average
NF02298,Movie,2298,Canada,2023,Comedy,6.1,84 min,Average
NF02299,TV Show,2299,Japan,1986,Comedy,6.5,8 Seasons,Average
NF02300,TV Show,2300,Japan,2007,Thriller,8.5,5 Seasons,Excellent
NF02301,TV Show,2301,South Korea,1987,Thriller,7.4,1 Seasons,Good
NF02302,Movie,2302,Japan,2002,Drama,6.4,149 min,Good
NF02303,Movie,2303,India,2023,Sci-Fi,8.5,168 min,Excellent
NF02304,TV Show,2304,USA,2025,Thriller,8.2,7 Seasons,Excellent
NF02305,Movie,2305,Canada,1999,Comedy,7.3,144 min,Good
NF02306,TV Show,2306,South Korea,1991,Romance,6.1,8 Seasons,Good
NF02307,TV Show,2307,Japan,1994,Comedy,5.6,6 Seasons,Average
NF02308,Movie,2308,UK,1998,Sci-Fi,5.2,139 min,Average
NF02309,Movie,2309,Canada,2014,Drama,5.1,147 min,Average
NF02310,TV Show,2310,Canada,1990,Sci-Fi,6.7,3 Seasons,Average
NF02311,Movie,2311,India,2019,Romance,7.7,158 min,Average
NF02312,Movie,2312,UK,2004,Romance,9.5,115 min,Excellent
NF02313,Movie,2313,Canada,2022,Romance,8.8,106 min,Excellent
NF02314,TV Show,2314,USA,2026,Drama,5.5,6 Seasons,Good
NF02315,Movie,2315,India,1980,Comedy,7.7,159 min,Average
NF02316,TV Show,2316,UK,2019,Comedy,9.8,2 Seasons,Excellent
NF02317,Movie,2317,Canada,1984,Comedy,7.5,134 min,Good
NF02318,TV Show,2318,South Korea,2006,Action,6.2,7 Seasons,Good
NF02319,Movie,2319,India,1990,Thriller,6.4,122 min,Average
NF02320,Movie,2320,Japan,1981,Comedy,5.1,149 min,Average
NF02321,Movie,2321,USA,2024,Romance,8.6,64 min,Excellent
NF02322,Movie,2322,Canada,2018,Sci-Fi,7.6,95 min,Good
NF02323,TV Show,2323,India,2022,Romance,9.7,9 Seasons,Excellent
NF02324,TV Show,2324,Japan,2019,Romance,9.7,6 Seasons,Excellent
NF02325,Movie,2325,Canada,2004,Drama,6.2,70 min,Good
NF02326,Movie,2326,Canada,1985,Comedy,7.4,171 min,Average
NF02327,TV Show,2327,UK,1985,Sci-Fi,6.2,10 Seasons,Good
NF02328,TV Show,2328,UK,1993,Romance,6.2,8 Seasons,Average
NF02329,Movie,2329,Canada,1995,Thriller,8.4,96 min,Excellent
NF02330,TV Show,2330,South Korea,1998,Action,9.3,9 Seasons,Excellent
NF02331,Movie,2331,Canada,2011,Romance,5.6,106 min,Good
NF02332,TV Show,2332,South Korea,2020,Drama,6.2,3 Seasons,Average
NF02333,TV Show,2333,South Korea,2026,Drama,5.6,3 Seasons,Average
NF02334,Movie,2334,South Korea,2006,Romance,7.2,180 min,Average
NF02335,Movie,2335,Canada,1981,Drama,8.6,115 min,Excellent
NF02336,Movie,2336,UK,1981,Drama,7.9,166 min,Good
NF02337,Movie,2337,UK,1980,Sci-Fi,8.2,101 min,Excellent
NF02338,TV Show,2338,Canada,1991,Romance,7.9,8 Seasons,Good
NF02339,Movie,2339,USA,2011,Sci-Fi,5.1,172 min,Good
NF02340,Movie,2340,India,2000,Action,9.2,67 min,Excellent
NF02341,Movie,2341,Japan,2017,Action,5.8,126 min,Good
NF02342,TV Show,2342,South Korea,1992,Drama,9,4 Seasons,Excellent
NF02343,Movie,2343,South Korea,1989,Thriller,9.1,128 min,Excellent
NF02344,TV Show,2344,Canada,1980,Action,7.1,8 Seasons,Good
NF02345,TV Show,2345,UK,2008,Action,7.6,4 Seasons,Good
NF02346,Movie,2346,South Korea,1983,Comedy,7.4,178 min,Good
NF02347,TV Show,2347,UK,2005,Sci-Fi,7.2,9 Seasons,Good
NF02348,TV Show,2348,South Korea,1986,Action,8.6,7 Seasons,Excellent
NF02349,Movie,2349,Canada,2009,Comedy,6,134 min,Good
NF02350,TV Show,2350,South Korea,2024,Thriller,5.1,10 Seasons,Average
NF02351,Movie,2351,USA,1988,Drama,6.7,121 min,Average
NF02352,Movie,2352,Japan,2018,Thriller,9.3,72 min,Excellent
NF02353,Movie,2353,Canada,2014,Drama,7.8,121 min,Good
NF02354,Movie,2354,South Korea,2006,Romance,6.2,177 min,Good
NF02355,Movie,2355,Canada,1985,Comedy,8.4,119 min,Excellent
NF02356,TV Show,2356,Canada,2008,Drama,6.3,10 Seasons,Good
NF02357,Movie,2357,Japan,1996,Romance,6.4,66 min,Average
NF02358,Movie,2358,Japan,2009,Comedy,6.6,131 min,Average
NF02359,Movie,2359,Japan,2006,Romance,7.1,119 min,Average
NF02360,TV Show,2360,Canada,1990,Sci-Fi,8.1,10 Seasons,Excellent
NF02361,Movie,2361,Canada,1980,Sci-Fi,8.1,73 min,Excellent
NF02362,TV Show,2362,India,1996,Action,8.5,5 Seasons,Excellent
NF02363,TV Show,2363,Japan,1984,Comedy,5.1,7 Seasons,Good
NF02364,TV Show,2364,Canada,1988,Action,5.8,8 Seasons,Average
NF02365,TV Show,2365,South Korea,2014,Drama,9.5,8 Seasons,Excellent
NF02366,TV Show,2366,USA,2015,Romance,7.7,2 Seasons,Good
NF02367,Movie,2367,India,1983,Romance,6,86 min,Good
NF02368,Movie,2368,USA,2015,Comedy,7.3,137 min,Average
NF02369,Movie,2369,UK,2021,Thriller,9.1,142 min,Excellent
NF02370,TV Show,2370,South Korea,1984,Comedy,6.8,1 Seasons,Good
NF02371,Movie,2371,USA,2019,Action,5.3,130 min,Average
NF02372,TV Show,2372,India,2012,Action,8.1,5 Seasons,Excellent
NF02373,Movie,2373,South Korea,1980,Sci-Fi,5.6,76 min,Good
NF02374,Movie,2374,UK,2017,Drama,7.7,63 min,Average
NF02375,Movie,2375,USA,1988,Sci-Fi,8.8,85 min,Excellent
NF02376,Movie,2376,UK,2024,Comedy,7.9,114 min,Good
NF02377,TV Show,2377,India,2019,Action,9.1,7 Seasons,Excellent
NF02378,Movie,2378,India,1987,Thriller,6.5,144 min,Good
NF02379,Movie,2379,UK,1995,Comedy,9.2,141 min,Excellent
NF02380,Movie,2380,UK,2019,Comedy,6.9,77 min,Good
NF02381,Movie,2381,UK,2005,Sci-Fi,7.1,86 min,Average
NF02382,TV Show,2382,South Korea,1997,Romance,6.3,1 Seasons,Good
NF02383,TV Show,2383,Japan,2010,Sci-Fi,5.7,6 Seasons,Average
NF02384,Movie,2384,India,1994,Drama,7.7,122 min,Average
NF02385,TV Show,2385,Japan,1981,Romance,6.7,3 Seasons,Good
NF02386,Movie,2386,Japan,1995,Romance,6.5,170 min,Average
NF02387,Movie,2387,USA,2001,Drama,8.1,76 min,Excellent
NF02388,Movie,2388,South Korea,1986,Thriller,9.3,140 min,Excellent
NF02389,Movie,2389,South Korea,2016,Thriller,6.6,100 min,Good
NF02390,TV Show,2390,South Korea,2008,Drama,7.6,10 Seasons,Average
NF02391,TV Show,2391,India,2015,Sci-Fi,8.7,3 Seasons,Excellent
NF02392,Movie,2392,South Korea,1983,Sci-Fi,6.8,75 min,Good
NF02393,Movie,2393,South Korea,2012,Sci-Fi,7.8,152 min,Average
NF02394,Movie,2394,UK,2020,Comedy,9.3,163 min,Excellent
NF02395,Movie,2395,Japan,1989,Drama,7.6,155 min,Good
NF02396,TV Show,2396,UK,2011,Action,6.4,8 Seasons,Good
NF02397,Movie,2397,USA,2003,Sci-Fi,6.3,71 min,Average
NF02398,TV Show,2398,Japan,1987,Thriller,9.7,5 Seasons,Excellent
NF02399,Movie,2399,USA,2023,Drama,7.7,163 min,Good
NF02400,Movie,2400,Japan,2000,Sci-Fi,9.1,72 min,Excellent
NF02401,Movie,2401,UK,2018,Action,5.3,97 min,Good
NF02402,TV Show,2402,South Korea,2022,Action,8,7 Seasons,Excellent
NF02403,TV Show,2403,India,2005,Drama,8.5,4 Seasons,Excellent
NF02404,TV Show,2404,South Korea,2014,Romance,5.7,2 Seasons,Good
NF02405,TV Show,2405,Japan,2008,Thriller,6.9,8 Seasons,Average
NF02406,TV Show,2406,South Korea,1986,Action,7.1,5 Seasons,Average
NF02407,Movie,2407,Japan,2018,Drama,9.4,170 min,Excellent
NF02408,TV Show,2408,India,2005,Drama,7.9,3 Seasons,Good
NF02409,Movie,2409,USA,2012,Sci-Fi,8.8,165 min,Excellent
NF02410,Movie,2410,UK,1981,Thriller,9.4,125 min,Excellent
NF02411,Movie,2411,UK,2024,Thriller,8.2,98 min,Excellent
NF02412,TV Show,2412,UK,1995,Thriller,7,9 Seasons,Good
NF02413,TV Show,2413,USA,1980,Thriller,8.7,6 Seasons,Excellent
NF02414,TV Show,2414,Canada,2026,Action,5.9,1 Seasons,Good
NF02415,TV Show,2415,USA,1995,Romance,8,1 Seasons,Excellent
NF02416,TV Show,2416,UK,1990,Drama,9.6,10 Seasons,Excellent
NF02417,TV Show,2417,Canada,2013,Drama,7.4,8 Seasons,Good
NF02418,TV Show,2418,India,1985,Thriller,5.8,3 Seasons,Good
NF02419,TV Show,2419,UK,2019,Comedy,7.2,6 Seasons,Average
NF02420,Movie,2420,UK,1996,Comedy,9,165 min,Excellent
NF02421,Movie,2421,USA,1995,Thriller,7.2,121 min,Good
NF02422,Movie,2422,India,2020,Action,5.7,140 min,Good
NF02423,TV Show,2423,South Korea,2018,Sci-Fi,9.4,5 Seasons,Excellent
NF02424,Movie,2424,USA,1986,Action,6.4,69 min,Good
NF02425,Movie,2425,UK,2009,Action,6.6,96 min,Average
NF02426,Movie,2426,USA,2009,Comedy,8.6,77 min,Excellent
NF02427,Movie,2427,USA,2005,Comedy,9.3,94 min,Excellent
NF02428,Movie,2428,South Korea,2014,Sci-Fi,9.1,64 min,Excellent
NF02429,TV Show,2429,South Korea,2016,Drama,5.7,10 Seasons,Good
NF02430,Movie,2430,USA,1997,Sci-Fi,6,140 min,Average
NF02431,Movie,2431,UK,1999,Romance,5,130 min,Average
NF02432,Movie,2432,India,1990,Thriller,8.1,78 min,Excellent
NF02433,Movie,2433,USA,1985,Romance,8.4,69 min,Excellent
NF02434,Movie,2434,Canada,2011,Drama,9.2,151 min,Excellent
NF02435,TV Show,2435,South Korea,2007,Romance,9.8,1 Seasons,Excellent
NF02436,TV Show,2436,USA,1987,Sci-Fi,5.5,2 Seasons,Good
NF02437,TV Show,2437,South Korea,1981,Action,8,3 Seasons,Excellent
NF02438,TV Show,2438,UK,1993,Thriller,9.1,1 Seasons,Excellent
NF02439,Movie,2439,Canada,2010,Comedy,6.6,69 min,Good
NF02440,Movie,2440,USA,2022,Sci-Fi,8.8,70 min,Excellent
NF02441,TV Show,2441,South Korea,1989,Sci-Fi,6.2,8 Seasons,Good
NF02442,TV Show,2442,India,1989,Action,6.6,10 Seasons,Average
NF02443,TV Show,2443,UK,2006,Action,7.3,2 Seasons,Average
NF02444,TV Show,2444,India,2013,Romance,9.5,8 Seasons,Excellent
NF02445,Movie,2445,Canada,2022,Thriller,6.6,93 min,Good
NF02446,Movie,2446,UK,2014,Drama,8.6,69 min,Excellent
NF02447,TV Show,2447,USA,1999,Romance,6.9,2 Seasons,Good
NF02448,TV Show,2448,UK,2019,Romance,8.7,8 Seasons,Excellent
NF02449,Movie,2449,USA,2004,Action,5.5,128 min,Good
NF02450,Movie,2450,Canada,1992,Romance,7.9,169 min,Average
NF02451,Movie,2451,UK,2021,Romance,8.9,135 min,Excellent
NF02452,TV Show,2452,South Korea,2026,Thriller,7.5,5 Seasons,Good
NF02453,TV Show,2453,UK,2024,Sci-Fi,8.6,9 Seasons,Excellent
NF02454,TV Show,2454,Japan,2015,Romance,9.2,9 Seasons,Excellent
NF02455,Movie,2455,Canada,1997,Comedy,7.9,161 min,Good
NF02456,TV Show,2456,UK,1991,Romance,8.7,4 Seasons,Excellent
NF02457,TV Show,2457,USA,2007,Action,9.6,2 Seasons,Excellent
NF02458,TV Show,2458,UK,2004,Comedy,5.9,4 Seasons,Good
NF02459,Movie,2459,India,2015,Thriller,9.1,116 min,Excellent
NF02460,Movie,2460,India,1987,Action,8,97 min,Excellent
NF02461,Movie,2461,UK,1995,Sci-Fi,9.6,172 min,Excellent
NF02462,TV Show,2462,South Korea,1981,Thriller,5.5,6 Seasons,Good
NF02463,Movie,2463,UK,2013,Action,6.6,101 min,Average
NF02464,Movie,2464,South Korea,2004,Comedy,8.3,167 min,Excellent
NF02465,Movie,2465,UK,2012,Comedy,8.7,126 min,Excellent
NF02466,TV Show,2466,UK,2008,Sci-Fi,7.9,2 Seasons,Good
NF02467,Movie,2467,South Korea,1993,Drama,6.8,99 min,Good
NF02468,TV Show,2468,USA,2018,Action,7.4,2 Seasons,Average
NF02469,Movie,2469,Canada,1983,Romance,5.5,157 min,Good
NF02470,Movie,2470,South Korea,1985,Comedy,6.5,170 min,Average
NF02471,Movie,2471,South Korea,1985,Drama,7.4,177 min,Average
NF02472,Movie,2472,Canada,2006,Drama,5.3,145 min,Good
NF02473,Movie,2473,UK,2024,Action,8.4,122 min,Excellent
NF02474,Movie,2474,India,2023,Comedy,7,135 min,Good
NF02475,Movie,2475,USA,1990,Action,5.1,138 min,Good
NF02476,TV Show,2476,India,1999,Action,9.6,8 Seasons,Excellent
NF02477,Movie,2477,Japan,2006,Comedy,5.3,86 min,Good
NF02478,TV Show,2478,Japan,1991,Drama,6,5 Seasons,Average
NF02479,Movie,2479,Canada,2017,Romance,9.1,151 min,Excellent
NF02480,Movie,2480,Japan,2008,Comedy,6.3,114 min,Good
NF02481,TV Show,2481,USA,1983,Thriller,6.3,10 Seasons,Average
NF02482,TV Show,2482,USA,2014,Sci-Fi,5.6,5 Seasons,Average
NF02483,TV Show,2483,India,1986,Sci-Fi,7.7,4 Seasons,Average
NF02484,Movie,2484,Canada,1983,Thriller,9.2,132 min,Excellent
NF02485,TV Show,2485,South Korea,2003,Comedy,6.4,1 Seasons,Good
NF02486,Movie,2486,Canada,2016,Sci-Fi,8.3,122 min,Excellent
NF02487,TV Show,2487,UK,1981,Comedy,8.2,2 Seasons,Excellent
NF02488,Movie,2488,Japan,1999,Comedy,5.2,77 min,Good
NF02489,Movie,2489,USA,2007,Comedy,6.6,118 min,Average
NF02490,Movie,2490,UK,2026,Sci-Fi,5.8,124 min,Average
NF02491,TV Show,2491,Canada,2011,Thriller,9.6,9 Seasons,Excellent
NF02492,TV Show,2492,India,2016,Comedy,8.9,4 Seasons,Excellent
NF02493,Movie,2493,UK,2012,Thriller,5.4,169 min,Good
NF02494,TV Show,2494,India,2006,Comedy,9.1,9 Seasons,Excellent
NF02495,TV Show,2495,Canada,2022,Comedy,6.1,1 Seasons,Good
NF02496,Movie,2496,Canada,1987,Romance,5.7,72 min,Average
NF02497,TV Show,2497,Canada,2018,Romance,8.7,8 Seasons,Excellent
NF02498,TV Show,2498,Canada,2000,Romance,6.4,5 Seasons,Good
NF02499,Movie,2499,India,2002,Thriller,8.4,88 min,Excellent
NF02500,Movie,2500,Canada,2012,Sci-Fi,8.9,95 min,Excellent
NF02501,TV Show,2501,South Korea,1997,Sci-Fi,7,4 Seasons,Good
NF02502,Movie,2502,UK,2000,Action,5.9,91 min,Good
NF02503,TV Show,2503,Canada,2021,Action,9.8,6 Seasons,Excellent
NF02504,TV Show,2504,Canada,1990,Romance,5.7,7 Seasons,Good
NF02505,TV Show,2505,Canada,1990,Drama,8.6,9 Seasons,Excellent
NF02506,Movie,2506,Canada,2004,Action,6.6,172 min,Good
NF02507,TV Show,2507,UK,2000,Comedy,8.3,10 Seasons,Excellent
NF02508,TV Show,2508,USA,1988,Sci-Fi,9.8,2 Seasons,Excellent
NF02509,TV Show,2509,South Korea,1986,Drama,7.7,3 Seasons,Good
NF02510,Movie,2510,India,2010,Sci-Fi,5.7,141 min,Good
NF02511,Movie,2511,Japan,1997,Romance,5.8,62 min,Average
NF02512,Movie,2512,India,2013,Action,5.9,144 min,Average
NF02513,TV Show,2513,USA,2005,Comedy,6,1 Seasons,Average
NF02514,Movie,2514,UK,1985,Thriller,9.8,100 min,Excellent
NF02515,TV Show,2515,Canada,1994,Action,7.2,8 Seasons,Good
NF02516,Movie,2516,UK,2013,Thriller,6.5,97 min,Good
NF02517,TV Show,2517,Japan,2005,Sci-Fi,8.4,2 Seasons,Excellent
NF02518,TV Show,2518,South Korea,1983,Action,6.8,5 Seasons,Good
NF02519,TV Show,2519,USA,2018,Comedy,8.7,8 Seasons,Excellent
NF02520,Movie,2520,Canada,2003,Thriller,7.6,177 min,Good
NF02521,Movie,2521,Japan,1999,Thriller,6.8,103 min,Good
NF02522,TV Show,2522,USA,2026,Romance,7.6,5 Seasons,Average
NF02523,TV Show,2523,Japan,2002,Action,8.6,5 Seasons,Excellent
NF02524,TV Show,2524,South Korea,2000,Romance,7.9,2 Seasons,Good
NF02525,Movie,2525,UK,1982,Drama,8.4,143 min,Excellent
NF02526,Movie,2526,UK,1997,Comedy,5.7,153 min,Good
NF02527,Movie,2527,UK,2006,Thriller,9.8,103 min,Excellent
NF02528,Movie,2528,South Korea,2011,Action,9.3,111 min,Excellent
NF02529,TV Show,2529,UK,1985,Comedy,7.9,6 Seasons,Good
NF02530,TV Show,2530,UK,1982,Action,7.4,5 Seasons,Good
NF02531,TV Show,2531,Japan,1992,Drama,7.1,5 Seasons,Good
NF02532,TV Show,2532,UK,1986,Action,7.2,1 Seasons,Good
NF02533,Movie,2533,India,2011,Comedy,7,100 min,Good
NF02534,TV Show,2534,South Korea,2025,Drama,8,9 Seasons,Excellent
NF02535,Movie,2535,UK,1992,Drama,9,160 min,Excellent
NF02536,Movie,2536,UK,2018,Comedy,5.9,137 min,Good
NF02537,Movie,2537,South Korea,1998,Comedy,6.7,114 min,Average
NF02538,Movie,2538,Japan,2002,Romance,7.1,121 min,Average
NF02539,Movie,2539,USA,1997,Romance,7.8,73 min,Good
NF02540,Movie,2540,India,1991,Action,8,180 min,Excellent
NF02541,Movie,2541,Canada,2021,Drama,5.7,121 min,Good
NF02542,TV Show,2542,India,2002,Action,6.7,1 Seasons,Average
NF02543,Movie,2543,UK,1995,Comedy,7.3,112 min,Average
NF02544,Movie,2544,Canada,1998,Comedy,7.5,149 min,Good
NF02545,TV Show,2545,UK,1980,Sci-Fi,6.7,7 Seasons,Good
NF02546,TV Show,2546,UK,2026,Romance,7,8 Seasons,Average
NF02547,TV Show,2547,South Korea,1994,Comedy,6.1,4 Seasons,Good
NF02548,Movie,2548,UK,1990,Drama,8.7,118 min,Excellent
NF02549,Movie,2549,India,1990,Comedy,9.3,120 min,Excellent
NF02550,TV Show,2550,India,2026,Comedy,6.1,5 Seasons,Good
NF02551,TV Show,2551,Canada,2004,Drama,5.8,6 Seasons,Average
NF02552,TV Show,2552,UK,1989,Action,7.7,3 Seasons,Average
NF02553,Movie,2553,UK,1981,Sci-Fi,5,70 min,Good
NF02554,TV Show,2554,Canada,2011,Romance,9.5,9 Seasons,Excellent
NF02555,TV Show,2555,South Korea,2011,Drama,9,9 Seasons,Excellent
NF02556,Movie,2556,UK,1981,Romance,5,79 min,Good
NF02557,Movie,2557,UK,1984,Action,8.6,137 min,Excellent
NF02558,TV Show,2558,India,1999,Drama,6.7,3 Seasons,Good
NF02559,TV Show,2559,UK,1997,Comedy,6.3,7 Seasons,Average
NF02560,TV Show,2560,Canada,2020,Thriller,8.1,10 Seasons,Excellent
NF02561,Movie,2561,India,2026,Sci-Fi,9.7,173 min,Excellent
NF02562,TV Show,2562,Canada,2005,Thriller,7.5,1 Seasons,Good
NF02563,TV Show,2563,India,1992,Romance,9.2,9 Seasons,Excellent
NF02564,Movie,2564,USA,1988,Romance,6.9,91 min,Good
NF02565,Movie,2565,India,1985,Romance,8.6,103 min,Excellent
NF02566,Movie,2566,India,1992,Sci-Fi,5,110 min,Good
NF02567,Movie,2567,Japan,2014,Comedy,5.2,156 min,Average
NF02568,TV Show,2568,UK,2004,Sci-Fi,5.4,9 Seasons,Average
NF02569,Movie,2569,Japan,1984,Romance,8.4,154 min,Excellent
NF02570,Movie,2570,India,1982,Drama,5.7,118 min,Good
NF02571,Movie,2571,India,1991,Romance,7.3,165 min,Average
NF02572,TV Show,2572,UK,1997,Thriller,5,1 Seasons,Good
NF02573,TV Show,2573,South Korea,2012,Sci-Fi,7.2,10 Seasons,Average
NF02574,Movie,2574,South Korea,1980,Romance,8.1,136 min,Excellent
NF02575,TV Show,2575,South Korea,1990,Comedy,7.7,7 Seasons,Good
NF02576,Movie,2576,UK,1984,Action,8.1,100 min,Excellent
NF02577,Movie,2577,Japan,1995,Action,7.5,130 min,Good
NF02578,Movie,2578,USA,1992,Drama,8.2,120 min,Excellent
NF02579,TV Show,2579,South Korea,2011,Comedy,5.9,9 Seasons,Good
NF02580,Movie,2580,USA,1980,Thriller,6,154 min,Average
NF02581,Movie,2581,Canada,1988,Comedy,8.9,178 min,Excellent
NF02582,Movie,2582,Japan,1993,Romance,5.4,138 min,Good
NF02583,TV Show,2583,UK,1984,Romance,5.1,4 Seasons,Average
NF02584,Movie,2584,USA,1995,Romance,5.7,62 min,Average
NF02585,Movie,2585,Japan,1993,Thriller,7.5,177 min,Average
NF02586,TV Show,2586,Canada,1981,Sci-Fi,5.1,6 Seasons,Good
NF02587,Movie,2587,Canada,2014,Comedy,9.8,111 min,Excellent
NF02588,Movie,2588,Canada,2001,Drama,7.2,80 min,Good
NF02589,TV Show,2589,USA,1983,Romance,5.5,5 Seasons,Good
NF02590,TV Show,2590,Japan,1999,Sci-Fi,9.7,3 Seasons,Excellent
NF02591,TV Show,2591,USA,2006,Action,5.4,6 Seasons,Good
NF02592,TV Show,2592,Japan,1980,Thriller,9.5,2 Seasons,Excellent
NF02593,TV Show,2593,Japan,2010,Comedy,9.5,1 Seasons,Excellent
NF02594,TV Show,2594,Japan,2011,Sci-Fi,5.3,1 Seasons,Good
NF02595,TV Show,2595,Japan,2009,Action,7.6,7 Seasons,Average
NF02596,Movie,2596,Japan,1994,Comedy,8.7,174 min,Excellent
NF02597,TV Show,2597,Japan,2003,Sci-Fi,6,6 Seasons,Good
NF02598,Movie,2598,Canada,2013,Drama,7.8,155 min,Average
NF02599,Movie,2599,Canada,1998,Thriller,9.7,79 min,Excellent
NF02600,Movie,2600,USA,2013,Romance,7.3,69 min,Good
NF02601,TV Show,2601,USA,2004,Sci-Fi,5.7,6 Seasons,Good
NF02602,TV Show,2602,Japan,1986,Comedy,7.9,6 Seasons,Average
NF02603,TV Show,2603,Canada,2016,Thriller,8.5,9 Seasons,Excellent
NF02604,Movie,2604,Canada,1983,Drama,5,79 min,Good
NF02605,Movie,2605,India,2005,Drama,5.6,87 min,Average
NF02606,Movie,2606,Japan,2012,Comedy,8.8,140 min,Excellent
NF02607,Movie,2607,USA,1991,Thriller,5.8,108 min,Good
NF02608,TV Show,2608,Japan,1988,Action,7.5,4 Seasons,Average
NF02609,Movie,2609,UK,2011,Romance,9.7,145 min,Excellent
NF02610,TV Show,2610,South Korea,1986,Thriller,6.9,7 Seasons,Good
NF02611,TV Show,2611,UK,2007,Drama,8.6,8 Seasons,Excellent
NF02612,TV Show,2612,Canada,2012,Sci-Fi,6.6,7 Seasons,Good
NF02613,Movie,2613,South Korea,1995,Romance,7.9,130 min,Average
NF02614,TV Show,2614,USA,2026,Thriller,9.3,1 Seasons,Excellent
NF02615,TV Show,2615,Canada,1998,Romance,5.7,8 Seasons,Good
NF02616,TV Show,2616,UK,2021,Action,7.2,4 Seasons,Average
NF02617,TV Show,2617,South Korea,1983,Sci-Fi,6.7,1 Seasons,Good
NF02618,Movie,2618,India,1998,Thriller,9.5,157 min,Excellent
NF02619,Movie,2619,UK,1990,Action,5.9,107 min,Good
NF02620,TV Show,2620,Canada,1997,Action,9,7 Seasons,Excellent
NF02621,Movie,2621,Canada,2002,Comedy,9.8,71 min,Excellent
NF02622,Movie,2622,USA,1994,Comedy,7.2,78 min,Good
NF02623,Movie,2623,UK,1991,Drama,8.1,68 min,Excellent
NF02624,TV Show,2624,Canada,1995,Romance,9.3,4 Seasons,Excellent
NF02625,Movie,2625,UK,2022,Comedy,5.8,156 min,Good
NF02626,TV Show,2626,USA,2011,Thriller,9.2,7 Seasons,Excellent
NF02627,TV Show,2627,South Korea,2000,Drama,8.2,2 Seasons,Excellent
NF02628,TV Show,2628,Japan,1984,Drama,5.3,6 Seasons,Good
NF02629,TV Show,2629,India,2015,Comedy,8,1 Seasons,Excellent
NF02630,Movie,2630,South Korea,1987,Thriller,5.3,94 min,Good
NF02631,Movie,2631,South Korea,2014,Action,8.8,72 min,Excellent
NF02632,Movie,2632,India,2004,Romance,6.2,167 min,Good
NF02633,TV Show,2633,India,1991,Romance,8.2,3 Seasons,Excellent
NF02634,Movie,2634,USA,2006,Drama,8,178 min,Excellent
NF02635,Movie,2635,USA,1981,Romance,9.4,166 min,Excellent
NF02636,TV Show,2636,Japan,1991,Comedy,8.5,1 Seasons,Excellent
NF02637,TV Show,2637,South Korea,1987,Sci-Fi,9.4,4 Seasons,Excellent
NF02638,TV Show,2638,Canada,1992,Romance,8.9,4 Seasons,Excellent
NF02639,Movie,2639,India,1997,Action,7.4,106 min,Good
NF02640,TV Show,2640,South Korea,1984,Action,7.5,6 Seasons,Good
NF02641,Movie,2641,Japan,2025,Action,5.8,102 min,Good
NF02642,Movie,2642,Canada,1999,Romance,9.3,78 min,Excellent
NF02643,TV Show,2643,Japan,2017,Action,9.6,6 Seasons,Excellent
NF02644,Movie,2644,South Korea,2013,Drama,7.2,162 min,Good
NF02645,Movie,2645,Canada,1986,Sci-Fi,5.3,87 min,Good
NF02646,Movie,2646,Canada,2011,Action,8,78 min,Excellent
NF02647,TV Show,2647,UK,2014,Romance,9.5,8 Seasons,Excellent
NF02648,TV Show,2648,South Korea,1998,Drama,6.5,3 Seasons,Good
NF02649,TV Show,2649,India,1991,Thriller,5.2,5 Seasons,Average
NF02650,Movie,2650,South Korea,2016,Action,6.5,84 min,Average
NF02651,TV Show,2651,Japan,1982,Thriller,9.5,2 Seasons,Excellent
NF02652,Movie,2652,Canada,2015,Sci-Fi,9.6,88 min,Excellent
NF02653,TV Show,2653,South Korea,1983,Thriller,5.4,10 Seasons,Good
NF02654,TV Show,2654,Canada,1986,Romance,5.4,1 Seasons,Average
NF02655,Movie,2655,USA,2017,Drama,5.7,167 min,Average
NF02656,TV Show,2656,India,2010,Sci-Fi,6,3 Seasons,Average
NF02657,TV Show,2657,South Korea,1996,Sci-Fi,5,1 Seasons,Average
NF02658,Movie,2658,UK,1980,Drama,6.9,82 min,Average
NF02659,TV Show,2659,South Korea,2021,Romance,5.9,5 Seasons,Average
NF02660,TV Show,2660,UK,1982,Comedy,8.2,7 Seasons,Excellent
NF02661,Movie,2661,South Korea,1986,Romance,9.3,115 min,Excellent
NF02662,TV Show,2662,USA,2015,Sci-Fi,8.5,3 Seasons,Excellent
NF02663,Movie,2663,India,1983,Action,9.4,70 min,Excellent
NF02664,TV Show,2664,India,1994,Romance,6.7,1 Seasons,Good
NF02665,TV Show,2665,USA,2004,Comedy,5.1,1 Seasons,Average
NF02666,Movie,2666,UK,1993,Drama,5.5,109 min,Average
NF02667,TV Show,2667,India,1996,Drama,7.5,2 Seasons,Average
NF02668,TV Show,2668,USA,2022,Comedy,6.6,10 Seasons,Good
NF02669,TV Show,2669,UK,2009,Action,8.6,6 Seasons,Excellent
NF02670,Movie,2670,Japan,1995,Romance,9.1,67 min,Excellent
NF02671,TV Show,2671,India,1984,Romance,7.6,2 Seasons,Good
NF02672,TV Show,2672,USA,1990,Romance,8.3,3 Seasons,Excellent
NF02673,Movie,2673,UK,1991,Action,8.3,120 min,Excellent
NF02674,TV Show,2674,India,2021,Thriller,9.7,3 Seasons,Excellent
NF02675,TV Show,2675,Canada,2020,Sci-Fi,5.9,6 Seasons,Good
NF02676,TV Show,2676,Japan,2020,Thriller,7.2,9 Seasons,Average
NF02677,Movie,2677,USA,1995,Romance,6,154 min,Good
NF02678,Movie,2678,UK,2009,Comedy,9.1,95 min,Excellent
NF02679,TV Show,2679,Canada,1995,Sci-Fi,7.7,4 Seasons,Good
NF02680,TV Show,2680,Japan,2023,Romance,8.8,4 Seasons,Excellent
NF02681,Movie,2681,India,1986,Action,7.3,142 min,Good
NF02682,Movie,2682,UK,2025,Sci-Fi,5.2,91 min,Good
NF02683,Movie,2683,India,1987,Romance,7.5,124 min,Average
NF02684,TV Show,2684,South Korea,1989,Comedy,8.1,10 Seasons,Excellent
NF02685,Movie,2685,UK,1994,Thriller,9.2,126 min,Excellent
NF02686,TV Show,2686,South Korea,1983,Romance,5,3 Seasons,Good
NF02687,Movie,2687,India,1997,Romance,9.7,127 min,Excellent
NF02688,Movie,2688,UK,1982,Action,8,168 min,Excellent
NF02689,Movie,2689,Canada,2023,Comedy,9.7,173 min,Excellent
NF02690,TV Show,2690,Canada,2000,Comedy,9.8,1 Seasons,Excellent
NF02691,Movie,2691,India,1999,Comedy,6.4,116 min,Good
NF02692,TV Show,2692,India,1986,Thriller,5.1,6 Seasons,Average
NF02693,TV Show,2693,UK,2010,Thriller,8.8,5 Seasons,Excellent
NF02694,TV Show,2694,USA,1988,Sci-Fi,5.4,2 Seasons,Good
NF02695,Movie,2695,Japan,2013,Sci-Fi,6.4,164 min,Average
NF02696,Movie,2696,UK,2020,Sci-Fi,8,147 min,Excellent
NF02697,Movie,2697,UK,2001,Comedy,9.6,117 min,Excellent
NF02698,Movie,2698,Japan,2013,Action,9,81 min,Excellent
NF02699,TV Show,2699,UK,2008,Sci-Fi,6.2,6 Seasons,Good
NF02700,Movie,2700,UK,2021,Comedy,6,83 min,Average
NF02701,TV Show,2701,South Korea,1993,Sci-Fi,8.1,3 Seasons,Excellent
NF02702,TV Show,2702,South Korea,2010,Sci-Fi,9.8,8 Seasons,Excellent
NF02703,TV Show,2703,India,1998,Sci-Fi,7.8,7 Seasons,Good
NF02704,TV Show,2704,Japan,2014,Thriller,6.2,6 Seasons,Good
NF02705,Movie,2705,USA,1985,Thriller,5.6,156 min,Average
NF02706,TV Show,2706,UK,2023,Comedy,6.5,7 Seasons,Average
NF02707,Movie,2707,India,2019,Thriller,5.5,81 min,Average
NF02708,TV Show,2708,Canada,1981,Drama,6.7,3 Seasons,Average
NF02709,TV Show,2709,USA,2024,Comedy,6,3 Seasons,Average
NF02710,TV Show,2710,Japan,1986,Drama,9.8,4 Seasons,Excellent
NF02711,Movie,2711,India,1998,Sci-Fi,8.8,158 min,Excellent
NF02712,TV Show,2712,UK,2001,Thriller,9.3,3 Seasons,Excellent
NF02713,Movie,2713,South Korea,2005,Thriller,7.2,90 min,Good
NF02714,TV Show,2714,USA,2018,Action,9.6,2 Seasons,Excellent
NF02715,Movie,2715,Canada,2020,Drama,5.2,149 min,Good
NF02716,Movie,2716,India,1995,Romance,8.3,64 min,Excellent
NF02717,TV Show,2717,South Korea,2011,Comedy,8.7,2 Seasons,Excellent
NF02718,Movie,2718,Canada,1991,Thriller,6.5,90 min,Good
NF02719,Movie,2719,Canada,2010,Comedy,8.5,73 min,Excellent
NF02720,TV Show,2720,USA,2018,Romance,9.7,5 Seasons,Excellent
NF02721,TV Show,2721,India,1983,Sci-Fi,7.6,9 Seasons,Good
NF02722,Movie,2722,Japan,1985,Romance,8.3,125 min,Excellent
NF02723,TV Show,2723,Canada,2022,Comedy,6.4,7 Seasons,Good
NF02724,TV Show,2724,Japan,2005,Drama,8.5,3 Seasons,Excellent
NF02725,TV Show,2725,Japan,2012,Sci-Fi,9.8,8 Seasons,Excellent
NF02726,Movie,2726,UK,2012,Thriller,6,135 min,Good
NF02727,Movie,2727,Canada,1982,Romance,5.5,119 min,Average
NF02728,TV Show,2728,UK,1987,Action,5.1,8 Seasons,Average
NF02729,Movie,2729,USA,2009,Drama,6.4,97 min,Average
NF02730,Movie,2730,South Korea,1996,Romance,8.1,161 min,Excellent
NF02731,Movie,2731,South Korea,2008,Drama,6.9,155 min,Good
NF02732,TV Show,2732,Canada,2017,Thriller,6.7,1 Seasons,Average
NF02733,Movie,2733,Canada,1993,Thriller,8.5,63 min,Excellent
NF02734,TV Show,2734,Japan,1995,Sci-Fi,8.7,1 Seasons,Excellent
NF02735,Movie,2735,India,1984,Romance,8.1,74 min,Excellent
NF02736,TV Show,2736,India,2013,Comedy,6.6,3 Seasons,Good
NF02737,TV Show,2737,UK,1986,Romance,8.1,6 Seasons,Excellent
NF02738,Movie,2738,Japan,1997,Comedy,7.3,107 min,Good
NF02739,Movie,2739,India,2009,Action,5.9,92 min,Good
NF02740,Movie,2740,South Korea,1984,Action,8.2,124 min,Excellent
NF02741,TV Show,2741,India,2016,Comedy,8.8,10 Seasons,Excellent
NF02742,Movie,2742,USA,2025,Drama,5.5,114 min,Good
NF02743,TV Show,2743,UK,2015,Comedy,9.1,1 Seasons,Excellent
NF02744,TV Show,2744,Japan,1985,Thriller,9.8,2 Seasons,Excellent
NF02745,Movie,2745,USA,2014,Action,6.2,177 min,Good
NF02746,TV Show,2746,Canada,2006,Romance,8,5 Seasons,Excellent
NF02747,Movie,2747,India,2009,Sci-Fi,6.8,87 min,Good
NF02748,Movie,2748,UK,2019,Romance,7.3,99 min,Average
NF02749,TV Show,2749,USA,1987,Comedy,9.5,9 Seasons,Excellent
NF02750,Movie,2750,South Korea,2022,Sci-Fi,8.3,164 min,Excellent
NF02751,Movie,2751,India,2023,Drama,8.9,82 min,Excellent
NF02752,Movie,2752,India,1985,Action,7.4,127 min,Good
NF02753,Movie,2753,USA,2007,Drama,8.7,154 min,Excellent
NF02754,Movie,2754,Canada,1993,Comedy,6.3,64 min,Good
NF02755,TV Show,2755,USA,2013,Sci-Fi,8.6,4 Seasons,Excellent
NF02756,Movie,2756,Canada,2012,Romance,9.1,112 min,Excellent
NF02757,Movie,2757,South Korea,2011,Action,9.6,131 min,Excellent
NF02758,TV Show,2758,South Korea,1990,Action,6.5,7 Seasons,Good
NF02759,Movie,2759,India,1991,Action,6.5,132 min,Average
NF02760,Movie,2760,Canada,1990,Action,5.2,60 min,Average
NF02761,TV Show,2761,South Korea,2003,Action,7.5,6 Seasons,Average
NF02762,TV Show,2762,South Korea,2009,Sci-Fi,7.7,10 Seasons,Good
NF02763,Movie,2763,UK,2026,Comedy,9,179 min,Excellent
NF02764,Movie,2764,UK,2020,Sci-Fi,6.7,141 min,Good
NF02765,TV Show,2765,Japan,2010,Drama,9.3,4 Seasons,Excellent
NF02766,TV Show,2766,Japan,2020,Drama,9.3,8 Seasons,Excellent
NF02767,Movie,2767,South Korea,1995,Action,6.7,89 min,Good
NF02768,Movie,2768,Canada,2017,Thriller,5.1,75 min,Average
NF02769,TV Show,2769,South Korea,2002,Thriller,6,6 Seasons,Average
NF02770,TV Show,2770,USA,2012,Action,8.3,9 Seasons,Excellent
NF02771,TV Show,2771,Japan,2019,Romance,5.2,1 Seasons,Good
NF02772,TV Show,2772,Canada,2019,Comedy,9.2,3 Seasons,Excellent
NF02773,TV Show,2773,South Korea,1985,Romance,8.1,2 Seasons,Excellent
NF02774,Movie,2774,USA,2007,Drama,5,109 min,Good
NF02775,Movie,2775,USA,2025,Sci-Fi,5.8,109 min,Average
NF02776,TV Show,2776,UK,1995,Thriller,8.5,9 Seasons,Excellent
NF02777,TV Show,2777,Japan,1986,Thriller,5.9,5 Seasons,Good
NF02778,TV Show,2778,India,2023,Action,5.4,10 Seasons,Average
NF02779,Movie,2779,South Korea,2013,Sci-Fi,6.3,133 min,Average
NF02780,Movie,2780,Canada,2011,Action,7.4,136 min,Average
NF02781,TV Show,2781,Japan,2000,Thriller,6.1,4 Seasons,Good
NF02782,TV Show,2782,Japan,2022,Thriller,7.8,3 Seasons,Average
NF02783,TV Show,2783,UK,1989,Comedy,9.7,10 Seasons,Excellent
NF02784,TV Show,2784,Canada,2021,Drama,6.7,10 Seasons,Good
NF02785,TV Show,2785,South Korea,1995,Thriller,8,3 Seasons,Excellent
NF02786,TV Show,2786,Canada,1997,Drama,8.2,2 Seasons,Excellent
NF02787,TV Show,2787,India,1997,Romance,5.1,3 Seasons,Good
NF02788,Movie,2788,UK,2005,Sci-Fi,8.3,104 min,Excellent
NF02789,Movie,2789,India,2012,Action,8.1,117 min,Excellent
NF02790,Movie,2790,USA,2019,Thriller,5.9,132 min,Good
NF02791,TV Show,2791,South Korea,2005,Romance,9.1,5 Seasons,Excellent
NF02792,Movie,2792,South Korea,2025,Thriller,6,89 min,Good
NF02793,Movie,2793,USA,1981,Drama,9.5,169 min,Excellent
NF02794,Movie,2794,South Korea,2003,Comedy,7.8,81 min,Good
NF02795,Movie,2795,India,1984,Romance,8.6,91 min,Excellent
NF02796,Movie,2796,Canada,2022,Comedy,7,133 min,Good
NF02797,TV Show,2797,USA,2007,Thriller,9.2,9 Seasons,Excellent
NF02798,Movie,2798,South Korea,1994,Sci-Fi,8.7,89 min,Excellent
NF02799,TV Show,2799,Japan,2004,Thriller,7.4,5 Seasons,Good
NF02800,Movie,2800,South Korea,1993,Thriller,9.1,123 min,Excellent
NF02801,TV Show,2801,India,2007,Drama,9,9 Seasons,Excellent
NF02802,TV Show,2802,South Korea,1984,Drama,8.1,5 Seasons,Excellent
NF02803,Movie,2803,Japan,2001,Thriller,6.3,155 min,Good
NF02804,TV Show,2804,Japan,1997,Romance,5.9,8 Seasons,Average
NF02805,Movie,2805,Japan,1991,Drama,6.8,98 min,Average
NF02806,Movie,2806,Japan,1990,Comedy,7.3,86 min,Average
NF02807,TV Show,2807,Canada,1994,Thriller,8.4,2 Seasons,Excellent
NF02808,Movie,2808,UK,2017,Action,9.8,117 min,Excellent
NF02809,Movie,2809,UK,1993,Drama,7.3,122 min,Good
NF02810,TV Show,2810,Canada,2022,Action,9.8,8 Seasons,Excellent
NF02811,Movie,2811,Japan,1995,Sci-Fi,6.6,165 min,Good
NF02812,Movie,2812,Japan,2005,Romance,5.9,82 min,Average
NF02813,TV Show,2813,UK,1984,Drama,5.2,8 Seasons,Average
NF02814,TV Show,2814,South Korea,2008,Action,7.3,8 Seasons,Average
NF02815,TV Show,2815,South Korea,1991,Comedy,9.6,4 Seasons,Excellent
NF02816,Movie,2816,Japan,2000,Action,7.3,178 min,Good
NF02817,TV Show,2817,USA,1991,Action,8.9,4 Seasons,Excellent
NF02818,Movie,2818,Canada,2017,Comedy,5.8,130 min,Good
NF02819,TV Show,2819,UK,1990,Action,6.7,9 Seasons,Average
NF02820,TV Show,2820,India,1985,Sci-Fi,7.6,6 Seasons,Average
NF02821,TV Show,2821,USA,2011,Thriller,7.9,4 Seasons,Good
NF02822,Movie,2822,India,1990,Romance,8.1,81 min,Excellent
NF02823,Movie,2823,USA,2000,Thriller,7,121 min,Good
NF02824,Movie,2824,India,2000,Romance,6.5,105 min,Good
NF02825,Movie,2825,South Korea,2007,Thriller,6.7,63 min,Average
NF02826,TV Show,2826,India,2000,Sci-Fi,6.6,7 Seasons,Average
NF02827,Movie,2827,UK,2024,Drama,6.8,68 min,Average
NF02828,TV Show,2828,South Korea,2023,Action,9.3,10 Seasons,Excellent
NF02829,TV Show,2829,India,2023,Thriller,5.5,2 Seasons,Good
NF02830,TV Show,2830,India,2004,Romance,9.6,4 Seasons,Excellent
NF02831,TV Show,2831,USA,2016,Action,8.3,6 Seasons,Excellent
NF02832,Movie,2832,South Korea,2016,Action,5.7,93 min,Good
NF02833,Movie,2833,India,1994,Drama,9.2,108 min,Excellent
NF02834,Movie,2834,USA,1998,Comedy,9.2,75 min,Excellent
NF02835,Movie,2835,India,2012,Comedy,5,91 min,Good
NF02836,Movie,2836,UK,2002,Sci-Fi,8.2,130 min,Excellent
NF02837,Movie,2837,UK,2018,Drama,6.4,147 min,Good
NF02838,TV Show,2838,South Korea,1987,Action,9.6,7 Seasons,Excellent
NF02839,Movie,2839,Canada,2026,Thriller,7.8,160 min,Good
NF02840,TV Show,2840,South Korea,1990,Action,6.4,10 Seasons,Good
NF02841,TV Show,2841,UK,2000,Drama,5.9,8 Seasons,Average
NF02842,TV Show,2842,India,2015,Romance,9.8,4 Seasons,Excellent
NF02843,TV Show,2843,India,2022,Romance,9.1,9 Seasons,Excellent
NF02844,TV Show,2844,Canada,2019,Romance,5.6,8 Seasons,Good
NF02845,Movie,2845,South Korea,2003,Romance,7.2,138 min,Average
NF02846,Movie,2846,UK,2002,Comedy,7.6,105 min,Good
NF02847,TV Show,2847,Japan,1988,Comedy,9.7,7 Seasons,Excellent
NF02848,Movie,2848,India,1987,Sci-Fi,6.8,102 min,Good
NF02849,TV Show,2849,USA,2008,Drama,5.6,7 Seasons,Average
NF02850,TV Show,2850,South Korea,2005,Sci-Fi,7.5,6 Seasons,Average
NF02851,TV Show,2851,South Korea,1993,Drama,7.3,4 Seasons,Good
NF02852,TV Show,2852,South Korea,2012,Sci-Fi,9.8,3 Seasons,Excellent
NF02853,TV Show,2853,India,1996,Sci-Fi,6.5,7 Seasons,Good
NF02854,TV Show,2854,Canada,2025,Comedy,9.4,10 Seasons,Excellent
NF02855,TV Show,2855,India,1995,Sci-Fi,8.8,5 Seasons,Excellent
NF02856,Movie,2856,India,1980,Sci-Fi,8.8,78 min,Excellent
NF02857,TV Show,2857,UK,2020,Thriller,9,1 Seasons,Excellent
NF02858,Movie,2858,UK,2022,Comedy,6,119 min,Good
NF02859,Movie,2859,Canada,1987,Thriller,9.8,178 min,Excellent
NF02860,TV Show,2860,Canada,2020,Romance,9.7,7 Seasons,Excellent
NF02861,TV Show,2861,Japan,2021,Comedy,6.4,4 Seasons,Good
NF02862,TV Show,2862,India,2017,Thriller,8.3,9 Seasons,Excellent
NF02863,TV Show,2863,India,2004,Romance,7.6,10 Seasons,Good
NF02864,TV Show,2864,Canada,1992,Comedy,6,3 Seasons,Good
NF02865,TV Show,2865,South Korea,2004,Comedy,7.6,3 Seasons,Average
NF02866,Movie,2866,Japan,2015,Drama,5,116 min,Good
NF02867,Movie,2867,India,2006,Sci-Fi,7.8,138 min,Average
NF02868,TV Show,2868,India,1994,Thriller,7.3,9 Seasons,Good
NF02869,TV Show,2869,India,1989,Comedy,6,1 Seasons,Good
NF02870,Movie,2870,Canada,1999,Comedy,6,68 min,Average
NF02871,TV Show,2871,South Korea,1985,Action,9.3,2 Seasons,Excellent
NF02872,Movie,2872,Canada,1993,Thriller,5,78 min,Good
NF02873,Movie,2873,Canada,2018,Sci-Fi,7.7,174 min,Average
NF02874,TV Show,2874,USA,2003,Comedy,7.8,5 Seasons,Good
NF02875,Movie,2875,Canada,1992,Drama,8,170 min,Excellent
NF02876,TV Show,2876,USA,1993,Thriller,8.8,3 Seasons,Excellent
NF02877,Movie,2877,South Korea,1983,Sci-Fi,8.5,179 min,Excellent
NF02878,TV Show,2878,Canada,2025,Romance,9.2,3 Seasons,Excellent
NF02879,TV Show,2879,Canada,1981,Thriller,8.8,6 Seasons,Excellent
NF02880,Movie,2880,USA,2009,Comedy,8.5,155 min,Excellent
NF02881,Movie,2881,UK,1982,Comedy,6,174 min,Good
NF02882,TV Show,2882,Canada,2014,Drama,8.5,1 Seasons,Excellent
NF02883,Movie,2883,Japan,2014,Comedy,5.3,111 min,Good
NF02884,Movie,2884,Japan,2026,Sci-Fi,6.4,66 min,Average
NF02885,TV Show,2885,South Korea,1997,Romance,7.5,3 Seasons,Average
NF02886,TV Show,2886,India,1989,Drama,6.3,10 Seasons,Good
NF02887,TV Show,2887,USA,2023,Drama,5.4,4 Seasons,Average
NF02888,TV Show,2888,South Korea,2018,Action,5.8,4 Seasons,Average
NF02889,Movie,2889,South Korea,2005,Action,5.4,66 min,Average
NF02890,Movie,2890,South Korea,1995,Drama,6.1,178 min,Average
NF02891,TV Show,2891,Canada,1981,Romance,5.7,9 Seasons,Average
NF02892,Movie,2892,India,1982,Thriller,6.3,67 min,Average
NF02893,Movie,2893,India,2011,Sci-Fi,5.2,112 min,Average
NF02894,Movie,2894,UK,2003,Thriller,8.7,180 min,Excellent
NF02895,Movie,2895,South Korea,1993,Romance,5.7,63 min,Good
NF02896,Movie,2896,Japan,2006,Action,7.7,148 min,Average
NF02897,Movie,2897,Canada,1997,Action,7.2,156 min,Good
NF02898,Movie,2898,India,1988,Action,9.8,66 min,Excellent
NF02899,TV Show,2899,India,2002,Romance,7,6 Seasons,Good
NF02900,Movie,2900,USA,2015,Romance,5.5,81 min,Good
NF02901,Movie,2901,UK,2002,Thriller,9.1,161 min,Excellent
NF02902,TV Show,2902,South Korea,1989,Thriller,5.8,4 Seasons,Good
NF02903,Movie,2903,USA,1994,Thriller,8.5,132 min,Excellent
NF02904,Movie,2904,Canada,2006,Sci-Fi,5.7,79 min,Good
NF02905,Movie,2905,Canada,2025,Thriller,7.7,163 min,Average
NF02906,Movie,2906,India,2000,Comedy,5.7,175 min,Good
NF02907,TV Show,2907,India,1988,Drama,6.3,4 Seasons,Average
NF02908,TV Show,2908,India,2013,Drama,8.8,9 Seasons,Excellent
NF02909,Movie,2909,Canada,1995,Action,5.3,161 min,Good
NF02910,TV Show,2910,Japan,1991,Sci-Fi,9.2,3 Seasons,Excellent
NF02911,Movie,2911,USA,1996,Comedy,9.1,82 min,Excellent
NF02912,Movie,2912,USA,1994,Action,8.3,130 min,Excellent
NF02913,TV Show,2913,Canada,1990,Sci-Fi,7.5,2 Seasons,Good
NF02914,Movie,2914,USA,1994,Action,8.9,74 min,Excellent
NF02915,TV Show,2915,Japan,2008,Comedy,9.7,4 Seasons,Excellent
NF02916,TV Show,2916,South Korea,2015,Sci-Fi,7.1,10 Seasons,Good
NF02917,TV Show,2917,USA,1986,Romance,6.6,5 Seasons,Good
NF02918,TV Show,2918,South Korea,2016,Romance,6.9,6 Seasons,Average
NF02919,Movie,2919,UK,2005,Romance,5.2,174 min,Average
NF02920,Movie,2920,UK,2002,Thriller,6.6,74 min,Average
NF02921,TV Show,2921,UK,1984,Romance,7.1,6 Seasons,Average
NF02922,Movie,2922,India,1981,Thriller,5.9,135 min,Good
NF02923,TV Show,2923,UK,2012,Romance,9.8,10 Seasons,Excellent
NF02924,Movie,2924,UK,2013,Sci-Fi,8.3,118 min,Excellent
NF02925,TV Show,2925,Japan,1994,Drama,6.6,4 Seasons,Good
NF02926,Movie,2926,South Korea,1994,Drama,7.2,80 min,Average
NF02927,Movie,2927,South Korea,2002,Drama,5.5,179 min,Good
NF02928,TV Show,2928,Japan,1999,Drama,9.2,8 Seasons,Excellent
NF02929,TV Show,2929,India,1985,Drama,7.1,5 Seasons,Good
NF02930,TV Show,2930,UK,2016,Comedy,7.2,6 Seasons,Good
NF02931,Movie,2931,South Korea,2022,Romance,8.9,164 min,Excellent
NF02932,Movie,2932,Canada,2026,Drama,6.4,98 min,Good
NF02933,TV Show,2933,Japan,1995,Romance,6.1,3 Seasons,Average
NF02934,TV Show,2934,UK,2026,Drama,8.5,6 Seasons,Excellent
NF02935,Movie,2935,USA,1995,Action,5.3,151 min,Good
NF02936,TV Show,2936,South Korea,1988,Thriller,7.4,2 Seasons,Average
NF02937,TV Show,2937,South Korea,2013,Thriller,6.7,4 Seasons,Good
NF02938,TV Show,2938,Japan,2010,Comedy,7.9,10 Seasons,Average
NF02939,Movie,2939,UK,1993,Drama,5,98 min,Good
NF02940,Movie,2940,UK,1999,Romance,7.1,99 min,Average
NF02941,Movie,2941,UK,1982,Romance,6.5,180 min,Good
NF02942,Movie,2942,South Korea,2021,Drama,5.2,142 min,Average
NF02943,Movie,2943,Japan,2004,Romance,7.3,110 min,Average
NF02944,Movie,2944,India,2009,Sci-Fi,8.8,64 min,Excellent
NF02945,Movie,2945,Canada,1982,Action,7.4,143 min,Good
NF02946,Movie,2946,Japan,1990,Action,8.8,174 min,Excellent
NF02947,Movie,2947,India,1999,Sci-Fi,9.2,71 min,Excellent
NF02948,TV Show,2948,South Korea,2019,Thriller,7.7,9 Seasons,Good
NF02949,Movie,2949,India,2014,Romance,5.7,77 min,Good
NF02950,TV Show,2950,Canada,1999,Action,6.3,3 Seasons,Average
NF02951,Movie,2951,USA,2020,Action,7.7,151 min,Average
NF02952,Movie,2952,South Korea,2018,Comedy,6.4,107 min,Good
NF02953,TV Show,2953,India,2014,Thriller,5.5,4 Seasons,Average
NF02954,Movie,2954,South Korea,2009,Action,6.8,81 min,Average
NF02955,Movie,2955,Japan,2018,Comedy,9.4,179 min,Excellent
NF02956,Movie,2956,South Korea,1999,Thriller,8.2,111 min,Excellent
NF02957,TV Show,2957,UK,2020,Thriller,7.1,7 Seasons,Good
NF02958,Movie,2958,South Korea,2017,Sci-Fi,8.6,106 min,Excellent
NF02959,Movie,2959,South Korea,1991,Thriller,8.1,82 min,Excellent
NF02960,TV Show,2960,UK,2001,Drama,6.8,3 Seasons,Good
NF02961,TV Show,2961,USA,1989,Thriller,7.5,8 Seasons,Average
NF02962,Movie,2962,Japan,1993,Thriller,5,150 min,Good
NF02963,Movie,2963,Canada,1983,Sci-Fi,6.5,154 min,Average
NF02964,TV Show,2964,Canada,2006,Action,7.1,5 Seasons,Average
NF02965,TV Show,2965,Canada,2023,Romance,6.1,10 Seasons,Good
NF02966,Movie,2966,South Korea,1982,Action,7.4,79 min,Average
NF02967,TV Show,2967,UK,2015,Action,5.6,4 Seasons,Good
NF02968,TV Show,2968,Canada,2016,Drama,8.4,6 Seasons,Excellent
NF02969,Movie,2969,Canada,1996,Romance,8.5,66 min,Excellent
NF02970,TV Show,2970,USA,1998,Drama,9,2 Seasons,Excellent
NF02971,Movie,2971,Japan,1980,Comedy,8.3,138 min,Excellent
NF02972,TV Show,2972,South Korea,2019,Thriller,8.8,7 Seasons,Excellent
NF02973,TV Show,2973,Japan,2011,Sci-Fi,9.7,8 Seasons,Excellent
NF02974,TV Show,2974,USA,2020,Romance,6.6,9 Seasons,Good
NF02975,Movie,2975,Japan,1989,Romance,8,73 min,Excellent
NF02976,Movie,2976,UK,2015,Sci-Fi,6.4,162 min,Good
NF02977,Movie,2977,South Korea,1985,Action,8.4,119 min,Excellent
NF02978,TV Show,2978,Japan,1986,Romance,7.8,2 Seasons,Good
NF02979,TV Show,2979,Japan,1990,Comedy,5.4,1 Seasons,Good
NF02980,TV Show,2980,UK,2018,Drama,5.9,1 Seasons,Average
NF02981,Movie,2981,India,1997,Drama,7,101 min,Average
NF02982,Movie,2982,India,2007,Action,7.8,75 min,Good
NF02983,Movie,2983,Japan,2001,Action,6.5,145 min,Good
NF02984,Movie,2984,Canada,1987,Thriller,9,67 min,Excellent
NF02985,Movie,2985,Japan,2000,Comedy,5.4,101 min,Good
NF02986,Movie,2986,India,1982,Comedy,9.8,91 min,Excellent
NF02987,TV Show,2987,South Korea,2012,Drama,8.2,7 Seasons,Excellent
NF02988,TV Show,2988,South Korea,2003,Sci-Fi,9.2,3 Seasons,Excellent
NF02989,TV Show,2989,Japan,1981,Comedy,7.6,5 Seasons,Good
NF02990,TV Show,2990,South Korea,2019,Thriller,7.6,1 Seasons,Good
NF02991,Movie,2991,UK,2023,Drama,9,137 min,Excellent
NF02992,Movie,2992,UK,2017,Action,8.1,171 min,Excellent
NF02993,Movie,2993,USA,2014,Comedy,5.7,163 min,Good
NF02994,TV Show,2994,India,2003,Sci-Fi,5.7,9 Seasons,Average
NF02995,TV Show,2995,India,2003,Comedy,7.9,1 Seasons,Average
NF02996,TV Show,2996,UK,2022,Comedy,7.2,5 Seasons,Good
NF02997,Movie,2997,UK,1988,Thriller,7.3,177 min,Good
NF02998,TV Show,2998,South Korea,2020,Thriller,7.5,6 Seasons,Good
NF02999,TV Show,2999,Japan,1991,Action,9.3,6 Seasons,Excellent
NF03000,TV Show,3000,Canada,2011,Romance,8.4,3 Seasons,Excellent
NF03001,TV Show,3001,UK,2008,Thriller,7.1,2 Seasons,Good
NF03002,Movie,3002,USA,1990,Action,7.5,81 min,Good
NF03003,TV Show,3003,South Korea,1993,Sci-Fi,8.6,6 Seasons,Excellent
NF03004,TV Show,3004,UK,1989,Thriller,8.6,3 Seasons,Excellent
NF03005,Movie,3005,USA,1984,Comedy,8.8,90 min,Excellent
NF03006,TV Show,3006,USA,1982,Romance,5.4,5 Seasons,Good
NF03007,TV Show,3007,USA,1998,Thriller,5.9,1 Seasons,Average
NF03008,Movie,3008,UK,1995,Thriller,5,123 min,Average
NF03009,TV Show,3009,UK,2008,Drama,6.4,3 Seasons,Average
NF03010,TV Show,3010,India,2017,Thriller,9.1,1 Seasons,Excellent
NF03011,Movie,3011,USA,1996,Comedy,8.9,91 min,Excellent
NF03012,Movie,3012,UK,1994,Romance,9.7,97 min,Excellent
NF03013,Movie,3013,UK,2006,Action,8.6,75 min,Excellent
NF03014,TV Show,3014,India,1990,Thriller,5,4 Seasons,Good
NF03015,Movie,3015,South Korea,2023,Sci-Fi,8.5,95 min,Excellent
NF03016,Movie,3016,South Korea,2004,Drama,5,119 min,Good
NF03017,TV Show,3017,South Korea,2022,Drama,8.1,2 Seasons,Excellent
NF03018,Movie,3018,South Korea,1983,Thriller,5.7,85 min,Good
NF03019,Movie,3019,UK,2026,Romance,6.1,80 min,Average
NF03020,Movie,3020,India,2019,Sci-Fi,5.3,108 min,Average
NF03021,TV Show,3021,USA,2009,Drama,8.7,6 Seasons,Excellent
NF03022,TV Show,3022,Canada,2021,Action,8.4,2 Seasons,Excellent
NF03023,Movie,3023,Japan,2023,Sci-Fi,8.6,126 min,Excellent
NF03024,TV Show,3024,UK,1983,Romance,6.9,7 Seasons,Good
NF03025,TV Show,3025,Canada,2023,Drama,6.5,9 Seasons,Average
NF03026,Movie,3026,India,1988,Action,7.4,104 min,Average
NF03027,TV Show,3027,Japan,1996,Drama,9.6,9 Seasons,Excellent
NF03028,TV Show,3028,Canada,1981,Sci-Fi,7.4,5 Seasons,Good
NF03029,TV Show,3029,UK,2011,Sci-Fi,7.4,5 Seasons,Good
NF03030,Movie,3030,Japan,1980,Thriller,7.2,87 min,Good
NF03031,TV Show,3031,South Korea,2003,Comedy,8.8,7 Seasons,Excellent
NF03032,Movie,3032,Japan,2002,Comedy,7.6,61 min,Good
NF03033,Movie,3033,UK,1982,Action,9.4,171 min,Excellent
NF03034,TV Show,3034,Japan,2010,Action,6.8,9 Seasons,Good
NF03035,Movie,3035,Japan,1986,Romance,9.5,108 min,Excellent
NF03036,TV Show,3036,Japan,2001,Drama,8.2,5 Seasons,Excellent
NF03037,Movie,3037,India,2001,Thriller,8,160 min,Excellent
NF03038,TV Show,3038,India,2015,Thriller,8.8,10 Seasons,Excellent
NF03039,Movie,3039,Canada,1992,Thriller,6.4,88 min,Good
NF03040,Movie,3040,USA,2015,Action,5.1,117 min,Average
NF03041,Movie,3041,Canada,2004,Drama,8.4,160 min,Excellent
NF03042,Movie,3042,UK,2013,Sci-Fi,7.3,84 min,Good
NF03043,Movie,3043,South Korea,2025,Romance,6.5,80 min,Good
NF03044,Movie,3044,USA,1983,Comedy,6.6,165 min,Average
NF03045,TV Show,3045,USA,2013,Sci-Fi,6,5 Seasons,Average
NF03046,Movie,3046,UK,2016,Romance,8,161 min,Excellent
NF03047,Movie,3047,USA,1988,Sci-Fi,6,178 min,Good
NF03048,TV Show,3048,South Korea,1993,Sci-Fi,7.5,7 Seasons,Average
NF03049,TV Show,3049,USA,1984,Romance,7.7,1 Seasons,Good
NF03050,Movie,3050,USA,1994,Action,8.9,165 min,Excellent
NF03051,TV Show,3051,USA,1994,Drama,9.4,8 Seasons,Excellent
NF03052,Movie,3052,UK,2002,Sci-Fi,8.6,74 min,Excellent
NF03053,TV Show,3053,USA,2005,Romance,7.6,10 Seasons,Good
NF03054,Movie,3054,India,1980,Romance,8.9,82 min,Excellent
NF03055,TV Show,3055,Canada,2007,Sci-Fi,9.1,4 Seasons,Excellent
NF03056,TV Show,3056,India,1999,Action,6,5 Seasons,Good
NF03057,Movie,3057,India,1984,Romance,5.6,147 min,Average
NF03058,TV Show,3058,India,1994,Action,8,8 Seasons,Excellent
NF03059,TV Show,3059,Canada,1982,Thriller,8.9,10 Seasons,Excellent
NF03060,Movie,3060,UK,1996,Comedy,6.7,113 min,Good
NF03061,Movie,3061,South Korea,2013,Action,5.6,96 min,Average
NF03062,TV Show,3062,UK,2016,Drama,8,9 Seasons,Excellent
NF03063,TV Show,3063,Japan,2025,Sci-Fi,7.1,2 Seasons,Good
NF03064,TV Show,3064,Japan,2007,Sci-Fi,8.8,1 Seasons,Excellent
NF03065,Movie,3065,India,2001,Thriller,7.3,154 min,Good
NF03066,Movie,3066,India,2012,Comedy,8.6,116 min,Excellent
NF03067,TV Show,3067,UK,2026,Action,8.2,3 Seasons,Excellent
NF03068,TV Show,3068,UK,1995,Thriller,9.4,2 Seasons,Excellent
NF03069,TV Show,3069,Canada,2011,Drama,6.6,10 Seasons,Good
NF03070,TV Show,3070,USA,2017,Sci-Fi,7,4 Seasons,Average
NF03071,TV Show,3071,UK,2017,Action,8.1,5 Seasons,Excellent
NF03072,TV Show,3072,USA,2004,Romance,9.8,4 Seasons,Excellent
NF03073,Movie,3073,South Korea,2016,Action,9.5,158 min,Excellent
NF03074,TV Show,3074,USA,1980,Comedy,9.5,9 Seasons,Excellent
NF03075,TV Show,3075,Canada,1986,Thriller,7.5,8 Seasons,Good
NF03076,Movie,3076,South Korea,1990,Comedy,7.5,89 min,Good
NF03077,TV Show,3077,India,1998,Action,8.1,4 Seasons,Excellent
NF03078,TV Show,3078,Canada,2010,Drama,7.9,10 Seasons,Good
NF03079,TV Show,3079,Japan,2006,Romance,7.3,4 Seasons,Good
NF03080,TV Show,3080,South Korea,2005,Action,9.8,4 Seasons,Excellent
NF03081,TV Show,3081,Japan,2012,Romance,5,2 Seasons,Good
NF03082,TV Show,3082,South Korea,1986,Comedy,5.7,3 Seasons,Average
NF03083,Movie,3083,Canada,1995,Action,5.1,65 min,Average
NF03084,TV Show,3084,Japan,2000,Drama,5.4,2 Seasons,Average
NF03085,Movie,3085,South Korea,2018,Comedy,7.6,62 min,Average
NF03086,Movie,3086,USA,1982,Romance,5.1,80 min,Good
NF03087,TV Show,3087,South Korea,1987,Drama,6.2,9 Seasons,Average
NF03088,Movie,3088,South Korea,2011,Sci-Fi,8.5,110 min,Excellent
NF03089,Movie,3089,India,1982,Thriller,8.8,169 min,Excellent
NF03090,Movie,3090,Canada,2016,Sci-Fi,6.3,85 min,Good
NF03091,TV Show,3091,Japan,1992,Thriller,6.6,8 Seasons,Average
NF03092,Movie,3092,Japan,2007,Comedy,5.5,130 min,Average
NF03093,TV Show,3093,Japan,2010,Romance,6.5,6 Seasons,Average
NF03094,TV Show,3094,Canada,2014,Action,9.1,7 Seasons,Excellent
NF03095,TV Show,3095,South Korea,2008,Sci-Fi,8.6,4 Seasons,Excellent
NF03096,Movie,3096,UK,2016,Romance,8,174 min,Excellent
NF03097,TV Show,3097,India,2010,Action,7.8,9 Seasons,Good
NF03098,TV Show,3098,India,1987,Comedy,5.5,6 Seasons,Good
NF03099,Movie,3099,South Korea,2016,Romance,7.1,99 min,Average
NF03100,Movie,3100,India,2026,Sci-Fi,5.2,79 min,Good
NF03101,TV Show,3101,South Korea,1994,Thriller,8.9,6 Seasons,Excellent
NF03102,TV Show,3102,USA,1998,Romance,7.4,6 Seasons,Good
NF03103,Movie,3103,India,2026,Action,8.2,94 min,Excellent
NF03104,Movie,3104,South Korea,1998,Drama,5.6,122 min,Good
NF03105,TV Show,3105,UK,2002,Comedy,8.7,8 Seasons,Excellent
NF03106,Movie,3106,UK,1980,Comedy,8.4,114 min,Excellent
NF03107,Movie,3107,Canada,2013,Action,6.8,111 min,Good
NF03108,Movie,3108,India,2004,Action,6.3,138 min,Average
NF03109,TV Show,3109,South Korea,2016,Comedy,6.3,4 Seasons,Average
NF03110,TV Show,3110,USA,2000,Thriller,8.7,5 Seasons,Excellent
NF03111,Movie,3111,USA,2021,Thriller,6.2,79 min,Good
NF03112,Movie,3112,UK,2000,Romance,5,150 min,Average
NF03113,Movie,3113,India,1998,Drama,8.7,173 min,Excellent
NF03114,TV Show,3114,Japan,2005,Thriller,7.6,4 Seasons,Good
NF03115,TV Show,3115,USA,2026,Romance,5.2,7 Seasons,Good
NF03116,Movie,3116,USA,2007,Drama,5.4,146 min,Average
NF03117,Movie,3117,South Korea,1990,Romance,8.7,133 min,Excellent
NF03118,TV Show,3118,South Korea,2022,Drama,9.8,6 Seasons,Excellent
NF03119,Movie,3119,India,2008,Drama,9.1,176 min,Excellent
NF03120,Movie,3120,Canada,1993,Thriller,9.8,82 min,Excellent
NF03121,Movie,3121,Japan,2010,Drama,8.9,92 min,Excellent
NF03122,Movie,3122,India,1985,Romance,7.7,116 min,Good
NF03123,TV Show,3123,India,1992,Comedy,9.2,2 Seasons,Excellent
NF03124,Movie,3124,USA,1980,Drama,5.8,136 min,Good
NF03125,TV Show,3125,Japan,1993,Comedy,6.1,6 Seasons,Average
NF03126,TV Show,3126,Canada,2020,Thriller,7.1,10 Seasons,Average
NF03127,TV Show,3127,Canada,1986,Drama,5.2,8 Seasons,Good
NF03128,TV Show,3128,USA,2013,Action,7.1,10 Seasons,Average
NF03129,Movie,3129,USA,2011,Thriller,9.5,106 min,Excellent
NF03130,TV Show,3130,South Korea,2026,Sci-Fi,9.4,7 Seasons,Excellent
NF03131,TV Show,3131,India,1991,Comedy,6.5,5 Seasons,Good
NF03132,Movie,3132,India,2007,Drama,8.2,95 min,Excellent
NF03133,TV Show,3133,South Korea,2008,Sci-Fi,6.3,3 Seasons,Good
NF03134,Movie,3134,USA,2001,Sci-Fi,5.5,79 min,Average
NF03135,Movie,3135,Canada,2013,Action,6.8,62 min,Average
NF03136,TV Show,3136,USA,1983,Drama,7.7,5 Seasons,Average
NF03137,Movie,3137,Canada,1997,Comedy,7.5,119 min,Good
NF03138,Movie,3138,South Korea,2008,Sci-Fi,9.7,119 min,Excellent
NF03139,Movie,3139,South Korea,2018,Action,9.5,158 min,Excellent
NF03140,Movie,3140,Canada,1998,Action,6.9,98 min,Good
NF03141,TV Show,3141,UK,2022,Romance,5.3,6 Seasons,Average
NF03142,Movie,3142,UK,1980,Comedy,5.7,161 min,Average
NF03143,Movie,3143,South Korea,2014,Thriller,7.2,178 min,Average
NF03144,TV Show,3144,USA,2018,Sci-Fi,7,1 Seasons,Good
NF03145,Movie,3145,USA,2019,Thriller,9.6,111 min,Excellent
NF03146,TV Show,3146,UK,2011,Comedy,7.2,7 Seasons,Good
NF03147,Movie,3147,India,2002,Drama,6.4,97 min,Good
NF03148,Movie,3148,India,1980,Action,7.8,174 min,Average
NF03149,Movie,3149,India,2017,Sci-Fi,7.7,105 min,Good
NF03150,TV Show,3150,UK,2001,Drama,7.5,3 Seasons,Good
NF03151,Movie,3151,USA,2004,Romance,8.1,63 min,Excellent
NF03152,Movie,3152,India,2008,Thriller,6.4,72 min,Good
NF03153,Movie,3153,India,1983,Drama,6.4,109 min,Average
NF03154,Movie,3154,India,2001,Drama,9.7,179 min,Excellent
NF03155,TV Show,3155,USA,1998,Romance,9.2,7 Seasons,Excellent
NF03156,TV Show,3156,USA,2007,Action,6.7,3 Seasons,Good
NF03157,TV Show,3157,Japan,1990,Action,7.5,10 Seasons,Average
NF03158,TV Show,3158,UK,2000,Romance,7.1,9 Seasons,Good
NF03159,TV Show,3159,UK,2002,Comedy,5.2,1 Seasons,Good
NF03160,Movie,3160,Canada,2019,Sci-Fi,8.3,166 min,Excellent
NF03161,TV Show,3161,Canada,2019,Drama,8.3,9 Seasons,Excellent
NF03162,TV Show,3162,South Korea,1983,Comedy,5.4,4 Seasons,Good
NF03163,Movie,3163,Japan,2021,Romance,8.4,111 min,Excellent
NF03164,TV Show,3164,UK,2001,Drama,9.2,2 Seasons,Excellent
NF03165,TV Show,3165,USA,2014,Action,6.3,10 Seasons,Good
NF03166,TV Show,3166,South Korea,2014,Romance,7,7 Seasons,Average
NF03167,TV Show,3167,UK,1990,Thriller,9,1 Seasons,Excellent
NF03168,TV Show,3168,South Korea,2012,Comedy,8.5,1 Seasons,Excellent
NF03169,TV Show,3169,South Korea,1995,Action,9,6 Seasons,Excellent
NF03170,TV Show,3170,USA,2021,Romance,7.5,2 Seasons,Good
NF03171,TV Show,3171,Japan,1995,Action,5,2 Seasons,Good
NF03172,TV Show,3172,South Korea,2000,Action,7,1 Seasons,Average
NF03173,TV Show,3173,UK,2016,Drama,7.4,3 Seasons,Good
NF03174,TV Show,3174,Canada,2012,Action,9.1,3 Seasons,Excellent
NF03175,TV Show,3175,South Korea,2021,Comedy,5.1,9 Seasons,Good
NF03176,Movie,3176,India,2012,Action,8.3,163 min,Excellent
NF03177,TV Show,3177,UK,1999,Thriller,5.9,2 Seasons,Good
NF03178,Movie,3178,USA,2005,Action,9.6,180 min,Excellent
NF03179,TV Show,3179,India,2011,Sci-Fi,9.1,3 Seasons,Excellent
NF03180,TV Show,3180,Japan,2020,Drama,5.6,1 Seasons,Good
NF03181,Movie,3181,South Korea,1986,Drama,5.9,99 min,Average
NF03182,TV Show,3182,India,1989,Thriller,7.5,10 Seasons,Average
NF03183,Movie,3183,UK,1985,Drama,8.6,78 min,Excellent
NF03184,Movie,3184,India,1992,Action,6.6,98 min,Good
NF03185,TV Show,3185,UK,2003,Thriller,9.1,9 Seasons,Excellent
NF03186,TV Show,3186,India,1998,Drama,6.1,1 Seasons,Good
NF03187,Movie,3187,Japan,1983,Romance,7.9,91 min,Average
NF03188,Movie,3188,Canada,2011,Drama,7,144 min,Good
NF03189,Movie,3189,India,1995,Romance,6.1,115 min,Good
NF03190,TV Show,3190,India,1992,Action,5.3,4 Seasons,Average
NF03191,Movie,3191,UK,1989,Drama,8.5,104 min,Excellent
NF03192,TV Show,3192,India,1986,Action,6.1,8 Seasons,Good
NF03193,TV Show,3193,Japan,1983,Drama,7.6,10 Seasons,Average
NF03194,TV Show,3194,USA,2010,Action,5.1,6 Seasons,Good
NF03195,TV Show,3195,Japan,1994,Drama,6.6,6 Seasons,Average
NF03196,Movie,3196,UK,2001,Drama,6.1,147 min,Average
NF03197,TV Show,3197,Japan,1990,Drama,6.6,7 Seasons,Average
NF03198,Movie,3198,UK,1983,Drama,7.2,104 min,Average
NF03199,TV Show,3199,South Korea,1997,Drama,5.4,4 Seasons,Good
NF03200,Movie,3200,UK,1982,Sci-Fi,9.7,137 min,Excellent
NF03201,Movie,3201,India,2001,Thriller,9.7,172 min,Excellent
NF03202,TV Show,3202,South Korea,1985,Thriller,7.2,9 Seasons,Good
NF03203,Movie,3203,Canada,2005,Romance,9.5,130 min,Excellent
NF03204,Movie,3204,Japan,1980,Romance,6,62 min,Good
NF03205,Movie,3205,Canada,1985,Thriller,9.2,139 min,Excellent
NF03206,Movie,3206,UK,2016,Comedy,5,172 min,Good
NF03207,TV Show,3207,South Korea,1988,Sci-Fi,9.8,5 Seasons,Excellent
NF03208,TV Show,3208,India,1984,Comedy,7.3,6 Seasons,Good
NF03209,TV Show,3209,UK,2001,Drama,8.5,9 Seasons,Excellent
NF03210,TV Show,3210,UK,2017,Drama,7.5,9 Seasons,Good
NF03211,TV Show,3211,Japan,1983,Thriller,5.9,10 Seasons,Good
NF03212,Movie,3212,South Korea,2019,Action,7.6,113 min,Average
NF03213,TV Show,3213,India,2026,Sci-Fi,7.8,10 Seasons,Good
NF03214,TV Show,3214,Japan,1986,Action,8,2 Seasons,Excellent
NF03215,Movie,3215,UK,1990,Thriller,6.8,169 min,Good
NF03216,TV Show,3216,Canada,1993,Action,5.2,5 Seasons,Average
NF03217,Movie,3217,Canada,2016,Action,7.1,121 min,Average
NF03218,Movie,3218,Canada,2012,Sci-Fi,5.1,69 min,Good
NF03219,TV Show,3219,USA,2004,Drama,6.5,4 Seasons,Average
NF03220,TV Show,3220,USA,2010,Sci-Fi,9.8,1 Seasons,Excellent
NF03221,TV Show,3221,UK,1993,Comedy,5.8,7 Seasons,Good
NF03222,Movie,3222,India,2006,Romance,7.8,132 min,Average
NF03223,Movie,3223,South Korea,1981,Romance,5.8,71 min,Good
NF03224,TV Show,3224,USA,1994,Thriller,5.4,4 Seasons,Average
NF03225,Movie,3225,Canada,1987,Drama,9.3,176 min,Excellent
NF03226,TV Show,3226,USA,2016,Thriller,9.2,2 Seasons,Excellent
NF03227,TV Show,3227,UK,2006,Comedy,6.1,3 Seasons,Good
NF03228,Movie,3228,USA,2011,Romance,9.1,157 min,Excellent
NF03229,TV Show,3229,Japan,2020,Action,9.6,6 Seasons,Excellent
NF03230,Movie,3230,Canada,1990,Action,8.8,162 min,Excellent
NF03231,Movie,3231,Canada,2016,Action,8.2,74 min,Excellent
NF03232,TV Show,3232,USA,1988,Romance,7.4,7 Seasons,Good
NF03233,TV Show,3233,Japan,1980,Comedy,5.1,4 Seasons,Good
NF03234,TV Show,3234,UK,2007,Thriller,9,3 Seasons,Excellent
NF03235,Movie,3235,Canada,2009,Sci-Fi,6.2,85 min,Good
NF03236,TV Show,3236,Canada,1993,Drama,5.8,5 Seasons,Average
NF03237,Movie,3237,UK,1993,Sci-Fi,9.4,92 min,Excellent
NF03238,TV Show,3238,Canada,1995,Sci-Fi,5,3 Seasons,Good
NF03239,Movie,3239,South Korea,2019,Action,9.6,105 min,Excellent
NF03240,TV Show,3240,South Korea,2004,Sci-Fi,8.2,9 Seasons,Excellent
NF03241,Movie,3241,UK,2017,Sci-Fi,7.1,167 min,Good
NF03242,Movie,3242,South Korea,1986,Thriller,8.4,180 min,Excellent
NF03243,Movie,3243,USA,1982,Action,8.3,91 min,Excellent
NF03244,Movie,3244,India,2025,Romance,8.6,63 min,Excellent
NF03245,TV Show,3245,USA,2002,Romance,6,3 Seasons,Good
NF03246,Movie,3246,South Korea,2003,Sci-Fi,9.2,93 min,Excellent
NF03247,TV Show,3247,India,1996,Romance,6.3,10 Seasons,Good
NF03248,TV Show,3248,UK,2021,Thriller,6.6,4 Seasons,Average
NF03249,Movie,3249,India,2014,Comedy,6,102 min,Average
NF03250,TV Show,3250,UK,1984,Thriller,5.6,10 Seasons,Average
NF03251,TV Show,3251,UK,2020,Drama,7.4,10 Seasons,Average
NF03252,TV Show,3252,UK,2003,Thriller,7.8,9 Seasons,Good
NF03253,Movie,3253,UK,1996,Comedy,7.9,135 min,Good
NF03254,Movie,3254,South Korea,2025,Sci-Fi,8.4,131 min,Excellent
NF03255,TV Show,3255,Canada,2006,Romance,7.9,10 Seasons,Good
NF03256,TV Show,3256,South Korea,2002,Drama,8.6,9 Seasons,Excellent
NF03257,TV Show,3257,UK,2017,Sci-Fi,6.6,5 Seasons,Good
NF03258,Movie,3258,UK,2016,Thriller,9.8,176 min,Excellent
NF03259,TV Show,3259,UK,2024,Romance,8.5,9 Seasons,Excellent
NF03260,Movie,3260,USA,2024,Comedy,5.3,67 min,Good
NF03261,TV Show,3261,Canada,1993,Drama,6.9,9 Seasons,Average
NF03262,Movie,3262,UK,2012,Sci-Fi,5.8,65 min,Average
NF03263,Movie,3263,UK,1987,Comedy,8.6,122 min,Excellent
NF03264,TV Show,3264,South Korea,1996,Sci-Fi,5.3,1 Seasons,Good
NF03265,TV Show,3265,Japan,2007,Action,8.2,8 Seasons,Excellent
NF03266,TV Show,3266,Japan,2021,Action,9.3,6 Seasons,Excellent
NF03267,Movie,3267,India,1980,Romance,5.8,146 min,Good
NF03268,Movie,3268,India,2025,Thriller,9.4,141 min,Excellent
NF03269,TV Show,3269,UK,2021,Action,6.5,3 Seasons,Good
NF03270,Movie,3270,India,1987,Sci-Fi,6.9,61 min,Average
NF03271,Movie,3271,South Korea,1980,Sci-Fi,6.6,109 min,Average
NF03272,Movie,3272,Japan,1987,Sci-Fi,9.2,144 min,Excellent
NF03273,TV Show,3273,Japan,2023,Thriller,5.8,2 Seasons,Good
NF03274,Movie,3274,India,1994,Comedy,7.9,115 min,Average
NF03275,Movie,3275,UK,2019,Sci-Fi,5.5,132 min,Good
NF03276,TV Show,3276,Canada,1989,Action,6.7,3 Seasons,Average
NF03277,TV Show,3277,UK,2017,Sci-Fi,9.5,2 Seasons,Excellent
NF03278,Movie,3278,India,2004,Sci-Fi,6.9,79 min,Good
NF03279,TV Show,3279,Japan,1984,Romance,8.4,8 Seasons,Excellent
NF03280,TV Show,3280,India,2019,Drama,5.4,5 Seasons,Good
NF03281,Movie,3281,UK,2025,Comedy,8.5,64 min,Excellent
NF03282,TV Show,3282,UK,2017,Thriller,9.3,4 Seasons,Excellent
NF03283,Movie,3283,South Korea,2018,Romance,7.4,87 min,Good
NF03284,Movie,3284,India,2021,Sci-Fi,8.2,112 min,Excellent
NF03285,TV Show,3285,Canada,2020,Thriller,8.6,5 Seasons,Excellent
NF03286,TV Show,3286,India,2018,Sci-Fi,8.1,2 Seasons,Excellent
NF03287,Movie,3287,USA,1995,Drama,5.4,141 min,Good
NF03288,TV Show,3288,Canada,1993,Comedy,8.6,9 Seasons,Excellent
NF03289,Movie,3289,Canada,2025,Comedy,7,169 min,Good
NF03290,Movie,3290,South Korea,2008,Drama,8.7,175 min,Excellent
NF03291,TV Show,3291,UK,1991,Thriller,9.1,1 Seasons,Excellent
NF03292,TV Show,3292,India,2000,Action,7.6,7 Seasons,Good
NF03293,TV Show,3293,Canada,1995,Comedy,5.9,4 Seasons,Good
NF03294,Movie,3294,UK,2004,Romance,9.2,154 min,Excellent
NF03295,TV Show,3295,UK,2007,Romance,5.8,6 Seasons,Good
NF03296,Movie,3296,USA,2006,Thriller,7.5,121 min,Average
NF03297,TV Show,3297,USA,2004,Sci-Fi,7.8,4 Seasons,Good
NF03298,Movie,3298,USA,1980,Comedy,7.1,149 min,Good
NF03299,Movie,3299,South Korea,2005,Romance,5.5,169 min,Good
NF03300,Movie,3300,UK,1995,Drama,6.4,62 min,Average
NF03301,TV Show,3301,Canada,2020,Action,6.8,5 Seasons,Average
NF03302,Movie,3302,USA,1996,Sci-Fi,8.6,148 min,Excellent
NF03303,Movie,3303,UK,2024,Comedy,6.7,157 min,Good
NF03304,TV Show,3304,India,2023,Comedy,5.9,1 Seasons,Average
NF03305,Movie,3305,Japan,1998,Comedy,7.9,159 min,Average
NF03306,Movie,3306,India,1987,Drama,8.6,166 min,Excellent
NF03307,TV Show,3307,Canada,2004,Sci-Fi,8.6,5 Seasons,Excellent
NF03308,TV Show,3308,Canada,2008,Romance,7.9,3 Seasons,Good
NF03309,Movie,3309,South Korea,2020,Comedy,5.4,151 min,Good
NF03310,TV Show,3310,South Korea,2018,Drama,6.4,10 Seasons,Average
NF03311,TV Show,3311,Japan,2002,Action,7.6,3 Seasons,Average
NF03312,TV Show,3312,UK,1992,Sci-Fi,5.7,2 Seasons,Good
NF03313,TV Show,3313,India,2025,Action,5,1 Seasons,Average
NF03314,TV Show,3314,USA,1996,Comedy,8.8,6 Seasons,Excellent
NF03315,Movie,3315,South Korea,2024,Action,9.2,121 min,Excellent
NF03316,Movie,3316,Canada,2026,Sci-Fi,6,146 min,Good
NF03317,TV Show,3317,Japan,2024,Action,5.7,2 Seasons,Average
NF03318,TV Show,3318,USA,2020,Drama,6.8,5 Seasons,Average
NF03319,Movie,3319,Japan,2022,Sci-Fi,8.1,135 min,Excellent
NF03320,TV Show,3320,UK,1982,Action,7.1,7 Seasons,Good
NF03321,Movie,3321,Japan,2007,Drama,8.5,118 min,Excellent
NF03322,Movie,3322,India,1989,Thriller,5.3,142 min,Good
NF03323,Movie,3323,USA,2014,Thriller,6.3,169 min,Average
NF03324,TV Show,3324,USA,2004,Sci-Fi,9.8,3 Seasons,Excellent
NF03325,Movie,3325,UK,2009,Romance,7.2,61 min,Good
NF03326,Movie,3326,India,1992,Action,7.9,135 min,Good
NF03327,Movie,3327,Canada,2015,Thriller,9.6,66 min,Excellent
NF03328,Movie,3328,USA,1983,Action,5.4,102 min,Good
NF03329,Movie,3329,UK,2002,Romance,9.2,146 min,Excellent
NF03330,Movie,3330,Japan,1999,Drama,8.6,158 min,Excellent
NF03331,TV Show,3331,India,2003,Romance,8.7,9 Seasons,Excellent
NF03332,TV Show,3332,USA,2013,Romance,9.5,1 Seasons,Excellent
NF03333,Movie,3333,USA,2021,Drama,8.5,151 min,Excellent
NF03334,TV Show,3334,Japan,1991,Thriller,7.3,6 Seasons,Good
NF03335,Movie,3335,Japan,2007,Romance,8.7,144 min,Excellent
NF03336,Movie,3336,South Korea,2025,Thriller,7.8,165 min,Good
NF03337,TV Show,3337,UK,1989,Sci-Fi,7.8,9 Seasons,Good
NF03338,Movie,3338,India,1994,Thriller,6.9,139 min,Good
NF03339,TV Show,3339,Canada,1994,Romance,9.3,7 Seasons,Excellent
NF03340,Movie,3340,UK,2026,Drama,7.2,86 min,Good
NF03341,TV Show,3341,Canada,1997,Sci-Fi,7.2,3 Seasons,Good
NF03342,TV Show,3342,Canada,2022,Drama,5.7,7 Seasons,Good
NF03343,TV Show,3343,Japan,2025,Action,9.6,5 Seasons,Excellent
NF03344,TV Show,3344,USA,1992,Sci-Fi,9.7,2 Seasons,Excellent
NF03345,TV Show,3345,India,2006,Sci-Fi,7.1,3 Seasons,Good
NF03346,TV Show,3346,India,1981,Sci-Fi,8.1,7 Seasons,Excellent
NF03347,Movie,3347,UK,1981,Action,6.8,96 min,Good
NF03348,Movie,3348,UK,1984,Thriller,6.2,119 min,Average
NF03349,Movie,3349,India,1982,Comedy,5.1,154 min,Average
NF03350,Movie,3350,South Korea,2007,Comedy,6.8,122 min,Average
NF03351,TV Show,3351,Canada,2003,Drama,9.2,9 Seasons,Excellent
NF03352,Movie,3352,USA,2025,Comedy,8.3,117 min,Excellent
NF03353,TV Show,3353,South Korea,1990,Comedy,9.2,8 Seasons,Excellent
NF03354,Movie,3354,South Korea,2009,Romance,9,103 min,Excellent
NF03355,Movie,3355,India,2010,Comedy,8.7,153 min,Excellent
NF03356,Movie,3356,India,2008,Action,7.5,178 min,Good
NF03357,TV Show,3357,USA,2024,Sci-Fi,9.7,9 Seasons,Excellent
NF03358,Movie,3358,Japan,2020,Romance,6,98 min,Good
NF03359,Movie,3359,South Korea,1981,Comedy,8.3,166 min,Excellent
NF03360,Movie,3360,Japan,1990,Romance,8.9,112 min,Excellent
NF03361,TV Show,3361,Japan,2018,Romance,8.4,6 Seasons,Excellent
NF03362,Movie,3362,Canada,2022,Action,8.9,62 min,Excellent
NF03363,Movie,3363,USA,2011,Sci-Fi,7.8,66 min,Good
NF03364,Movie,3364,USA,1984,Romance,9.3,154 min,Excellent
NF03365,Movie,3365,South Korea,2023,Drama,6.3,141 min,Good
NF03366,TV Show,3366,India,1997,Sci-Fi,5.4,10 Seasons,Average
NF03367,Movie,3367,USA,2013,Comedy,7.2,96 min,Average
NF03368,TV Show,3368,India,2015,Romance,5.5,9 Seasons,Good
NF03369,Movie,3369,Japan,1984,Sci-Fi,6.7,166 min,Average
NF03370,TV Show,3370,USA,2003,Action,8.8,10 Seasons,Excellent
NF03371,TV Show,3371,USA,1987,Thriller,6.7,10 Seasons,Good
NF03372,Movie,3372,UK,2015,Sci-Fi,7.1,85 min,Average
NF03373,TV Show,3373,Canada,2007,Sci-Fi,6,2 Seasons,Good
NF03374,Movie,3374,Japan,1994,Action,7.5,103 min,Average
NF03375,TV Show,3375,South Korea,2002,Comedy,8.6,1 Seasons,Excellent
NF03376,Movie,3376,Japan,2016,Comedy,5.9,85 min,Good
NF03377,TV Show,3377,UK,2006,Thriller,7.4,4 Seasons,Average
NF03378,Movie,3378,India,1999,Action,5.4,163 min,Good
NF03379,TV Show,3379,Japan,2018,Thriller,8.2,4 Seasons,Excellent
NF03380,Movie,3380,South Korea,2008,Sci-Fi,6.2,75 min,Good
NF03381,Movie,3381,Japan,2009,Action,6,74 min,Average
NF03382,Movie,3382,Japan,2024,Romance,9.3,107 min,Excellent
NF03383,Movie,3383,India,1988,Thriller,5.6,105 min,Good
NF03384,Movie,3384,South Korea,2026,Thriller,9,143 min,Excellent
NF03385,TV Show,3385,South Korea,2024,Thriller,8.5,1 Seasons,Excellent
NF03386,Movie,3386,Canada,1985,Comedy,5.5,94 min,Good
NF03387,TV Show,3387,UK,2020,Action,5.5,9 Seasons,Average
NF03388,TV Show,3388,UK,2005,Sci-Fi,9.1,4 Seasons,Excellent
NF03389,TV Show,3389,USA,2021,Romance,9.8,8 Seasons,Excellent
NF03390,TV Show,3390,UK,2011,Romance,5.5,7 Seasons,Good
NF03391,TV Show,3391,South Korea,2002,Thriller,9.3,6 Seasons,Excellent
NF03392,TV Show,3392,India,1998,Romance,8.8,9 Seasons,Excellent
NF03393,Movie,3393,India,1999,Drama,7.4,166 min,Good
NF03394,TV Show,3394,UK,2014,Romance,5.4,6 Seasons,Good
NF03395,TV Show,3395,Japan,2020,Romance,9.1,9 Seasons,Excellent
NF03396,TV Show,3396,Japan,1988,Action,6.8,3 Seasons,Good
NF03397,TV Show,3397,India,2017,Sci-Fi,8.6,8 Seasons,Excellent
NF03398,TV Show,3398,USA,2024,Thriller,8.8,9 Seasons,Excellent
NF03399,Movie,3399,Japan,2007,Sci-Fi,8.4,85 min,Excellent
NF03400,TV Show,3400,India,2013,Drama,6.9,1 Seasons,Good
NF03401,Movie,3401,South Korea,2025,Romance,7.4,162 min,Average
NF03402,Movie,3402,UK,2004,Comedy,6.8,62 min,Good
NF03403,TV Show,3403,Japan,1988,Thriller,9.8,1 Seasons,Excellent
NF03404,TV Show,3404,USA,2008,Drama,9.2,10 Seasons,Excellent
NF03405,Movie,3405,USA,2014,Drama,6.9,177 min,Good
NF03406,Movie,3406,Japan,1997,Comedy,8.2,149 min,Excellent
NF03407,TV Show,3407,USA,1985,Action,5.6,4 Seasons,Good
NF03408,Movie,3408,USA,2006,Thriller,7.4,118 min,Average
NF03409,Movie,3409,UK,2000,Romance,9.8,164 min,Excellent
NF03410,TV Show,3410,Canada,2016,Drama,5.3,10 Seasons,Good
NF03411,Movie,3411,Japan,1983,Sci-Fi,7,168 min,Average
NF03412,Movie,3412,Japan,1983,Romance,8.4,163 min,Excellent
NF03413,Movie,3413,USA,1989,Comedy,8.6,146 min,Excellent
NF03414,TV Show,3414,USA,2002,Action,5.5,7 Seasons,Good
NF03415,TV Show,3415,Japan,1991,Action,6.3,10 Seasons,Average
NF03416,Movie,3416,USA,1998,Sci-Fi,8.6,89 min,Excellent
NF03417,Movie,3417,India,2020,Romance,6.4,78 min,Good
NF03418,Movie,3418,Canada,1991,Thriller,6.4,88 min,Average
NF03419,Movie,3419,Canada,2000,Sci-Fi,5.8,65 min,Average
NF03420,TV Show,3420,USA,2020,Comedy,6.1,8 Seasons,Average
NF03421,Movie,3421,Japan,2021,Drama,8.6,122 min,Excellent
NF03422,TV Show,3422,Canada,1980,Comedy,9,7 Seasons,Excellent
NF03423,Movie,3423,Canada,2023,Action,5.1,116 min,Good
NF03424,Movie,3424,UK,2013,Action,5.5,158 min,Average
NF03425,Movie,3425,UK,1993,Romance,9.7,172 min,Excellent
NF03426,Movie,3426,South Korea,1994,Action,5.2,96 min,Good
NF03427,TV Show,3427,India,2000,Comedy,7,8 Seasons,Average
NF03428,Movie,3428,South Korea,2025,Romance,9.7,118 min,Excellent
NF03429,TV Show,3429,South Korea,1993,Comedy,5.5,1 Seasons,Good
NF03430,Movie,3430,UK,2025,Romance,7.7,138 min,Average
NF03431,Movie,3431,India,1998,Drama,5.1,83 min,Good
NF03432,Movie,3432,Canada,2023,Romance,8.4,120 min,Excellent
NF03433,TV Show,3433,India,1982,Thriller,5.4,4 Seasons,Good
NF03434,TV Show,3434,South Korea,1995,Drama,6.3,4 Seasons,Average
NF03435,Movie,3435,UK,2021,Thriller,9.3,117 min,Excellent
NF03436,TV Show,3436,USA,1994,Action,5.8,5 Seasons,Good
NF03437,TV Show,3437,South Korea,2022,Action,5,10 Seasons,Average
NF03438,Movie,3438,USA,1984,Drama,5.3,97 min,Average
NF03439,TV Show,3439,Canada,2012,Sci-Fi,9.6,10 Seasons,Excellent
NF03440,Movie,3440,South Korea,1993,Drama,6.7,121 min,Good
NF03441,Movie,3441,India,1992,Thriller,6.2,120 min,Average
NF03442,Movie,3442,India,2004,Action,9,147 min,Excellent
NF03443,Movie,3443,UK,1985,Action,8.4,147 min,Excellent
NF03444,Movie,3444,USA,2012,Drama,5.8,66 min,Good
NF03445,TV Show,3445,USA,1992,Action,5.8,6 Seasons,Average
NF03446,Movie,3446,USA,2015,Action,6.3,76 min,Average
NF03447,Movie,3447,Japan,1989,Romance,7.9,84 min,Average
NF03448,TV Show,3448,UK,1984,Drama,5.8,8 Seasons,Good
NF03449,TV Show,3449,Japan,2013,Romance,6.6,2 Seasons,Average
NF03450,Movie,3450,South Korea,2021,Comedy,8.2,95 min,Excellent
NF03451,TV Show,3451,Japan,2016,Thriller,5.2,8 Seasons,Good
NF03452,Movie,3452,Canada,2019,Comedy,7.3,173 min,Average
NF03453,TV Show,3453,Canada,1989,Comedy,6.3,7 Seasons,Good
NF03454,TV Show,3454,Japan,1999,Action,7.8,8 Seasons,Average
NF03455,Movie,3455,South Korea,2009,Romance,5,179 min,Good
NF03456,TV Show,3456,Japan,1991,Action,6.6,4 Seasons,Average
NF03457,Movie,3457,India,1996,Comedy,8.5,119 min,Excellent
NF03458,TV Show,3458,South Korea,2002,Comedy,6.1,3 Seasons,Good
NF03459,Movie,3459,Canada,1994,Romance,7.4,101 min,Average
NF03460,Movie,3460,India,2000,Romance,8.9,167 min,Excellent
NF03461,Movie,3461,South Korea,1985,Sci-Fi,7.3,106 min,Good
NF03462,TV Show,3462,South Korea,2005,Thriller,6.6,5 Seasons,Good
NF03463,TV Show,3463,South Korea,2014,Sci-Fi,7.7,3 Seasons,Average
NF03464,TV Show,3464,India,2003,Comedy,9.8,6 Seasons,Excellent
NF03465,Movie,3465,Japan,2016,Thriller,6.7,129 min,Good
NF03466,TV Show,3466,UK,2008,Sci-Fi,7.5,4 Seasons,Average
NF03467,Movie,3467,Canada,1995,Thriller,9.6,123 min,Excellent
NF03468,Movie,3468,Japan,2011,Action,9.6,62 min,Excellent
NF03469,Movie,3469,Canada,2008,Thriller,6.6,171 min,Good
NF03470,TV Show,3470,India,2016,Thriller,9,2 Seasons,Excellent
NF03471,TV Show,3471,Japan,2026,Thriller,6.9,9 Seasons,Good
NF03472,Movie,3472,Japan,1980,Action,5.6,168 min,Average
NF03473,TV Show,3473,Canada,2020,Comedy,6.4,3 Seasons,Average
NF03474,Movie,3474,Canada,1987,Drama,6.5,86 min,Average
NF03475,Movie,3475,South Korea,2015,Action,7.1,172 min,Average
NF03476,TV Show,3476,USA,2001,Drama,6.8,5 Seasons,Good
NF03477,TV Show,3477,India,2024,Action,5.6,9 Seasons,Average
NF03478,Movie,3478,UK,1991,Romance,9.5,110 min,Excellent
NF03479,Movie,3479,India,2026,Action,6.5,66 min,Good
NF03480,Movie,3480,Japan,2021,Comedy,8.3,179 min,Excellent
NF03481,Movie,3481,USA,2009,Comedy,8.8,147 min,Excellent
NF03482,Movie,3482,Japan,2020,Thriller,6.5,145 min,Good
NF03483,TV Show,3483,UK,1989,Action,5.9,3 Seasons,Average
NF03484,TV Show,3484,Canada,1999,Romance,9.1,1 Seasons,Excellent
NF03485,TV Show,3485,USA,1987,Romance,5.2,7 Seasons,Good
NF03486,TV Show,3486,South Korea,2007,Thriller,9.8,8 Seasons,Excellent
NF03487,Movie,3487,South Korea,1995,Thriller,6.1,99 min,Good
NF03488,TV Show,3488,India,1999,Drama,9.8,6 Seasons,Excellent
NF03489,Movie,3489,Canada,2025,Drama,5.7,152 min,Good
NF03490,Movie,3490,South Korea,2012,Action,7,82 min,Average
NF03491,Movie,3491,India,1984,Comedy,9.5,163 min,Excellent
NF03492,TV Show,3492,Japan,2023,Action,9.5,10 Seasons,Excellent
NF03493,TV Show,3493,South Korea,2024,Drama,7.6,1 Seasons,Good
NF03494,TV Show,3494,India,2005,Sci-Fi,6.9,6 Seasons,Good
NF03495,Movie,3495,UK,2016,Romance,9,128 min,Excellent
NF03496,TV Show,3496,India,2015,Sci-Fi,8.8,6 Seasons,Excellent
NF03497,TV Show,3497,USA,2024,Drama,8.9,1 Seasons,Excellent
NF03498,Movie,3498,Canada,2025,Thriller,8.4,172 min,Excellent
NF03499,TV Show,3499,Canada,2021,Action,7.6,5 Seasons,Good
NF03500,Movie,3500,UK,2022,Thriller,6.1,161 min,Good
NF03501,Movie,3501,India,2026,Romance,9.2,151 min,Excellent
NF03502,Movie,3502,Japan,2017,Comedy,6.1,116 min,Good
NF03503,Movie,3503,USA,1995,Comedy,5.7,157 min,Average
NF03504,Movie,3504,Canada,2002,Action,6.4,164 min,Average
NF03505,Movie,3505,India,1990,Thriller,6.9,130 min,Average
NF03506,TV Show,3506,UK,2019,Romance,7.1,3 Seasons,Average
NF03507,TV Show,3507,South Korea,1987,Sci-Fi,7.8,10 Seasons,Good
NF03508,Movie,3508,Japan,1981,Thriller,6.4,87 min,Good
NF03509,TV Show,3509,Japan,2008,Action,9.1,2 Seasons,Excellent
NF03510,TV Show,3510,Canada,2004,Action,7.6,7 Seasons,Good
NF03511,TV Show,3511,Japan,2002,Romance,8.8,3 Seasons,Excellent
NF03512,TV Show,3512,Canada,2004,Romance,5.2,3 Seasons,Good
NF03513,TV Show,3513,South Korea,2007,Action,7.9,3 Seasons,Average
NF03514,TV Show,3514,Canada,2021,Drama,8,6 Seasons,Excellent
NF03515,Movie,3515,South Korea,2000,Sci-Fi,7.9,109 min,Good
NF03516,TV Show,3516,USA,1994,Comedy,5.4,7 Seasons,Good
NF03517,Movie,3517,USA,2007,Action,9.8,98 min,Excellent
NF03518,TV Show,3518,Japan,2011,Action,9.6,7 Seasons,Excellent
NF03519,Movie,3519,South Korea,2017,Romance,7.8,96 min,Good
NF03520,Movie,3520,USA,2009,Drama,8.4,96 min,Excellent
NF03521,TV Show,3521,Japan,2002,Action,8.3,9 Seasons,Excellent
NF03522,Movie,3522,India,1994,Romance,6.1,83 min,Good
NF03523,Movie,3523,UK,1988,Sci-Fi,7.5,133 min,Average
NF03524,TV Show,3524,South Korea,1994,Drama,8.5,1 Seasons,Excellent
NF03525,Movie,3525,UK,2008,Sci-Fi,6.3,154 min,Good
NF03526,Movie,3526,Japan,1995,Drama,9.5,174 min,Excellent
NF03527,Movie,3527,Canada,2022,Thriller,7.5,66 min,Good
NF03528,TV Show,3528,India,2017,Drama,5.6,10 Seasons,Good
NF03529,Movie,3529,UK,2007,Romance,5.1,137 min,Average
NF03530,Movie,3530,South Korea,1988,Romance,9.1,140 min,Excellent
NF03531,TV Show,3531,UK,1982,Comedy,5.1,2 Seasons,Good
NF03532,Movie,3532,UK,1993,Action,6,88 min,Average
NF03533,Movie,3533,India,2012,Romance,5.5,65 min,Average
NF03534,Movie,3534,UK,1986,Sci-Fi,5.8,97 min,Average
NF03535,TV Show,3535,South Korea,2009,Comedy,8.2,7 Seasons,Excellent
NF03536,Movie,3536,Canada,1994,Drama,6.3,78 min,Good
NF03537,Movie,3537,Japan,2007,Action,5.9,136 min,Average
NF03538,TV Show,3538,South Korea,1999,Thriller,5.6,7 Seasons,Average
NF03539,Movie,3539,USA,1987,Sci-Fi,8.1,148 min,Excellent
NF03540,TV Show,3540,Japan,2002,Drama,7.2,5 Seasons,Good
NF03541,TV Show,3541,India,2015,Romance,7.9,5 Seasons,Good
NF03542,Movie,3542,UK,2000,Romance,9.1,151 min,Excellent
NF03543,Movie,3543,South Korea,2024,Drama,8.8,177 min,Excellent
NF03544,Movie,3544,UK,2008,Action,5.3,61 min,Good
NF03545,Movie,3545,Canada,2004,Comedy,7.6,80 min,Average
NF03546,TV Show,3546,India,1981,Thriller,6.2,2 Seasons,Good
NF03547,TV Show,3547,South Korea,2009,Comedy,8,8 Seasons,Excellent
NF03548,Movie,3548,UK,2004,Sci-Fi,7.5,113 min,Good
NF03549,TV Show,3549,India,1989,Drama,8.9,1 Seasons,Excellent
NF03550,Movie,3550,South Korea,2020,Comedy,8.5,164 min,Excellent
NF03551,Movie,3551,UK,2012,Drama,8,160 min,Excellent
NF03552,Movie,3552,Japan,2023,Action,9.7,123 min,Excellent
NF03553,Movie,3553,India,2003,Romance,8.1,92 min,Excellent
NF03554,TV Show,3554,Canada,1981,Action,8.6,6 Seasons,Excellent
NF03555,TV Show,3555,UK,1993,Action,6.5,6 Seasons,Good
NF03556,Movie,3556,UK,2016,Thriller,6.6,127 min,Average
NF03557,Movie,3557,Canada,2004,Drama,5.9,172 min,Average
NF03558,Movie,3558,USA,2026,Sci-Fi,7.7,108 min,Average
NF03559,Movie,3559,USA,2026,Thriller,8.7,139 min,Excellent
NF03560,Movie,3560,India,2015,Romance,9.3,64 min,Excellent
NF03561,Movie,3561,South Korea,2014,Romance,5.1,179 min,Good
NF03562,Movie,3562,Canada,1989,Romance,8.9,128 min,Excellent
NF03563,TV Show,3563,UK,2000,Comedy,5.7,2 Seasons,Good
NF03564,Movie,3564,UK,1989,Thriller,6.7,66 min,Average
NF03565,TV Show,3565,Japan,2003,Sci-Fi,5.6,6 Seasons,Average
NF03566,TV Show,3566,Canada,2023,Drama,5.5,5 Seasons,Average
NF03567,TV Show,3567,USA,2012,Sci-Fi,9.2,1 Seasons,Excellent
NF03568,Movie,3568,Canada,2021,Action,5.1,65 min,Good
NF03569,Movie,3569,Japan,2010,Romance,7.5,160 min,Average
NF03570,TV Show,3570,UK,2019,Thriller,8.6,4 Seasons,Excellent
NF03571,Movie,3571,USA,1993,Romance,7.3,115 min,Good
NF03572,Movie,3572,India,2004,Sci-Fi,8.6,73 min,Excellent
NF03573,Movie,3573,USA,1991,Romance,8.5,122 min,Excellent
NF03574,Movie,3574,USA,2013,Thriller,5.8,93 min,Good
NF03575,TV Show,3575,Japan,2025,Drama,5.5,6 Seasons,Average
NF03576,Movie,3576,USA,2015,Comedy,5.8,160 min,Average
NF03577,TV Show,3577,Japan,1990,Sci-Fi,5,7 Seasons,Average
NF03578,Movie,3578,India,2005,Comedy,9,95 min,Excellent
NF03579,Movie,3579,UK,1990,Sci-Fi,6.3,155 min,Good
NF03580,Movie,3580,Canada,1989,Romance,9.4,152 min,Excellent
NF03581,Movie,3581,India,1980,Thriller,7.7,169 min,Good
NF03582,Movie,3582,UK,2020,Drama,6.9,104 min,Good
NF03583,TV Show,3583,Canada,2026,Action,8,9 Seasons,Excellent
NF03584,Movie,3584,Canada,2019,Romance,7.9,176 min,Good
NF03585,TV Show,3585,UK,2000,Thriller,7.7,5 Seasons,Good
NF03586,TV Show,3586,Japan,2017,Thriller,9.6,8 Seasons,Excellent
NF03587,TV Show,3587,USA,1995,Thriller,9.5,5 Seasons,Excellent
NF03588,TV Show,3588,India,1997,Drama,8.8,4 Seasons,Excellent
NF03589,TV Show,3589,Canada,2023,Romance,6.3,6 Seasons,Good
NF03590,Movie,3590,India,1994,Comedy,8.6,149 min,Excellent
NF03591,TV Show,3591,India,2019,Action,6.7,5 Seasons,Good
NF03592,Movie,3592,Canada,1993,Comedy,5,125 min,Average
NF03593,Movie,3593,South Korea,2019,Action,8.9,89 min,Excellent
NF03594,Movie,3594,India,2006,Sci-Fi,7.8,144 min,Good
NF03595,Movie,3595,India,2018,Comedy,8.6,170 min,Excellent
NF03596,TV Show,3596,India,1992,Romance,5.6,1 Seasons,Good
NF03597,TV Show,3597,India,2012,Romance,5.2,4 Seasons,Average
NF03598,Movie,3598,Canada,1988,Action,7.4,116 min,Average
NF03599,TV Show,3599,UK,1996,Thriller,8.4,4 Seasons,Excellent
NF03600,TV Show,3600,India,1996,Sci-Fi,8.6,10 Seasons,Excellent
NF03601,TV Show,3601,India,2012,Action,5.3,1 Seasons,Good
NF03602,TV Show,3602,India,2021,Thriller,5.6,3 Seasons,Average
NF03603,TV Show,3603,India,1982,Comedy,5.1,1 Seasons,Average
NF03604,TV Show,3604,Japan,1983,Sci-Fi,9.8,6 Seasons,Excellent
NF03605,Movie,3605,South Korea,1994,Sci-Fi,8.9,69 min,Excellent
NF03606,TV Show,3606,UK,1988,Romance,5.7,3 Seasons,Good
NF03607,TV Show,3607,South Korea,1997,Comedy,9.1,1 Seasons,Excellent
NF03608,TV Show,3608,India,2000,Romance,5.8,6 Seasons,Good
NF03609,TV Show,3609,UK,2014,Comedy,9.2,8 Seasons,Excellent
NF03610,TV Show,3610,Canada,2007,Romance,9.1,2 Seasons,Excellent
NF03611,TV Show,3611,UK,1998,Romance,9.1,5 Seasons,Excellent
NF03612,Movie,3612,Canada,2007,Action,5.7,172 min,Good
NF03613,Movie,3613,South Korea,1993,Action,8.5,143 min,Excellent
NF03614,TV Show,3614,South Korea,1995,Romance,5.9,5 Seasons,Good
NF03615,TV Show,3615,Canada,2006,Comedy,7.9,8 Seasons,Average
NF03616,Movie,3616,India,1986,Comedy,9.3,75 min,Excellent
NF03617,Movie,3617,Canada,2011,Thriller,8.5,61 min,Excellent
NF03618,Movie,3618,South Korea,1991,Comedy,5.7,62 min,Good
NF03619,Movie,3619,UK,1990,Romance,6.6,180 min,Average
NF03620,Movie,3620,India,1998,Thriller,7.2,119 min,Average
NF03621,Movie,3621,USA,2022,Romance,5.1,86 min,Good
NF03622,TV Show,3622,India,2007,Sci-Fi,8,1 Seasons,Excellent
NF03623,Movie,3623,India,1998,Comedy,5.1,108 min,Good
NF03624,TV Show,3624,USA,2005,Comedy,9.4,3 Seasons,Excellent
NF03625,TV Show,3625,South Korea,1993,Comedy,7.7,8 Seasons,Good
NF03626,Movie,3626,Japan,2021,Comedy,7.1,137 min,Good
NF03627,TV Show,3627,South Korea,2020,Comedy,8.9,4 Seasons,Excellent
NF03628,Movie,3628,India,2016,Comedy,5.1,135 min,Good
NF03629,TV Show,3629,Japan,1995,Comedy,6.2,6 Seasons,Average
NF03630,Movie,3630,Canada,2007,Sci-Fi,5.2,62 min,Average
NF03631,TV Show,3631,USA,1990,Sci-Fi,9.8,7 Seasons,Excellent
NF03632,Movie,3632,South Korea,2015,Comedy,6.2,61 min,Good
NF03633,Movie,3633,UK,1992,Sci-Fi,5.8,166 min,Average
NF03634,TV Show,3634,South Korea,2024,Comedy,9.8,1 Seasons,Excellent
NF03635,TV Show,3635,USA,2022,Thriller,5.6,4 Seasons,Good
NF03636,TV Show,3636,Japan,1984,Thriller,5.3,5 Seasons,Average
NF03637,TV Show,3637,South Korea,1981,Sci-Fi,9.2,4 Seasons,Excellent
NF03638,Movie,3638,South Korea,1997,Drama,8.9,163 min,Excellent
NF03639,Movie,3639,Canada,1991,Thriller,9.5,73 min,Excellent
NF03640,TV Show,3640,South Korea,1982,Comedy,8.5,9 Seasons,Excellent
NF03641,Movie,3641,Japan,2021,Thriller,5.5,116 min,Good
NF03642,TV Show,3642,India,1995,Romance,6,6 Seasons,Average
NF03643,TV Show,3643,India,1987,Action,5.7,9 Seasons,Average
NF03644,Movie,3644,UK,1995,Romance,9.4,130 min,Excellent
NF03645,TV Show,3645,South Korea,1987,Sci-Fi,6.1,6 Seasons,Good
NF03646,Movie,3646,India,2006,Thriller,5.5,70 min,Average
NF03647,Movie,3647,Canada,1985,Action,8.8,115 min,Excellent
NF03648,Movie,3648,UK,2009,Sci-Fi,9.3,148 min,Excellent
NF03649,Movie,3649,Japan,1997,Romance,7.7,87 min,Good
NF03650,TV Show,3650,India,1998,Action,7.7,4 Seasons,Good
NF03651,Movie,3651,UK,1984,Thriller,5,87 min,Good
NF03652,Movie,3652,Japan,1999,Comedy,6,142 min,Average
NF03653,TV Show,3653,USA,1986,Thriller,9.1,4 Seasons,Excellent
NF03654,TV Show,3654,UK,2004,Thriller,6.9,1 Seasons,Good
NF03655,TV Show,3655,USA,2005,Romance,9.1,1 Seasons,Excellent
NF03656,TV Show,3656,India,1990,Drama,6.2,10 Seasons,Good
NF03657,TV Show,3657,UK,1980,Romance,7.5,2 Seasons,Average
NF03658,Movie,3658,Canada,1992,Thriller,8.4,129 min,Excellent
NF03659,Movie,3659,UK,1999,Romance,5.5,164 min,Good
NF03660,TV Show,3660,South Korea,2021,Drama,8.1,1 Seasons,Excellent
NF03661,TV Show,3661,South Korea,2012,Romance,9.7,3 Seasons,Excellent
NF03662,TV Show,3662,South Korea,2002,Sci-Fi,5.9,6 Seasons,Good
NF03663,Movie,3663,India,2000,Comedy,5.3,165 min,Average
NF03664,TV Show,3664,India,2026,Comedy,5,9 Seasons,Average
NF03665,Movie,3665,Japan,1987,Action,5.4,68 min,Average
NF03666,Movie,3666,India,1992,Thriller,8.5,81 min,Excellent
NF03667,TV Show,3667,Japan,2000,Romance,7.5,4 Seasons,Good
NF03668,Movie,3668,India,1980,Thriller,6.8,157 min,Good
NF03669,TV Show,3669,USA,2017,Action,8.8,7 Seasons,Excellent
NF03670,TV Show,3670,UK,1987,Action,7.5,2 Seasons,Good
NF03671,TV Show,3671,USA,2010,Drama,6.9,6 Seasons,Good
NF03672,TV Show,3672,Canada,2005,Romance,5.6,4 Seasons,Average
NF03673,Movie,3673,Canada,2026,Comedy,9.7,130 min,Excellent
NF03674,Movie,3674,USA,1999,Drama,8.5,120 min,Excellent
NF03675,TV Show,3675,Canada,2016,Romance,8.3,9 Seasons,Excellent
NF03676,Movie,3676,India,1997,Comedy,5.1,82 min,Good
NF03677,Movie,3677,UK,1985,Romance,9.6,99 min,Excellent
NF03678,TV Show,3678,UK,1990,Action,9.5,8 Seasons,Excellent
NF03679,Movie,3679,Japan,1980,Action,9.5,81 min,Excellent
NF03680,Movie,3680,India,1998,Action,8.4,172 min,Excellent
NF03681,Movie,3681,Japan,1990,Drama,6.8,171 min,Good
NF03682,TV Show,3682,India,2013,Action,5.2,5 Seasons,Average
NF03683,Movie,3683,Japan,2023,Sci-Fi,6.4,84 min,Average
NF03684,Movie,3684,UK,2002,Action,7.2,139 min,Average
NF03685,TV Show,3685,India,1987,Action,7.2,7 Seasons,Good
NF03686,Movie,3686,India,2002,Action,7.7,152 min,Good
NF03687,TV Show,3687,Japan,2005,Thriller,8.6,8 Seasons,Excellent
NF03688,Movie,3688,USA,2025,Thriller,9.5,73 min,Excellent
NF03689,TV Show,3689,South Korea,1989,Romance,8.4,9 Seasons,Excellent
NF03690,Movie,3690,South Korea,2018,Comedy,6.4,97 min,Good
NF03691,Movie,3691,South Korea,2015,Sci-Fi,5.4,140 min,Average
NF03692,TV Show,3692,Japan,1994,Romance,9.5,5 Seasons,Excellent
NF03693,TV Show,3693,India,2024,Comedy,8.9,9 Seasons,Excellent
NF03694,TV Show,3694,India,2014,Sci-Fi,8.5,2 Seasons,Excellent
NF03695,Movie,3695,India,1986,Drama,9.1,125 min,Excellent
NF03696,Movie,3696,India,2002,Sci-Fi,5.3,135 min,Good
NF03697,TV Show,3697,UK,1986,Sci-Fi,7.6,1 Seasons,Average
NF03698,TV Show,3698,USA,2000,Thriller,5.4,1 Seasons,Good
NF03699,Movie,3699,Canada,2005,Drama,5.1,86 min,Average
NF03700,Movie,3700,USA,1986,Drama,7,179 min,Average
NF03701,TV Show,3701,South Korea,1989,Romance,5,9 Seasons,Good
NF03702,Movie,3702,Canada,1997,Action,8.5,91 min,Excellent
NF03703,TV Show,3703,Canada,2023,Sci-Fi,6.6,1 Seasons,Good
NF03704,Movie,3704,Canada,1987,Thriller,8.8,119 min,Excellent
NF03705,TV Show,3705,India,1996,Drama,9.4,6 Seasons,Excellent
NF03706,Movie,3706,USA,2002,Comedy,5.2,110 min,Good
NF03707,Movie,3707,South Korea,1986,Romance,6.2,116 min,Average
NF03708,Movie,3708,South Korea,2003,Thriller,8.5,94 min,Excellent
NF03709,Movie,3709,UK,1982,Sci-Fi,7,117 min,Good
NF03710,Movie,3710,Canada,1992,Thriller,5.4,121 min,Good
NF03711,Movie,3711,Japan,2004,Drama,7.5,81 min,Average
NF03712,Movie,3712,Japan,1991,Thriller,8.7,163 min,Excellent
NF03713,TV Show,3713,UK,1982,Comedy,8.1,4 Seasons,Excellent
NF03714,TV Show,3714,South Korea,2023,Sci-Fi,8.5,2 Seasons,Excellent
NF03715,Movie,3715,South Korea,2021,Action,7.8,66 min,Good
NF03716,Movie,3716,Japan,1984,Romance,8.4,156 min,Excellent
NF03717,Movie,3717,India,2000,Thriller,8.4,141 min,Excellent
NF03718,Movie,3718,India,1983,Action,7.8,62 min,Good
NF03719,Movie,3719,South Korea,1986,Action,7,168 min,Good
NF03720,Movie,3720,Japan,2026,Comedy,9.2,153 min,Excellent
NF03721,Movie,3721,UK,2024,Thriller,9,153 min,Excellent
NF03722,TV Show,3722,Canada,2020,Romance,9,5 Seasons,Excellent
NF03723,TV Show,3723,Japan,2007,Drama,6.3,5 Seasons,Good
NF03724,TV Show,3724,South Korea,2009,Thriller,6.6,4 Seasons,Average
NF03725,TV Show,3725,Canada,1999,Drama,5.5,3 Seasons,Average
NF03726,TV Show,3726,USA,2004,Sci-Fi,9,8 Seasons,Excellent
NF03727,Movie,3727,Canada,2002,Comedy,8.7,78 min,Excellent
NF03728,Movie,3728,South Korea,2023,Romance,6.1,72 min,Good
NF03729,Movie,3729,South Korea,1990,Thriller,6.4,73 min,Average
NF03730,Movie,3730,USA,2014,Comedy,7.4,84 min,Average
NF03731,Movie,3731,Japan,1993,Romance,8.9,89 min,Excellent
NF03732,Movie,3732,UK,2009,Romance,5.7,163 min,Good
NF03733,TV Show,3733,Canada,1995,Thriller,5.1,2 Seasons,Average
NF03734,Movie,3734,USA,1991,Romance,8.5,123 min,Excellent
NF03735,TV Show,3735,UK,1983,Romance,6.4,4 Seasons,Good
NF03736,Movie,3736,South Korea,2023,Comedy,7.1,125 min,Average
NF03737,TV Show,3737,India,2001,Action,6.8,2 Seasons,Good
NF03738,Movie,3738,India,2000,Drama,5.3,136 min,Average
NF03739,TV Show,3739,Canada,2001,Comedy,8.4,2 Seasons,Excellent
NF03740,Movie,3740,South Korea,1998,Sci-Fi,6.6,166 min,Good
NF03741,TV Show,3741,Canada,2018,Drama,7.1,3 Seasons,Average
NF03742,TV Show,3742,India,1994,Thriller,7.9,6 Seasons,Good
NF03743,Movie,3743,Japan,1983,Comedy,9.8,136 min,Excellent
NF03744,Movie,3744,Japan,1983,Action,7.6,101 min,Good
NF03745,TV Show,3745,South Korea,2015,Comedy,6.3,6 Seasons,Good
NF03746,TV Show,3746,South Korea,1985,Comedy,6.3,5 Seasons,Average
NF03747,Movie,3747,UK,1990,Comedy,5,174 min,Average
NF03748,TV Show,3748,Japan,2011,Romance,6.2,4 Seasons,Average
NF03749,TV Show,3749,USA,2002,Drama,5.4,6 Seasons,Average
NF03750,Movie,3750,UK,1985,Thriller,5.8,153 min,Average
NF03751,TV Show,3751,Japan,1984,Comedy,6.6,7 Seasons,Average
NF03752,Movie,3752,UK,1995,Romance,8.3,79 min,Excellent
NF03753,TV Show,3753,South Korea,1991,Thriller,7.9,7 Seasons,Good
NF03754,TV Show,3754,India,1995,Thriller,7.1,8 Seasons,Good
NF03755,Movie,3755,Japan,2000,Sci-Fi,6.7,142 min,Good
NF03756,Movie,3756,USA,1989,Comedy,8.3,142 min,Excellent
NF03757,Movie,3757,India,1986,Drama,6.8,105 min,Good
NF03758,Movie,3758,UK,2023,Sci-Fi,5,138 min,Average
NF03759,Movie,3759,Canada,1985,Thriller,9.5,121 min,Excellent
NF03760,Movie,3760,USA,1998,Sci-Fi,5.5,66 min,Good
NF03761,TV Show,3761,UK,2019,Romance,6.6,10 Seasons,Average
NF03762,TV Show,3762,South Korea,2021,Sci-Fi,5.1,4 Seasons,Average
NF03763,Movie,3763,India,2006,Romance,6.7,168 min,Average
NF03764,Movie,3764,South Korea,2005,Sci-Fi,9.6,134 min,Excellent
NF03765,Movie,3765,India,2012,Comedy,6.9,67 min,Good
NF03766,TV Show,3766,India,2013,Drama,5.6,4 Seasons,Average
NF03767,TV Show,3767,Canada,1986,Thriller,6.8,1 Seasons,Average
NF03768,TV Show,3768,Japan,1998,Thriller,6.5,7 Seasons,Average
NF03769,Movie,3769,South Korea,2026,Sci-Fi,7,162 min,Average
NF03770,TV Show,3770,South Korea,1998,Sci-Fi,8.2,7 Seasons,Excellent
NF03771,Movie,3771,UK,1998,Thriller,7.5,65 min,Good
NF03772,Movie,3772,Canada,2008,Romance,7.3,74 min,Good
NF03773,TV Show,3773,India,1980,Thriller,7.3,5 Seasons,Good
NF03774,Movie,3774,Canada,1983,Comedy,8.2,72 min,Excellent
NF03775,TV Show,3775,India,1986,Romance,8.4,10 Seasons,Excellent
NF03776,TV Show,3776,India,1982,Drama,8.9,1 Seasons,Excellent
NF03777,Movie,3777,India,2015,Comedy,9.7,94 min,Excellent
NF03778,TV Show,3778,Japan,2015,Romance,8.5,5 Seasons,Excellent
NF03779,Movie,3779,Japan,1986,Sci-Fi,9.1,144 min,Excellent
NF03780,TV Show,3780,USA,2018,Action,8.3,5 Seasons,Excellent
NF03781,TV Show,3781,Japan,1996,Romance,6.7,5 Seasons,Good
NF03782,Movie,3782,India,1987,Sci-Fi,9.6,139 min,Excellent
NF03783,TV Show,3783,USA,2019,Romance,9.1,6 Seasons,Excellent
NF03784,Movie,3784,Japan,1993,Romance,6.5,125 min,Good
NF03785,Movie,3785,USA,2019,Action,8.4,62 min,Excellent
NF03786,TV Show,3786,South Korea,2019,Drama,6.7,9 Seasons,Good
NF03787,TV Show,3787,India,2015,Sci-Fi,6.5,7 Seasons,Average
NF03788,Movie,3788,South Korea,2016,Drama,5,127 min,Average
NF03789,Movie,3789,South Korea,1998,Sci-Fi,7,61 min,Average
NF03790,TV Show,3790,Canada,2009,Romance,8.6,2 Seasons,Excellent
NF03791,TV Show,3791,USA,2012,Romance,6.8,3 Seasons,Good
NF03792,Movie,3792,UK,1999,Comedy,9.7,130 min,Excellent
NF03793,Movie,3793,Canada,1988,Action,7.2,92 min,Good
NF03794,TV Show,3794,USA,2014,Sci-Fi,5.2,7 Seasons,Good
NF03795,TV Show,3795,USA,2012,Romance,5.7,3 Seasons,Average
NF03796,Movie,3796,USA,2015,Drama,6.8,108 min,Average
NF03797,TV Show,3797,UK,2001,Comedy,8.9,7 Seasons,Excellent
NF03798,Movie,3798,UK,2000,Action,7.5,126 min,Good
NF03799,Movie,3799,UK,1988,Comedy,5.7,167 min,Good
NF03800,Movie,3800,South Korea,1990,Action,9.5,141 min,Excellent
NF03801,Movie,3801,Japan,2000,Romance,8.6,99 min,Excellent
NF03802,Movie,3802,South Korea,2006,Drama,6.1,110 min,Good
NF03803,TV Show,3803,India,2010,Romance,9.3,3 Seasons,Excellent
NF03804,TV Show,3804,Canada,2016,Sci-Fi,5.8,10 Seasons,Good
NF03805,Movie,3805,UK,2000,Comedy,7.4,134 min,Average
NF03806,Movie,3806,Japan,1990,Sci-Fi,6.2,101 min,Good
NF03807,TV Show,3807,USA,2002,Action,6.1,9 Seasons,Average
NF03808,TV Show,3808,Japan,1995,Romance,5.7,8 Seasons,Average
NF03809,Movie,3809,Canada,1984,Thriller,9.5,123 min,Excellent
NF03810,TV Show,3810,Japan,1982,Comedy,8.6,10 Seasons,Excellent
NF03811,Movie,3811,UK,2000,Drama,8.8,78 min,Excellent
NF03812,Movie,3812,Canada,2003,Drama,5.1,130 min,Good
NF03813,Movie,3813,South Korea,1984,Comedy,9.3,160 min,Excellent
NF03814,Movie,3814,Japan,2021,Comedy,9.7,143 min,Excellent
NF03815,Movie,3815,USA,1997,Romance,7.7,127 min,Good
NF03816,Movie,3816,USA,1996,Thriller,8.9,179 min,Excellent
NF03817,TV Show,3817,Japan,2024,Comedy,8.9,10 Seasons,Excellent
NF03818,TV Show,3818,South Korea,1981,Thriller,9,1 Seasons,Excellent
NF03819,TV Show,3819,Japan,1996,Comedy,9.1,4 Seasons,Excellent
NF03820,Movie,3820,USA,2026,Drama,7.8,95 min,Good
NF03821,TV Show,3821,USA,2021,Drama,5.1,9 Seasons,Good
NF03822,Movie,3822,USA,2004,Romance,6.7,83 min,Average
NF03823,TV Show,3823,Canada,1998,Thriller,6.6,10 Seasons,Average
NF03824,Movie,3824,UK,1984,Drama,8.5,118 min,Excellent
NF03825,Movie,3825,Japan,1988,Romance,8.4,122 min,Excellent
NF03826,TV Show,3826,South Korea,1989,Romance,6.7,2 Seasons,Good
NF03827,Movie,3827,South Korea,2012,Action,7,162 min,Average
NF03828,Movie,3828,Canada,1986,Romance,5.8,134 min,Good
NF03829,TV Show,3829,India,1981,Romance,9.8,8 Seasons,Excellent
NF03830,TV Show,3830,Canada,1981,Action,7,4 Seasons,Good
NF03831,Movie,3831,India,1991,Drama,9.4,65 min,Excellent
NF03832,Movie,3832,South Korea,1996,Drama,6.9,160 min,Good
NF03833,Movie,3833,India,1996,Drama,8.2,171 min,Excellent
NF03834,TV Show,3834,Japan,1997,Drama,5.9,4 Seasons,Good
NF03835,Movie,3835,South Korea,1998,Drama,6.7,103 min,Average
NF03836,TV Show,3836,Japan,2001,Comedy,8.4,5 Seasons,Excellent
NF03837,TV Show,3837,USA,2019,Comedy,7.9,6 Seasons,Good
NF03838,Movie,3838,Canada,2012,Romance,8.4,141 min,Excellent
NF03839,Movie,3839,USA,1996,Romance,7.2,171 min,Good
NF03840,Movie,3840,USA,1991,Romance,5,63 min,Good
NF03841,Movie,3841,USA,2004,Comedy,8.9,180 min,Excellent
NF03842,Movie,3842,UK,1988,Action,7.7,89 min,Good
NF03843,TV Show,3843,Japan,2021,Romance,6.1,6 Seasons,Good
NF03844,TV Show,3844,Japan,2012,Drama,6.4,2 Seasons,Average
NF03845,TV Show,3845,Canada,1987,Action,7.9,1 Seasons,Average
NF03846,Movie,3846,South Korea,2009,Drama,8.1,139 min,Excellent
NF03847,Movie,3847,Canada,2006,Comedy,8.2,95 min,Excellent
NF03848,TV Show,3848,South Korea,2004,Comedy,9.8,9 Seasons,Excellent
NF03849,Movie,3849,South Korea,1997,Romance,9.7,139 min,Excellent
NF03850,TV Show,3850,Japan,2008,Romance,8.8,8 Seasons,Excellent
NF03851,Movie,3851,India,2020,Action,8.4,73 min,Excellent
NF03852,Movie,3852,UK,1990,Romance,8.4,166 min,Excellent
NF03853,TV Show,3853,South Korea,2023,Thriller,8,5 Seasons,Excellent
NF03854,Movie,3854,Japan,1995,Comedy,5,77 min,Good
NF03855,Movie,3855,Japan,2004,Drama,8.9,145 min,Excellent
NF03856,TV Show,3856,UK,1988,Sci-Fi,8,9 Seasons,Excellent
NF03857,Movie,3857,USA,2016,Drama,6.2,67 min,Good
NF03858,Movie,3858,Japan,1998,Romance,8.1,170 min,Excellent
NF03859,TV Show,3859,USA,2015,Action,9.8,9 Seasons,Excellent
NF03860,TV Show,3860,South Korea,1997,Comedy,5.7,9 Seasons,Good
NF03861,Movie,3861,Japan,2010,Romance,6,81 min,Average
NF03862,Movie,3862,India,1985,Drama,6.1,132 min,Average
NF03863,TV Show,3863,Canada,1990,Comedy,7.8,6 Seasons,Average
NF03864,Movie,3864,UK,2012,Comedy,5.8,90 min,Good
NF03865,TV Show,3865,Canada,1984,Thriller,6.7,4 Seasons,Average
NF03866,TV Show,3866,Japan,1995,Comedy,5.3,10 Seasons,Average
NF03867,Movie,3867,Japan,2001,Drama,7.2,85 min,Average
NF03868,TV Show,3868,Japan,1997,Romance,9.2,3 Seasons,Excellent
NF03869,TV Show,3869,India,1991,Action,9,7 Seasons,Excellent
NF03870,TV Show,3870,UK,2016,Drama,9,7 Seasons,Excellent
NF03871,Movie,3871,USA,2009,Sci-Fi,9,167 min,Excellent
NF03872,TV Show,3872,South Korea,1981,Drama,8.2,10 Seasons,Excellent
NF03873,TV Show,3873,South Korea,1981,Romance,7.3,7 Seasons,Good
NF03874,TV Show,3874,Canada,1980,Comedy,8.8,7 Seasons,Excellent
NF03875,TV Show,3875,India,2025,Comedy,6.9,4 Seasons,Good
NF03876,TV Show,3876,South Korea,2021,Sci-Fi,6.5,5 Seasons,Average
NF03877,TV Show,3877,USA,2022,Sci-Fi,7.6,1 Seasons,Average
NF03878,TV Show,3878,USA,2003,Comedy,7.2,6 Seasons,Good
NF03879,Movie,3879,Canada,2008,Romance,8.8,62 min,Excellent
NF03880,TV Show,3880,Japan,2015,Comedy,9.1,4 Seasons,Excellent
NF03881,TV Show,3881,UK,2023,Romance,5.8,1 Seasons,Good
NF03882,TV Show,3882,UK,2014,Drama,7.4,8 Seasons,Average
NF03883,TV Show,3883,India,1992,Thriller,8.1,2 Seasons,Excellent
NF03884,Movie,3884,Canada,1980,Sci-Fi,5.8,142 min,Good
NF03885,TV Show,3885,Canada,2011,Action,7.9,2 Seasons,Average
NF03886,Movie,3886,USA,2001,Sci-Fi,6.5,117 min,Good
NF03887,Movie,3887,Canada,2007,Thriller,6.4,109 min,Average
NF03888,Movie,3888,India,2022,Romance,9.6,71 min,Excellent
NF03889,Movie,3889,USA,2018,Sci-Fi,9.4,96 min,Excellent
NF03890,Movie,3890,Canada,1990,Action,9.7,157 min,Excellent
NF03891,TV Show,3891,Japan,1986,Thriller,8.3,8 Seasons,Excellent
NF03892,Movie,3892,USA,2017,Thriller,8,81 min,Excellent
NF03893,Movie,3893,South Korea,2014,Drama,8.4,103 min,Excellent
NF03894,Movie,3894,India,2025,Sci-Fi,6.1,149 min,Good
NF03895,TV Show,3895,Japan,2025,Romance,7,7 Seasons,Average
NF03896,TV Show,3896,Japan,1985,Sci-Fi,5.6,9 Seasons,Good
NF03897,TV Show,3897,Japan,2023,Sci-Fi,6.3,4 Seasons,Average
NF03898,TV Show,3898,USA,2009,Romance,7,7 Seasons,Average
NF03899,TV Show,3899,India,2010,Action,5.9,6 Seasons,Good
NF03900,Movie,3900,USA,1980,Sci-Fi,8.7,96 min,Excellent
NF03901,TV Show,3901,USA,1992,Thriller,6.1,3 Seasons,Good
NF03902,TV Show,3902,UK,1999,Action,6.8,2 Seasons,Average
NF03903,Movie,3903,India,1990,Sci-Fi,5.6,157 min,Average
NF03904,TV Show,3904,UK,1984,Romance,6,5 Seasons,Average
NF03905,TV Show,3905,USA,2010,Comedy,6.9,9 Seasons,Average
NF03906,TV Show,3906,India,2010,Comedy,5.8,10 Seasons,Average
NF03907,Movie,3907,Canada,2018,Sci-Fi,9.4,137 min,Excellent
NF03908,Movie,3908,Canada,2010,Action,8.5,112 min,Excellent
NF03909,Movie,3909,Canada,2020,Drama,8.1,70 min,Excellent
NF03910,Movie,3910,India,1981,Comedy,9.7,139 min,Excellent
NF03911,Movie,3911,Canada,1995,Romance,7.3,154 min,Good
NF03912,TV Show,3912,South Korea,2001,Thriller,7.1,4 Seasons,Good
NF03913,TV Show,3913,Canada,1999,Action,6,1 Seasons,Good
NF03914,TV Show,3914,Japan,2022,Romance,7.1,1 Seasons,Average
NF03915,TV Show,3915,India,1992,Sci-Fi,9,3 Seasons,Excellent
NF03916,TV Show,3916,India,1994,Thriller,6.5,9 Seasons,Good
NF03917,TV Show,3917,UK,1998,Comedy,5.5,4 Seasons,Average
NF03918,Movie,3918,Canada,2003,Sci-Fi,7,97 min,Average
NF03919,TV Show,3919,USA,2018,Comedy,6.5,3 Seasons,Good
NF03920,Movie,3920,Japan,2022,Romance,9,165 min,Excellent
NF03921,Movie,3921,USA,2008,Comedy,7.5,121 min,Good
NF03922,TV Show,3922,India,2018,Thriller,8.9,6 Seasons,Excellent
NF03923,TV Show,3923,South Korea,2006,Romance,9.7,8 Seasons,Excellent
NF03924,TV Show,3924,USA,2003,Romance,7.3,2 Seasons,Good
NF03925,Movie,3925,Japan,1992,Comedy,6.3,139 min,Good
NF03926,Movie,3926,USA,2002,Comedy,6.9,91 min,Average
NF03927,TV Show,3927,Canada,1983,Thriller,5.2,4 Seasons,Average
NF03928,TV Show,3928,India,2004,Romance,9.7,4 Seasons,Excellent
NF03929,Movie,3929,India,2007,Action,7.4,141 min,Good
NF03930,Movie,3930,India,2014,Sci-Fi,7.8,68 min,Good
NF03931,TV Show,3931,USA,1992,Drama,5,9 Seasons,Good
NF03932,TV Show,3932,UK,2014,Drama,9.1,9 Seasons,Excellent
NF03933,Movie,3933,India,2013,Comedy,8.3,107 min,Excellent
NF03934,Movie,3934,Canada,1997,Romance,5.5,109 min,Good
NF03935,TV Show,3935,South Korea,2020,Thriller,9.8,10 Seasons,Excellent
NF03936,TV Show,3936,Canada,2001,Thriller,8.8,5 Seasons,Excellent
NF03937,TV Show,3937,USA,2002,Action,6.5,7 Seasons,Good
NF03938,TV Show,3938,India,2004,Thriller,8.4,3 Seasons,Excellent
NF03939,TV Show,3939,UK,1995,Sci-Fi,7.2,2 Seasons,Good
NF03940,TV Show,3940,South Korea,2021,Sci-Fi,9.8,9 Seasons,Excellent
NF03941,Movie,3941,India,2010,Thriller,7.6,112 min,Good
NF03942,TV Show,3942,Canada,2019,Romance,6.9,8 Seasons,Good
NF03943,Movie,3943,UK,2001,Thriller,5.2,178 min,Average
NF03944,Movie,3944,India,1990,Romance,9.6,151 min,Excellent
NF03945,Movie,3945,UK,2018,Drama,7.9,70 min,Good
NF03946,TV Show,3946,USA,1993,Sci-Fi,9.5,2 Seasons,Excellent
NF03947,Movie,3947,Japan,1985,Thriller,9.6,95 min,Excellent
NF03948,TV Show,3948,Japan,1993,Romance,6.2,1 Seasons,Good
NF03949,Movie,3949,Canada,2018,Comedy,6.9,129 min,Average
NF03950,Movie,3950,Japan,1989,Comedy,9.4,167 min,Excellent
NF03951,Movie,3951,UK,2014,Drama,6.6,167 min,Good
NF03952,Movie,3952,India,2017,Sci-Fi,6.7,151 min,Average
NF03953,TV Show,3953,Canada,2021,Action,9.4,7 Seasons,Excellent
NF03954,Movie,3954,South Korea,2025,Drama,8.7,82 min,Excellent
NF03955,TV Show,3955,Japan,2010,Action,6.2,9 Seasons,Good
NF03956,TV Show,3956,Japan,2006,Sci-Fi,9.6,10 Seasons,Excellent
NF03957,Movie,3957,UK,1998,Thriller,8.1,153 min,Excellent
NF03958,TV Show,3958,USA,2014,Action,5.2,2 Seasons,Good
NF03959,Movie,3959,India,1995,Romance,8.1,104 min,Excellent
NF03960,Movie,3960,India,2000,Romance,7.2,94 min,Good
NF03961,TV Show,3961,Canada,1992,Action,6.1,4 Seasons,Good
NF03962,Movie,3962,Japan,2019,Thriller,5.8,75 min,Average
NF03963,Movie,3963,UK,2026,Drama,5.8,136 min,Average
NF03964,Movie,3964,UK,1985,Sci-Fi,7.2,162 min,Average
NF03965,TV Show,3965,Canada,1992,Thriller,7.3,2 Seasons,Good
NF03966,Movie,3966,India,2006,Action,8.8,124 min,Excellent
NF03967,Movie,3967,Canada,1991,Thriller,6.6,167 min,Good
NF03968,Movie,3968,South Korea,1988,Thriller,5.8,121 min,Average
NF03969,TV Show,3969,South Korea,1997,Action,5.8,7 Seasons,Average
NF03970,Movie,3970,India,1989,Comedy,5.7,136 min,Average
NF03971,Movie,3971,Japan,1983,Drama,8.6,64 min,Excellent
NF03972,TV Show,3972,Canada,2010,Sci-Fi,5.8,7 Seasons,Good
NF03973,TV Show,3973,India,2012,Comedy,8.7,2 Seasons,Excellent
NF03974,Movie,3974,South Korea,2000,Thriller,8.2,128 min,Excellent
NF03975,Movie,3975,USA,1997,Thriller,9.4,78 min,Excellent
NF03976,TV Show,3976,Canada,1984,Action,8,3 Seasons,Excellent
NF03977,Movie,3977,UK,1980,Drama,5.6,70 min,Good
NF03978,TV Show,3978,USA,2003,Action,9.5,1 Seasons,Excellent
NF03979,TV Show,3979,South Korea,2025,Thriller,6.5,5 Seasons,Good
NF03980,Movie,3980,India,1981,Thriller,7.6,108 min,Average
NF03981,Movie,3981,South Korea,1997,Drama,9.6,136 min,Excellent
NF03982,TV Show,3982,South Korea,2008,Thriller,7,9 Seasons,Good
NF03983,TV Show,3983,India,1997,Sci-Fi,8.5,8 Seasons,Excellent
NF03984,Movie,3984,Japan,1997,Romance,6.3,80 min,Good
NF03985,Movie,3985,Japan,1990,Thriller,8,159 min,Excellent
NF03986,TV Show,3986,Japan,2016,Action,8.9,2 Seasons,Excellent
NF03987,TV Show,3987,USA,2021,Drama,7.9,1 Seasons,Good
NF03988,Movie,3988,Canada,1984,Comedy,9.7,152 min,Excellent
NF03989,Movie,3989,Japan,1993,Action,5.6,132 min,Good
NF03990,Movie,3990,Japan,2000,Sci-Fi,6.1,62 min,Average
NF03991,Movie,3991,Japan,2011,Thriller,9.8,128 min,Excellent
NF03992,Movie,3992,USA,2009,Action,7.4,118 min,Good
NF03993,TV Show,3993,Japan,2025,Drama,7.9,5 Seasons,Good
NF03994,TV Show,3994,South Korea,2010,Action,9.8,1 Seasons,Excellent
NF03995,TV Show,3995,Japan,1982,Drama,9,2 Seasons,Excellent
NF03996,Movie,3996,Japan,2007,Thriller,7.3,76 min,Good
NF03997,Movie,3997,Canada,1980,Action,7.4,89 min,Good
NF03998,Movie,3998,UK,1991,Romance,6,156 min,Good
NF03999,TV Show,3999,UK,2019,Romance,8,3 Seasons,Excellent
NF04000,TV Show,4000,UK,1985,Comedy,7.7,3 Seasons,Good
NF04001,TV Show,4001,Canada,2003,Drama,7.3,4 Seasons,Good
NF04002,Movie,4002,Canada,2011,Drama,8,110 min,Excellent
NF04003,Movie,4003,UK,1992,Thriller,9.8,173 min,Excellent
NF04004,TV Show,4004,India,2022,Comedy,5.8,4 Seasons,Good
NF04005,TV Show,4005,Canada,1980,Drama,7.6,2 Seasons,Average
NF04006,TV Show,4006,South Korea,2002,Action,5.1,3 Seasons,Good
NF04007,Movie,4007,Canada,1987,Comedy,5,151 min,Average
NF04008,TV Show,4008,Japan,1982,Thriller,5.6,10 Seasons,Average
NF04009,Movie,4009,India,2014,Sci-Fi,8.1,122 min,Excellent
NF04010,Movie,4010,South Korea,2008,Thriller,8.2,101 min,Excellent
NF04011,Movie,4011,India,2003,Comedy,8.5,155 min,Excellent
NF04012,TV Show,4012,India,1987,Sci-Fi,5.9,1 Seasons,Good
NF04013,TV Show,4013,India,1981,Action,7.3,10 Seasons,Average
NF04014,TV Show,4014,South Korea,1984,Sci-Fi,7,5 Seasons,Good
NF04015,Movie,4015,India,1992,Drama,8.5,69 min,Excellent
NF04016,Movie,4016,Canada,2018,Romance,6.7,161 min,Good
NF04017,TV Show,4017,Japan,2018,Comedy,9.6,8 Seasons,Excellent
NF04018,TV Show,4018,USA,1999,Action,5.8,7 Seasons,Good
NF04019,TV Show,4019,India,1984,Drama,6.6,8 Seasons,Average
NF04020,TV Show,4020,Canada,2009,Action,8.4,7 Seasons,Excellent
NF04021,TV Show,4021,UK,1988,Sci-Fi,8.6,8 Seasons,Excellent
NF04022,TV Show,4022,UK,2024,Sci-Fi,8.6,10 Seasons,Excellent
NF04023,TV Show,4023,Canada,1987,Sci-Fi,7.3,7 Seasons,Good
NF04024,Movie,4024,UK,1997,Drama,8.9,110 min,Excellent
NF04025,TV Show,4025,USA,1986,Action,5,10 Seasons,Good
NF04026,TV Show,4026,UK,2010,Sci-Fi,9.5,3 Seasons,Excellent
NF04027,TV Show,4027,Canada,1999,Sci-Fi,6.2,2 Seasons,Good
NF04028,TV Show,4028,Canada,1998,Sci-Fi,7.5,2 Seasons,Average
NF04029,TV Show,4029,UK,2022,Action,7.9,8 Seasons,Good
NF04030,Movie,4030,UK,2010,Romance,6.2,147 min,Good
NF04031,TV Show,4031,Canada,2004,Drama,5.3,2 Seasons,Average
NF04032,TV Show,4032,USA,2002,Romance,9.4,5 Seasons,Excellent
NF04033,TV Show,4033,Japan,2018,Action,7.7,2 Seasons,Good
NF04034,TV Show,4034,USA,1999,Romance,6.6,1 Seasons,Good
NF04035,Movie,4035,India,2005,Romance,6.6,163 min,Average
NF04036,TV Show,4036,Japan,1994,Comedy,9.1,9 Seasons,Excellent
NF04037,Movie,4037,USA,1992,Action,6.4,127 min,Good
NF04038,TV Show,4038,Canada,2006,Action,7.1,1 Seasons,Average
NF04039,TV Show,4039,USA,2026,Romance,9.5,10 Seasons,Excellent
NF04040,Movie,4040,USA,2018,Comedy,7.2,128 min,Good
NF04041,TV Show,4041,India,2020,Thriller,5.9,9 Seasons,Good
NF04042,TV Show,4042,India,2013,Action,5.7,1 Seasons,Average
NF04043,TV Show,4043,USA,2017,Drama,8.9,1 Seasons,Excellent
NF04044,TV Show,4044,USA,1994,Comedy,8.4,10 Seasons,Excellent
NF04045,Movie,4045,Canada,2002,Drama,6,65 min,Good
NF04046,Movie,4046,Canada,1982,Sci-Fi,9.3,95 min,Excellent
NF04047,Movie,4047,USA,1987,Romance,5.1,89 min,Good
NF04048,TV Show,4048,UK,2024,Comedy,8.8,4 Seasons,Excellent
NF04049,Movie,4049,UK,1995,Thriller,6.1,173 min,Good
NF04050,Movie,4050,Japan,2024,Comedy,8.3,165 min,Excellent
NF04051,Movie,4051,Japan,2025,Thriller,6,110 min,Good
NF04052,TV Show,4052,South Korea,1990,Sci-Fi,7.2,1 Seasons,Average
NF04053,TV Show,4053,USA,1998,Comedy,7.7,7 Seasons,Good
NF04054,TV Show,4054,UK,2009,Drama,6.2,2 Seasons,Good
NF04055,TV Show,4055,Japan,1980,Comedy,6.1,1 Seasons,Average
NF04056,TV Show,4056,Japan,2025,Drama,9.3,5 Seasons,Excellent
NF04057,TV Show,4057,India,2013,Romance,5.3,10 Seasons,Good
NF04058,TV Show,4058,UK,2005,Action,7.5,5 Seasons,Average
NF04059,TV Show,4059,Canada,2026,Romance,5.3,1 Seasons,Good
NF04060,TV Show,4060,South Korea,2021,Sci-Fi,6.9,1 Seasons,Average
NF04061,TV Show,4061,India,2018,Drama,6.5,2 Seasons,Average
NF04062,TV Show,4062,Canada,2025,Comedy,9.1,1 Seasons,Excellent
NF04063,Movie,4063,South Korea,1998,Thriller,7.8,145 min,Good
NF04064,TV Show,4064,Japan,1993,Comedy,6.6,2 Seasons,Good
NF04065,Movie,4065,South Korea,2007,Drama,5.8,98 min,Average
NF04066,TV Show,4066,Canada,2025,Romance,8.3,2 Seasons,Excellent
NF04067,Movie,4067,UK,2023,Romance,9.6,168 min,Excellent
NF04068,Movie,4068,Canada,1999,Comedy,6.4,137 min,Good
NF04069,Movie,4069,USA,2021,Thriller,8.3,62 min,Excellent
NF04070,TV Show,4070,USA,1983,Drama,5.8,4 Seasons,Good
NF04071,Movie,4071,India,2018,Action,5.4,133 min,Average
NF04072,TV Show,4072,Japan,1996,Romance,6.1,10 Seasons,Average
NF04073,TV Show,4073,USA,1983,Romance,5,4 Seasons,Average
NF04074,TV Show,4074,South Korea,1985,Thriller,8,6 Seasons,Excellent
NF04075,TV Show,4075,South Korea,1996,Drama,8.3,4 Seasons,Excellent
NF04076,TV Show,4076,India,2013,Action,5.3,7 Seasons,Good
NF04077,Movie,4077,USA,1985,Action,9.5,137 min,Excellent
NF04078,TV Show,4078,Japan,2026,Drama,8.1,8 Seasons,Excellent
NF04079,Movie,4079,USA,2026,Thriller,9.4,148 min,Excellent
NF04080,TV Show,4080,India,1986,Sci-Fi,8.7,5 Seasons,Excellent
NF04081,Movie,4081,India,1985,Romance,6.9,108 min,Good
NF04082,Movie,4082,South Korea,2003,Romance,6.1,64 min,Average
NF04083,Movie,4083,South Korea,2025,Comedy,7.9,158 min,Average
NF04084,Movie,4084,UK,1994,Thriller,5.8,168 min,Good
NF04085,Movie,4085,Canada,1980,Thriller,6.1,92 min,Average
NF04086,TV Show,4086,USA,2020,Romance,9.3,4 Seasons,Excellent
NF04087,Movie,4087,India,2019,Comedy,8.8,134 min,Excellent
NF04088,TV Show,4088,India,1998,Romance,5.4,10 Seasons,Good
NF04089,Movie,4089,Japan,1998,Comedy,5.8,111 min,Average
NF04090,Movie,4090,USA,2007,Drama,6.7,158 min,Average
NF04091,Movie,4091,South Korea,2016,Action,9.6,143 min,Excellent
NF04092,TV Show,4092,India,2005,Drama,9.2,2 Seasons,Excellent
NF04093,TV Show,4093,USA,2017,Thriller,5.3,5 Seasons,Good
NF04094,Movie,4094,South Korea,2019,Sci-Fi,8.2,139 min,Excellent
NF04095,TV Show,4095,UK,2001,Drama,6.9,5 Seasons,Good
NF04096,TV Show,4096,Canada,2005,Drama,7.7,1 Seasons,Average
NF04097,Movie,4097,South Korea,2002,Action,5,165 min,Good
NF04098,TV Show,4098,South Korea,2025,Thriller,6.4,2 Seasons,Average
NF04099,Movie,4099,USA,1996,Sci-Fi,5.5,178 min,Average
NF04100,Movie,4100,USA,2015,Action,7.4,168 min,Average
NF04101,Movie,4101,Japan,1993,Thriller,9.3,61 min,Excellent
NF04102,Movie,4102,USA,2022,Thriller,6.2,158 min,Good
NF04103,TV Show,4103,Japan,2021,Thriller,9,6 Seasons,Excellent
NF04104,Movie,4104,USA,2002,Comedy,9.1,178 min,Excellent
NF04105,Movie,4105,Japan,2006,Romance,9.6,163 min,Excellent
NF04106,TV Show,4106,Japan,1999,Comedy,7.8,6 Seasons,Good
NF04107,TV Show,4107,UK,2005,Drama,8.2,5 Seasons,Excellent
NF04108,Movie,4108,India,1994,Sci-Fi,9.2,103 min,Excellent
NF04109,Movie,4109,Canada,2006,Sci-Fi,9.2,160 min,Excellent
NF04110,TV Show,4110,Japan,2019,Action,7.4,2 Seasons,Good
NF04111,Movie,4111,UK,2001,Romance,7.8,137 min,Good
NF04112,Movie,4112,USA,2001,Romance,9.2,114 min,Excellent
NF04113,TV Show,4113,USA,1986,Romance,7.2,2 Seasons,Good
NF04114,TV Show,4114,Canada,1998,Romance,9.2,8 Seasons,Excellent
NF04115,TV Show,4115,UK,1998,Sci-Fi,9.6,8 Seasons,Excellent
NF04116,TV Show,4116,Japan,1994,Comedy,7.7,9 Seasons,Good
NF04117,Movie,4117,USA,1997,Romance,9.7,99 min,Excellent
NF04118,TV Show,4118,India,2003,Romance,7.2,4 Seasons,Good
NF04119,TV Show,4119,UK,1981,Thriller,8.5,8 Seasons,Excellent
NF04120,Movie,4120,South Korea,1989,Romance,6.1,122 min,Good
NF04121,Movie,4121,Canada,2008,Action,7,166 min,Average
NF04122,Movie,4122,South Korea,1992,Comedy,7.5,146 min,Good
NF04123,Movie,4123,India,1999,Sci-Fi,8.5,92 min,Excellent
NF04124,Movie,4124,Japan,2022,Romance,7.4,137 min,Good
NF04125,Movie,4125,India,2016,Sci-Fi,7.1,65 min,Good
NF04126,Movie,4126,Japan,2017,Romance,5,87 min,Good
NF04127,Movie,4127,South Korea,2001,Action,6.9,155 min,Average
NF04128,TV Show,4128,UK,2008,Sci-Fi,8.8,9 Seasons,Excellent
NF04129,TV Show,4129,South Korea,2020,Drama,8.7,6 Seasons,Excellent
NF04130,Movie,4130,USA,2016,Drama,7.4,74 min,Good
NF04131,TV Show,4131,USA,1991,Romance,7.6,10 Seasons,Good
NF04132,TV Show,4132,South Korea,1990,Thriller,6.3,4 Seasons,Good
NF04133,Movie,4133,South Korea,1980,Drama,8.8,102 min,Excellent
NF04134,Movie,4134,India,2007,Drama,8.3,179 min,Excellent
NF04135,TV Show,4135,USA,2006,Comedy,9.8,5 Seasons,Excellent
NF04136,Movie,4136,UK,1988,Comedy,6,83 min,Good
NF04137,Movie,4137,India,2002,Sci-Fi,7.2,123 min,Average
NF04138,Movie,4138,USA,2009,Romance,9.6,81 min,Excellent
NF04139,Movie,4139,Canada,1989,Comedy,6,161 min,Good
NF04140,TV Show,4140,Canada,1991,Thriller,9.7,7 Seasons,Excellent
NF04141,TV Show,4141,UK,2018,Sci-Fi,5.6,8 Seasons,Good
NF04142,TV Show,4142,Japan,1984,Thriller,7.1,7 Seasons,Average
NF04143,TV Show,4143,USA,1988,Action,8.1,3 Seasons,Excellent
NF04144,Movie,4144,India,2008,Romance,8.3,63 min,Excellent
NF04145,TV Show,4145,UK,2013,Drama,9.3,5 Seasons,Excellent
NF04146,TV Show,4146,Canada,2007,Drama,5.7,9 Seasons,Good
NF04147,Movie,4147,South Korea,2010,Sci-Fi,5.8,170 min,Average
NF04148,Movie,4148,Canada,2017,Thriller,5.5,69 min,Average
NF04149,Movie,4149,USA,2018,Romance,8.6,137 min,Excellent
NF04150,TV Show,4150,USA,1990,Comedy,7.9,2 Seasons,Good
NF04151,TV Show,4151,Canada,1989,Comedy,8,7 Seasons,Excellent
NF04152,Movie,4152,South Korea,2017,Action,5.2,69 min,Good
NF04153,TV Show,4153,Japan,1996,Thriller,7.8,5 Seasons,Average
NF04154,TV Show,4154,Canada,1986,Comedy,6.4,1 Seasons,Good
NF04155,TV Show,4155,South Korea,1997,Sci-Fi,8.6,2 Seasons,Excellent
NF04156,Movie,4156,India,2026,Action,7.1,134 min,Good
NF04157,Movie,4157,South Korea,1982,Drama,9.6,151 min,Excellent
NF04158,Movie,4158,Canada,2023,Action,9.7,60 min,Excellent
NF04159,Movie,4159,Japan,2006,Thriller,8.2,91 min,Excellent
NF04160,TV Show,4160,Canada,1997,Romance,5.6,2 Seasons,Good
NF04161,Movie,4161,India,2007,Drama,8.4,146 min,Excellent
NF04162,Movie,4162,USA,1993,Drama,7.8,152 min,Good
NF04163,TV Show,4163,Canada,2025,Sci-Fi,5.6,6 Seasons,Good
NF04164,TV Show,4164,USA,1993,Drama,9.7,5 Seasons,Excellent
NF04165,Movie,4165,Canada,1992,Action,7.1,142 min,Good
NF04166,TV Show,4166,USA,1994,Sci-Fi,7.4,2 Seasons,Good
NF04167,Movie,4167,Japan,2020,Romance,5.9,179 min,Good
NF04168,Movie,4168,India,1991,Sci-Fi,5,115 min,Average
NF04169,Movie,4169,India,2000,Comedy,7.9,146 min,Average
NF04170,TV Show,4170,Canada,2021,Thriller,8.9,6 Seasons,Excellent
NF04171,Movie,4171,South Korea,2008,Thriller,8,116 min,Excellent
NF04172,TV Show,4172,Japan,2007,Thriller,6.6,5 Seasons,Good
NF04173,TV Show,4173,USA,2017,Drama,5.1,3 Seasons,Average
NF04174,TV Show,4174,Canada,2004,Action,9.5,7 Seasons,Excellent
NF04175,TV Show,4175,UK,1998,Drama,9,7 Seasons,Excellent
NF04176,Movie,4176,USA,2014,Drama,8.5,138 min,Excellent
NF04177,Movie,4177,India,2017,Romance,6.5,140 min,Good
NF04178,TV Show,4178,USA,2000,Thriller,6.1,9 Seasons,Average
NF04179,TV Show,4179,USA,2026,Sci-Fi,9.3,7 Seasons,Excellent
NF04180,TV Show,4180,Japan,1984,Thriller,7.7,4 Seasons,Good
NF04181,TV Show,4181,USA,2023,Action,5.8,7 Seasons,Good
NF04182,TV Show,4182,India,2025,Action,5.6,2 Seasons,Average
NF04183,TV Show,4183,USA,2020,Action,7.5,3 Seasons,Average
NF04184,Movie,4184,India,2026,Drama,9,78 min,Excellent
NF04185,TV Show,4185,USA,1982,Romance,7.8,2 Seasons,Good
NF04186,TV Show,4186,Japan,1999,Sci-Fi,7,10 Seasons,Good
NF04187,Movie,4187,USA,2017,Action,6.2,105 min,Good
NF04188,Movie,4188,Japan,2023,Drama,5.6,149 min,Average
NF04189,Movie,4189,India,1992,Comedy,9.6,83 min,Excellent
NF04190,TV Show,4190,UK,2025,Romance,5.4,3 Seasons,Good
NF04191,Movie,4191,USA,2001,Action,7.2,155 min,Average
NF04192,Movie,4192,USA,2022,Sci-Fi,6.5,60 min,Good
NF04193,Movie,4193,Canada,2023,Action,6,101 min,Average
NF04194,TV Show,4194,UK,1997,Romance,9,9 Seasons,Excellent
NF04195,Movie,4195,South Korea,2004,Action,6.8,164 min,Good
NF04196,TV Show,4196,Canada,2002,Action,7.6,6 Seasons,Average
NF04197,TV Show,4197,UK,2020,Action,7,9 Seasons,Good
NF04198,Movie,4198,Canada,2004,Drama,5,170 min,Good
NF04199,TV Show,4199,USA,1984,Sci-Fi,7.7,10 Seasons,Average
NF04200,Movie,4200,India,2024,Comedy,5.3,180 min,Good
NF04201,Movie,4201,India,2017,Drama,9.5,106 min,Excellent
NF04202,Movie,4202,Canada,1996,Romance,5.8,144 min,Good
NF04203,TV Show,4203,India,2000,Romance,5.9,5 Seasons,Average
NF04204,Movie,4204,UK,2012,Drama,8.1,110 min,Excellent
NF04205,TV Show,4205,UK,2011,Romance,5.3,1 Seasons,Good
NF04206,Movie,4206,South Korea,2000,Romance,5,113 min,Average
NF04207,TV Show,4207,Japan,2017,Sci-Fi,6.6,10 Seasons,Average
NF04208,Movie,4208,USA,1992,Action,7.9,73 min,Average
NF04209,TV Show,4209,UK,2003,Thriller,7.4,3 Seasons,Good
NF04210,Movie,4210,USA,1987,Action,9.3,96 min,Excellent
NF04211,TV Show,4211,Japan,1986,Thriller,7.5,9 Seasons,Good
NF04212,Movie,4212,India,2023,Sci-Fi,5.4,173 min,Good
NF04213,Movie,4213,USA,1995,Thriller,6.2,172 min,Average
NF04214,TV Show,4214,South Korea,1981,Comedy,6,8 Seasons,Average
NF04215,TV Show,4215,South Korea,1996,Romance,9.6,8 Seasons,Excellent
NF04216,TV Show,4216,Canada,1992,Sci-Fi,7.9,9 Seasons,Good
NF04217,Movie,4217,USA,1998,Action,6.7,140 min,Good
NF04218,TV Show,4218,USA,2007,Sci-Fi,8.9,6 Seasons,Excellent
NF04219,TV Show,4219,UK,1992,Drama,5.3,6 Seasons,Good
NF04220,Movie,4220,USA,1997,Drama,5.3,90 min,Average
NF04221,Movie,4221,India,2008,Comedy,9.1,179 min,Excellent
NF04222,Movie,4222,India,2002,Romance,5.4,146 min,Good
NF04223,TV Show,4223,Canada,2006,Thriller,7.1,6 Seasons,Average
NF04224,Movie,4224,Canada,2011,Action,8.5,120 min,Excellent
NF04225,TV Show,4225,Japan,2019,Action,6.2,6 Seasons,Good
NF04226,TV Show,4226,USA,1998,Thriller,9.2,5 Seasons,Excellent
NF04227,TV Show,4227,USA,2012,Comedy,8.2,6 Seasons,Excellent
NF04228,TV Show,4228,India,2001,Comedy,7.4,10 Seasons,Good
NF04229,Movie,4229,South Korea,2002,Action,8.4,99 min,Excellent
NF04230,TV Show,4230,Canada,2022,Action,7,7 Seasons,Good
NF04231,TV Show,4231,India,2021,Drama,9.2,5 Seasons,Excellent
NF04232,Movie,4232,South Korea,2013,Sci-Fi,8.6,153 min,Excellent
NF04233,Movie,4233,USA,2024,Sci-Fi,9.7,90 min,Excellent
NF04234,Movie,4234,Japan,2018,Sci-Fi,8.4,84 min,Excellent
NF04235,Movie,4235,Japan,1981,Action,7.2,146 min,Good
NF04236,Movie,4236,Canada,2018,Action,9.1,138 min,Excellent
NF04237,TV Show,4237,South Korea,1984,Comedy,7.4,5 Seasons,Good
NF04238,TV Show,4238,India,1994,Romance,9.7,7 Seasons,Excellent
NF04239,TV Show,4239,South Korea,2022,Drama,9.4,5 Seasons,Excellent
NF04240,Movie,4240,South Korea,2010,Sci-Fi,8.5,129 min,Excellent
NF04241,Movie,4241,South Korea,2000,Romance,7.4,180 min,Good
NF04242,TV Show,4242,UK,1989,Drama,6.9,6 Seasons,Good
NF04243,Movie,4243,UK,2009,Action,7.6,63 min,Average
NF04244,Movie,4244,Japan,2002,Romance,8.8,66 min,Excellent
NF04245,TV Show,4245,Canada,2015,Drama,5.8,1 Seasons,Good
NF04246,TV Show,4246,UK,1999,Romance,5.1,3 Seasons,Average
NF04247,Movie,4247,USA,2024,Romance,6.6,82 min,Average
NF04248,Movie,4248,UK,2017,Romance,8.9,172 min,Excellent
NF04249,TV Show,4249,USA,2003,Comedy,5.3,2 Seasons,Good
NF04250,Movie,4250,UK,2008,Romance,9.1,75 min,Excellent
NF04251,TV Show,4251,India,1999,Romance,7,9 Seasons,Good
NF04252,Movie,4252,South Korea,1998,Action,5.6,152 min,Good
NF04253,TV Show,4253,Japan,1981,Romance,7.8,5 Seasons,Average
NF04254,Movie,4254,Canada,2004,Sci-Fi,6.8,96 min,Good
NF04255,TV Show,4255,USA,2005,Romance,5,10 Seasons,Average
NF04256,TV Show,4256,Canada,2021,Romance,7.6,10 Seasons,Average
NF04257,Movie,4257,Canada,2000,Comedy,8.3,128 min,Excellent
NF04258,TV Show,4258,India,2025,Sci-Fi,5.5,10 Seasons,Good
NF04259,TV Show,4259,UK,2003,Comedy,5.8,1 Seasons,Average
NF04260,TV Show,4260,Japan,1981,Action,7,2 Seasons,Average
NF04261,Movie,4261,Japan,1989,Romance,5.3,135 min,Good
NF04262,TV Show,4262,Japan,2000,Sci-Fi,9.2,8 Seasons,Excellent
NF04263,Movie,4263,UK,2015,Sci-Fi,7.9,100 min,Good
NF04264,TV Show,4264,Canada,2004,Romance,7.4,8 Seasons,Good
NF04265,TV Show,4265,Japan,2000,Sci-Fi,5,7 Seasons,Good
NF04266,TV Show,4266,India,1989,Action,5.4,5 Seasons,Average
NF04267,Movie,4267,UK,2003,Action,7.8,113 min,Average
NF04268,Movie,4268,USA,2012,Drama,8.1,80 min,Excellent
NF04269,Movie,4269,USA,2013,Action,8.3,78 min,Excellent
NF04270,TV Show,4270,Canada,2013,Thriller,8.5,7 Seasons,Excellent
NF04271,TV Show,4271,UK,1989,Thriller,7.6,4 Seasons,Good
NF04272,Movie,4272,Japan,2015,Action,6.1,133 min,Good
NF04273,TV Show,4273,India,1981,Drama,9.2,1 Seasons,Excellent
NF04274,Movie,4274,India,2012,Drama,6,87 min,Good
NF04275,TV Show,4275,Canada,2010,Action,9.7,2 Seasons,Excellent
NF04276,TV Show,4276,USA,2008,Sci-Fi,7.7,2 Seasons,Good
NF04277,TV Show,4277,UK,2007,Sci-Fi,5,9 Seasons,Good
NF04278,Movie,4278,South Korea,2003,Thriller,6.9,132 min,Average
NF04279,Movie,4279,Canada,1982,Romance,8.4,178 min,Excellent
NF04280,TV Show,4280,Canada,2005,Action,5.4,5 Seasons,Good
NF04281,TV Show,4281,South Korea,2019,Thriller,8.2,2 Seasons,Excellent
NF04282,Movie,4282,India,1991,Action,6.5,106 min,Good
NF04283,Movie,4283,UK,2020,Sci-Fi,5.1,149 min,Average
NF04284,TV Show,4284,South Korea,2021,Drama,6.6,6 Seasons,Average
NF04285,TV Show,4285,India,1986,Action,6.7,8 Seasons,Average
NF04286,TV Show,4286,India,1981,Sci-Fi,6.9,3 Seasons,Average
NF04287,Movie,4287,UK,1995,Sci-Fi,8.3,71 min,Excellent
NF04288,Movie,4288,USA,2002,Romance,8.4,77 min,Excellent
NF04289,TV Show,4289,South Korea,1991,Sci-Fi,7.7,6 Seasons,Good
NF04290,TV Show,4290,Canada,1996,Sci-Fi,9,10 Seasons,Excellent
NF04291,TV Show,4291,India,1996,Action,6.1,7 Seasons,Good
NF04292,TV Show,4292,Canada,1994,Comedy,7.9,10 Seasons,Average
NF04293,TV Show,4293,UK,2019,Thriller,8.4,10 Seasons,Excellent
NF04294,Movie,4294,India,2001,Comedy,8.5,175 min,Excellent
NF04295,TV Show,4295,UK,1999,Comedy,5.3,4 Seasons,Good
NF04296,Movie,4296,India,2001,Sci-Fi,5.5,79 min,Average
NF04297,Movie,4297,Japan,2022,Romance,7.1,172 min,Average
NF04298,TV Show,4298,UK,2004,Sci-Fi,9.3,10 Seasons,Excellent
NF04299,TV Show,4299,USA,2002,Romance,7.4,10 Seasons,Good
NF04300,Movie,4300,Canada,2012,Drama,9,143 min,Excellent
NF04301,Movie,4301,South Korea,2000,Sci-Fi,7.9,73 min,Good
NF04302,Movie,4302,Canada,1996,Action,7.6,66 min,Good
NF04303,TV Show,4303,India,1992,Sci-Fi,7,3 Seasons,Good
NF04304,TV Show,4304,India,1995,Drama,7,10 Seasons,Good
NF04305,TV Show,4305,Canada,2016,Action,5.5,4 Seasons,Good
NF04306,Movie,4306,South Korea,2014,Sci-Fi,9.8,87 min,Excellent
NF04307,Movie,4307,Canada,1995,Drama,9.1,176 min,Excellent
NF04308,Movie,4308,UK,2017,Action,8.3,86 min,Excellent
NF04309,TV Show,4309,USA,2004,Thriller,8.4,1 Seasons,Excellent
NF04310,TV Show,4310,USA,1991,Comedy,9.3,8 Seasons,Excellent
NF04311,Movie,4311,Canada,2011,Drama,6.6,118 min,Good
NF04312,Movie,4312,UK,1985,Thriller,8.1,136 min,Excellent
NF04313,Movie,4313,Canada,2022,Action,6.8,62 min,Good
NF04314,Movie,4314,Canada,1994,Action,9.7,142 min,Excellent
NF04315,Movie,4315,South Korea,1994,Comedy,7.5,66 min,Good
NF04316,TV Show,4316,South Korea,1993,Thriller,5.2,4 Seasons,Good
NF04317,TV Show,4317,Canada,2005,Drama,6.5,9 Seasons,Average
NF04318,TV Show,4318,South Korea,1980,Comedy,5.3,7 Seasons,Average
NF04319,Movie,4319,South Korea,2026,Sci-Fi,8.5,65 min,Excellent
NF04320,Movie,4320,UK,2007,Romance,7.6,173 min,Good
NF04321,TV Show,4321,UK,1989,Sci-Fi,5.4,10 Seasons,Good
NF04322,Movie,4322,South Korea,1994,Action,9,177 min,Excellent
NF04323,TV Show,4323,South Korea,2013,Sci-Fi,9.6,2 Seasons,Excellent
NF04324,TV Show,4324,Canada,2012,Romance,5.6,5 Seasons,Good
NF04325,Movie,4325,South Korea,1995,Thriller,7.6,117 min,Average
NF04326,Movie,4326,UK,2023,Sci-Fi,8.1,139 min,Excellent
NF04327,Movie,4327,UK,2013,Action,7.5,165 min,Good
NF04328,Movie,4328,India,1998,Action,6,130 min,Good
NF04329,Movie,4329,India,2020,Comedy,5.6,96 min,Average
NF04330,Movie,4330,Japan,1981,Action,9.6,108 min,Excellent
NF04331,TV Show,4331,USA,2025,Action,9.3,8 Seasons,Excellent
NF04332,TV Show,4332,UK,2022,Comedy,6.1,10 Seasons,Good
NF04333,TV Show,4333,USA,1993,Drama,7.5,9 Seasons,Average
NF04334,TV Show,4334,India,2023,Action,6,3 Seasons,Good
NF04335,TV Show,4335,Canada,1983,Drama,5.5,8 Seasons,Average
NF04336,TV Show,4336,UK,2006,Sci-Fi,7.3,8 Seasons,Average
NF04337,Movie,4337,Japan,2015,Sci-Fi,7.2,125 min,Good
NF04338,Movie,4338,India,2006,Sci-Fi,7.8,148 min,Good
NF04339,TV Show,4339,Japan,2009,Action,5,8 Seasons,Good
NF04340,TV Show,4340,India,1990,Action,5,3 Seasons,Average
NF04341,Movie,4341,Canada,1991,Drama,8.5,81 min,Excellent
NF04342,Movie,4342,Japan,1992,Drama,5.1,89 min,Good
NF04343,TV Show,4343,India,1989,Action,7.7,6 Seasons,Average
NF04344,Movie,4344,Canada,1989,Romance,7.8,91 min,Good
NF04345,Movie,4345,Japan,1993,Sci-Fi,8.7,167 min,Excellent
NF04346,Movie,4346,Japan,2001,Thriller,9.1,142 min,Excellent
NF04347,TV Show,4347,India,1994,Romance,6.5,6 Seasons,Good
NF04348,Movie,4348,Japan,2025,Thriller,9.6,78 min,Excellent
NF04349,TV Show,4349,India,2006,Romance,6.7,4 Seasons,Good
NF04350,TV Show,4350,UK,2005,Comedy,5,10 Seasons,Average
NF04351,TV Show,4351,UK,2010,Sci-Fi,6.8,7 Seasons,Average
NF04352,Movie,4352,Canada,2007,Sci-Fi,7,116 min,Average
NF04353,TV Show,4353,USA,2001,Sci-Fi,7.6,10 Seasons,Good
NF04354,Movie,4354,USA,2011,Romance,5.3,123 min,Good
NF04355,TV Show,4355,UK,1981,Action,5.1,3 Seasons,Average
NF04356,TV Show,4356,India,1988,Thriller,5.8,10 Seasons,Average
NF04357,TV Show,4357,Japan,1988,Action,6.5,3 Seasons,Average
NF04358,TV Show,4358,Canada,2002,Comedy,5.6,6 Seasons,Average
NF04359,Movie,4359,India,2016,Drama,8.2,129 min,Excellent
NF04360,Movie,4360,India,2024,Thriller,9.6,151 min,Excellent
NF04361,TV Show,4361,Japan,2001,Comedy,8.8,9 Seasons,Excellent
NF04362,Movie,4362,UK,2026,Sci-Fi,5.8,104 min,Good
NF04363,TV Show,4363,Japan,2024,Action,5.4,4 Seasons,Average
NF04364,TV Show,4364,UK,1990,Action,9.1,9 Seasons,Excellent
NF04365,Movie,4365,USA,2006,Thriller,5.9,113 min,Good
NF04366,Movie,4366,UK,2022,Action,5.1,143 min,Average
NF04367,Movie,4367,UK,1997,Thriller,9.6,174 min,Excellent
NF04368,TV Show,4368,Canada,1996,Comedy,8.3,9 Seasons,Excellent
NF04369,Movie,4369,Japan,1989,Action,5.1,89 min,Good
NF04370,Movie,4370,USA,2009,Drama,9.7,63 min,Excellent
NF04371,TV Show,4371,UK,2016,Sci-Fi,6.5,7 Seasons,Good
NF04372,TV Show,4372,Japan,1992,Thriller,5.9,10 Seasons,Average
NF04373,Movie,4373,Canada,1990,Sci-Fi,5.2,160 min,Average
NF04374,Movie,4374,Japan,2017,Drama,9.2,79 min,Excellent
NF04375,Movie,4375,UK,2015,Comedy,7.9,104 min,Good
NF04376,Movie,4376,Canada,2002,Thriller,8.9,91 min,Excellent
NF04377,Movie,4377,India,1997,Drama,5.5,96 min,Good
NF04378,Movie,4378,South Korea,2004,Romance,7,142 min,Average
NF04379,Movie,4379,Japan,1985,Romance,5.5,72 min,Good
NF04380,Movie,4380,Canada,1984,Sci-Fi,9.7,132 min,Excellent
NF04381,TV Show,4381,South Korea,1992,Drama,5.3,3 Seasons,Good
NF04382,Movie,4382,Canada,1996,Romance,9.3,129 min,Excellent
NF04383,Movie,4383,UK,2013,Thriller,8.5,89 min,Excellent
NF04384,TV Show,4384,South Korea,1996,Comedy,5.9,6 Seasons,Good
NF04385,Movie,4385,South Korea,2007,Romance,8,67 min,Excellent
NF04386,Movie,4386,South Korea,1986,Drama,7.9,79 min,Good
NF04387,Movie,4387,South Korea,1993,Sci-Fi,8.9,136 min,Excellent
NF04388,TV Show,4388,India,1994,Thriller,7.2,9 Seasons,Good
NF04389,Movie,4389,Japan,1982,Drama,9.3,77 min,Excellent
NF04390,Movie,4390,Canada,2014,Action,8.6,134 min,Excellent
NF04391,Movie,4391,Japan,1985,Thriller,7.1,84 min,Good
NF04392,TV Show,4392,USA,1996,Comedy,6.9,10 Seasons,Good
NF04393,Movie,4393,India,2013,Drama,6.2,109 min,Average
NF04394,TV Show,4394,India,1985,Action,8.9,4 Seasons,Excellent
NF04395,Movie,4395,Canada,2023,Sci-Fi,8.5,68 min,Excellent
NF04396,Movie,4396,India,1994,Comedy,5.6,178 min,Good
NF04397,Movie,4397,USA,1991,Thriller,9.7,82 min,Excellent
NF04398,Movie,4398,USA,1988,Action,7.2,133 min,Good
NF04399,Movie,4399,Canada,1995,Action,7.7,110 min,Good
NF04400,TV Show,4400,USA,2013,Sci-Fi,8.5,7 Seasons,Excellent
NF04401,TV Show,4401,South Korea,2015,Romance,6.8,2 Seasons,Good
NF04402,Movie,4402,Canada,2001,Drama,5.5,155 min,Average
NF04403,Movie,4403,Canada,2008,Romance,5.1,176 min,Average
NF04404,Movie,4404,Canada,2004,Romance,6.2,131 min,Average
NF04405,TV Show,4405,Canada,2003,Action,8.8,2 Seasons,Excellent
NF04406,TV Show,4406,Japan,1988,Drama,5.9,10 Seasons,Good
NF04407,TV Show,4407,South Korea,1988,Drama,6.1,4 Seasons,Average
NF04408,Movie,4408,South Korea,1987,Sci-Fi,6.1,89 min,Average
NF04409,TV Show,4409,India,1980,Comedy,5.6,4 Seasons,Average
NF04410,Movie,4410,South Korea,1980,Romance,6.1,78 min,Average
NF04411,TV Show,4411,Japan,1982,Action,8.8,10 Seasons,Excellent
NF04412,TV Show,4412,Canada,2026,Sci-Fi,9.3,3 Seasons,Excellent
NF04413,Movie,4413,Canada,2005,Sci-Fi,8.1,150 min,Excellent
NF04414,TV Show,4414,Japan,1996,Romance,9.4,2 Seasons,Excellent
NF04415,TV Show,4415,Canada,1980,Comedy,8.7,10 Seasons,Excellent
NF04416,Movie,4416,UK,2006,Action,8.2,169 min,Excellent
NF04417,TV Show,4417,Canada,1984,Action,5.7,3 Seasons,Good
NF04418,Movie,4418,South Korea,2004,Action,9.3,103 min,Excellent
NF04419,Movie,4419,USA,1996,Drama,8.9,80 min,Excellent
NF04420,TV Show,4420,USA,1996,Action,7.5,2 Seasons,Good
NF04421,Movie,4421,South Korea,1985,Sci-Fi,9.4,83 min,Excellent
NF04422,Movie,4422,South Korea,2002,Romance,8.1,154 min,Excellent
NF04423,TV Show,4423,USA,2011,Thriller,5.3,6 Seasons,Good
NF04424,Movie,4424,Japan,2025,Drama,8.4,166 min,Excellent
NF04425,Movie,4425,South Korea,2012,Romance,6.7,82 min,Good
NF04426,TV Show,4426,South Korea,2025,Comedy,8.6,1 Seasons,Excellent
NF04427,Movie,4427,USA,1987,Comedy,6.1,78 min,Good
NF04428,Movie,4428,South Korea,2012,Action,5.9,75 min,Average
NF04429,TV Show,4429,USA,1992,Action,5.7,5 Seasons,Average
NF04430,TV Show,4430,UK,2022,Romance,5.1,7 Seasons,Average
NF04431,Movie,4431,South Korea,1986,Action,5.4,145 min,Average
NF04432,TV Show,4432,India,2014,Drama,6.8,7 Seasons,Average
NF04433,Movie,4433,Canada,2012,Comedy,9.5,116 min,Excellent
NF04434,Movie,4434,Japan,2019,Thriller,5.2,180 min,Good
NF04435,TV Show,4435,Canada,2009,Action,5.7,2 Seasons,Average
NF04436,TV Show,4436,India,1987,Romance,5.6,4 Seasons,Average
NF04437,TV Show,4437,South Korea,2015,Comedy,6.8,6 Seasons,Average
NF04438,Movie,4438,Canada,2013,Thriller,5.5,142 min,Average
NF04439,TV Show,4439,Canada,2018,Comedy,8.5,10 Seasons,Excellent
NF04440,TV Show,4440,Canada,1981,Sci-Fi,7.9,6 Seasons,Good
NF04441,Movie,4441,UK,2019,Thriller,6.4,70 min,Good
NF04442,Movie,4442,South Korea,1995,Drama,7.6,137 min,Average
NF04443,Movie,4443,South Korea,2004,Drama,7.6,141 min,Good
NF04444,Movie,4444,South Korea,2009,Drama,8.1,124 min,Excellent
NF04445,TV Show,4445,UK,2004,Comedy,9.7,8 Seasons,Excellent
NF04446,TV Show,4446,USA,1983,Comedy,8.2,5 Seasons,Excellent
NF04447,TV Show,4447,Canada,2009,Sci-Fi,8.4,10 Seasons,Excellent
NF04448,Movie,4448,USA,2005,Sci-Fi,8.1,139 min,Excellent
NF04449,TV Show,4449,Canada,2004,Thriller,5,4 Seasons,Good
NF04450,TV Show,4450,South Korea,2006,Romance,7.4,1 Seasons,Average
NF04451,Movie,4451,South Korea,2017,Action,6.9,68 min,Good
NF04452,TV Show,4452,Japan,2021,Drama,7.9,1 Seasons,Average
NF04453,TV Show,4453,Japan,1994,Action,9.8,2 Seasons,Excellent
NF04454,TV Show,4454,South Korea,1980,Drama,7,8 Seasons,Good
NF04455,Movie,4455,India,2025,Thriller,9.1,74 min,Excellent
NF04456,Movie,4456,South Korea,1987,Action,9.7,161 min,Excellent
NF04457,TV Show,4457,India,1994,Thriller,5.5,4 Seasons,Good
NF04458,TV Show,4458,Canada,2004,Drama,5.4,1 Seasons,Average
NF04459,TV Show,4459,USA,2023,Thriller,6.5,9 Seasons,Average
NF04460,Movie,4460,UK,2002,Romance,6.8,147 min,Average
NF04461,TV Show,4461,USA,2005,Action,9.8,2 Seasons,Excellent
NF04462,Movie,4462,India,2007,Thriller,7.1,83 min,Good
NF04463,Movie,4463,Canada,2017,Comedy,5,92 min,Good
NF04464,Movie,4464,UK,1990,Thriller,6.1,63 min,Average
NF04465,TV Show,4465,South Korea,2004,Romance,9,4 Seasons,Excellent
NF04466,Movie,4466,USA,2007,Thriller,7,113 min,Good
NF04467,Movie,4467,Canada,1984,Romance,6.1,93 min,Good
NF04468,TV Show,4468,India,2025,Drama,5.4,8 Seasons,Average
NF04469,TV Show,4469,Japan,1997,Action,7,6 Seasons,Average
NF04470,Movie,4470,Canada,2022,Action,8.5,69 min,Excellent
NF04471,Movie,4471,USA,2010,Comedy,7.2,88 min,Good
NF04472,Movie,4472,UK,1999,Sci-Fi,8.6,104 min,Excellent
NF04473,Movie,4473,India,2026,Thriller,5.1,93 min,Good
NF04474,TV Show,4474,USA,2014,Sci-Fi,6.9,4 Seasons,Average
NF04475,Movie,4475,Canada,1993,Drama,8.7,97 min,Excellent
NF04476,Movie,4476,Japan,1980,Drama,5.3,120 min,Good
NF04477,TV Show,4477,Canada,1984,Romance,8.9,2 Seasons,Excellent
NF04478,Movie,4478,UK,2001,Romance,9,148 min,Excellent
NF04479,Movie,4479,USA,1993,Thriller,7.2,75 min,Good
NF04480,TV Show,4480,India,2000,Action,6.3,10 Seasons,Good
NF04481,TV Show,4481,Canada,2011,Romance,7.7,7 Seasons,Average
NF04482,TV Show,4482,South Korea,1988,Thriller,6.1,6 Seasons,Good
NF04483,TV Show,4483,USA,1986,Thriller,7.2,7 Seasons,Average
NF04484,TV Show,4484,Japan,2012,Romance,9.2,4 Seasons,Excellent
NF04485,TV Show,4485,USA,1986,Action,6.5,2 Seasons,Good
NF04486,TV Show,4486,India,1992,Action,5.1,7 Seasons,Average
NF04487,TV Show,4487,South Korea,1999,Comedy,8.2,8 Seasons,Excellent
NF04488,Movie,4488,India,1985,Thriller,7.6,158 min,Good
NF04489,Movie,4489,USA,2002,Drama,7.3,101 min,Good
NF04490,Movie,4490,India,1992,Drama,8.3,174 min,Excellent
NF04491,TV Show,4491,South Korea,1986,Action,8.9,4 Seasons,Excellent
NF04492,TV Show,4492,South Korea,1981,Comedy,6.9,3 Seasons,Good
NF04493,TV Show,4493,Canada,1991,Sci-Fi,6.2,8 Seasons,Average
NF04494,Movie,4494,Canada,1984,Romance,7.6,75 min,Average
NF04495,Movie,4495,India,2007,Comedy,8.4,104 min,Excellent
NF04496,TV Show,4496,Canada,1996,Sci-Fi,7.7,6 Seasons,Good
NF04497,TV Show,4497,Japan,2019,Action,5.5,5 Seasons,Good
NF04498,Movie,4498,South Korea,2019,Sci-Fi,5.7,91 min,Average
NF04499,TV Show,4499,Japan,2022,Sci-Fi,7.2,10 Seasons,Average
NF04500,Movie,4500,Japan,1997,Romance,8.2,107 min,Excellent
NF04501,TV Show,4501,USA,1981,Drama,5.1,3 Seasons,Good
NF04502,TV Show,4502,UK,1986,Thriller,5.1,7 Seasons,Average
NF04503,Movie,4503,India,1992,Sci-Fi,9,163 min,Excellent
NF04504,Movie,4504,USA,1993,Comedy,9.6,119 min,Excellent
NF04505,TV Show,4505,USA,1995,Sci-Fi,5.7,9 Seasons,Good
NF04506,Movie,4506,Japan,1990,Action,9.3,179 min,Excellent
NF04507,Movie,4507,Japan,2022,Comedy,8.6,104 min,Excellent
NF04508,Movie,4508,India,1996,Comedy,7.8,122 min,Good
NF04509,TV Show,4509,Japan,1980,Thriller,5.1,4 Seasons,Good
NF04510,Movie,4510,Canada,1989,Romance,6.7,128 min,Average
NF04511,Movie,4511,South Korea,2020,Action,7.4,61 min,Average
NF04512,TV Show,4512,India,2015,Thriller,6.1,9 Seasons,Good
NF04513,Movie,4513,India,1991,Sci-Fi,8.7,158 min,Excellent
NF04514,TV Show,4514,South Korea,1986,Thriller,7.5,4 Seasons,Good
NF04515,Movie,4515,Japan,1988,Romance,8.3,136 min,Excellent
NF04516,Movie,4516,USA,2000,Romance,6.3,176 min,Good
NF04517,Movie,4517,Japan,1999,Sci-Fi,9.8,154 min,Excellent
NF04518,TV Show,4518,Japan,1986,Thriller,8.4,1 Seasons,Excellent
NF04519,Movie,4519,Canada,1997,Drama,9.3,67 min,Excellent
NF04520,TV Show,4520,USA,2025,Comedy,5.9,7 Seasons,Good
NF04521,TV Show,4521,UK,2022,Sci-Fi,9.6,7 Seasons,Excellent
NF04522,Movie,4522,Japan,2021,Drama,9.5,112 min,Excellent
NF04523,Movie,4523,South Korea,2015,Action,8.1,158 min,Excellent
NF04524,Movie,4524,UK,2013,Drama,7.3,88 min,Good
NF04525,Movie,4525,USA,1996,Thriller,7.7,72 min,Good
NF04526,TV Show,4526,Canada,1986,Drama,6.3,1 Seasons,Good
NF04527,TV Show,4527,Japan,2024,Romance,5.7,4 Seasons,Average
NF04528,Movie,4528,India,2008,Drama,6.6,148 min,Average
NF04529,Movie,4529,UK,2011,Sci-Fi,7.3,152 min,Average
NF04530,TV Show,4530,Japan,2020,Drama,8.9,3 Seasons,Excellent
NF04531,TV Show,4531,Japan,2022,Thriller,5.7,5 Seasons,Good
NF04532,TV Show,4532,India,2020,Comedy,8.2,7 Seasons,Excellent
NF04533,TV Show,4533,UK,1985,Drama,6.3,9 Seasons,Good
NF04534,Movie,4534,Canada,2014,Comedy,9.7,138 min,Excellent
NF04535,TV Show,4535,Canada,2008,Thriller,8.3,7 Seasons,Excellent
NF04536,Movie,4536,India,1998,Romance,6.1,77 min,Good
NF04537,TV Show,4537,UK,2025,Drama,7.6,8 Seasons,Average
NF04538,TV Show,4538,USA,2026,Action,5.3,10 Seasons,Good
NF04539,TV Show,4539,Canada,2012,Action,8.5,7 Seasons,Excellent
NF04540,TV Show,4540,Japan,2003,Romance,5.9,4 Seasons,Good
NF04541,TV Show,4541,South Korea,2005,Comedy,5.7,8 Seasons,Average
NF04542,Movie,4542,South Korea,2008,Action,9,63 min,Excellent
NF04543,TV Show,4543,UK,1986,Drama,5.4,7 Seasons,Good
NF04544,Movie,4544,Canada,2011,Action,7.8,163 min,Average
NF04545,TV Show,4545,Japan,2009,Thriller,8,1 Seasons,Excellent
NF04546,TV Show,4546,India,2016,Action,7.8,4 Seasons,Good
NF04547,TV Show,4547,UK,2016,Comedy,7.2,9 Seasons,Good
NF04548,TV Show,4548,South Korea,2020,Sci-Fi,8,1 Seasons,Excellent
NF04549,Movie,4549,Canada,2000,Sci-Fi,7.1,115 min,Good
NF04550,TV Show,4550,USA,1985,Action,6.2,2 Seasons,Good
NF04551,TV Show,4551,Canada,1996,Romance,5.2,7 Seasons,Average
NF04552,TV Show,4552,Japan,1996,Comedy,9.6,6 Seasons,Excellent
NF04553,TV Show,4553,South Korea,1989,Sci-Fi,9.4,10 Seasons,Excellent
NF04554,TV Show,4554,Japan,1982,Drama,6.3,1 Seasons,Good
NF04555,TV Show,4555,USA,2006,Romance,8.9,7 Seasons,Excellent
NF04556,TV Show,4556,India,2023,Comedy,7.3,10 Seasons,Good
NF04557,TV Show,4557,India,2006,Sci-Fi,7.1,5 Seasons,Good
NF04558,TV Show,4558,USA,2001,Thriller,9.1,10 Seasons,Excellent
NF04559,TV Show,4559,USA,2024,Comedy,6.4,1 Seasons,Good
NF04560,Movie,4560,Japan,2018,Comedy,8.6,175 min,Excellent
NF04561,Movie,4561,Japan,1989,Thriller,9.2,98 min,Excellent
NF04562,TV Show,4562,Canada,2003,Thriller,9.4,6 Seasons,Excellent
NF04563,TV Show,4563,India,1981,Sci-Fi,9.7,9 Seasons,Excellent
NF04564,Movie,4564,Japan,1990,Drama,7.3,138 min,Good
NF04565,Movie,4565,South Korea,1987,Comedy,5.1,97 min,Good
NF04566,Movie,4566,Canada,1999,Drama,5.4,113 min,Average
NF04567,TV Show,4567,USA,2022,Drama,7.3,2 Seasons,Average
NF04568,Movie,4568,USA,1994,Comedy,5.2,71 min,Good
NF04569,Movie,4569,India,1996,Romance,9.3,80 min,Excellent
NF04570,TV Show,4570,Canada,2020,Sci-Fi,9.1,3 Seasons,Excellent
NF04571,Movie,4571,Japan,2007,Thriller,7.9,136 min,Good
NF04572,Movie,4572,Canada,1987,Drama,8.1,68 min,Excellent
NF04573,TV Show,4573,Japan,2009,Drama,9.4,2 Seasons,Excellent
NF04574,TV Show,4574,South Korea,2012,Action,6.2,1 Seasons,Good
NF04575,TV Show,4575,UK,2007,Thriller,8,10 Seasons,Excellent
NF04576,TV Show,4576,South Korea,2020,Romance,6.9,1 Seasons,Good
NF04577,TV Show,4577,India,1987,Thriller,6.3,10 Seasons,Average
NF04578,TV Show,4578,UK,2006,Sci-Fi,7.4,5 Seasons,Average
NF04579,TV Show,4579,USA,1998,Action,9.1,2 Seasons,Excellent
NF04580,Movie,4580,Japan,2026,Action,6.9,131 min,Good
NF04581,TV Show,4581,South Korea,2008,Sci-Fi,8.9,5 Seasons,Excellent
NF04582,TV Show,4582,South Korea,2011,Romance,7,7 Seasons,Good
NF04583,TV Show,4583,Canada,1988,Drama,6.3,4 Seasons,Good
NF04584,TV Show,4584,Canada,2015,Comedy,5.1,7 Seasons,Average
NF04585,Movie,4585,Canada,2013,Romance,7.1,162 min,Average
NF04586,TV Show,4586,UK,2014,Action,5.6,9 Seasons,Good
NF04587,TV Show,4587,India,2001,Comedy,9.6,4 Seasons,Excellent
NF04588,Movie,4588,UK,2018,Sci-Fi,8.4,179 min,Excellent
NF04589,Movie,4589,USA,1986,Action,6.4,105 min,Good
NF04590,TV Show,4590,USA,1994,Sci-Fi,5.3,3 Seasons,Average
NF04591,Movie,4591,South Korea,2004,Sci-Fi,6.3,118 min,Average
NF04592,Movie,4592,UK,1992,Sci-Fi,5.9,141 min,Average
NF04593,TV Show,4593,UK,2014,Action,6.4,8 Seasons,Average
NF04594,TV Show,4594,UK,1985,Thriller,8.6,3 Seasons,Excellent
NF04595,TV Show,4595,India,1982,Drama,5,5 Seasons,Good
NF04596,Movie,4596,USA,2007,Sci-Fi,7.8,138 min,Average
NF04597,TV Show,4597,Canada,2007,Romance,6.8,6 Seasons,Good
NF04598,Movie,4598,India,2004,Romance,6.5,80 min,Average
NF04599,Movie,4599,USA,2011,Thriller,9.7,177 min,Excellent
NF04600,TV Show,4600,Japan,1983,Thriller,5.2,1 Seasons,Good
NF04601,Movie,4601,India,2004,Action,7.1,110 min,Average
NF04602,TV Show,4602,India,1985,Romance,9.3,6 Seasons,Excellent
NF04603,TV Show,4603,UK,1998,Comedy,6.4,10 Seasons,Good
NF04604,Movie,4604,India,2000,Thriller,9,172 min,Excellent
NF04605,Movie,4605,South Korea,2016,Thriller,8.5,177 min,Excellent
NF04606,TV Show,4606,Japan,2026,Romance,9.2,7 Seasons,Excellent
NF04607,TV Show,4607,Canada,2011,Drama,6.7,10 Seasons,Good
NF04608,TV Show,4608,Japan,2011,Romance,9.1,1 Seasons,Excellent
NF04609,TV Show,4609,USA,1993,Drama,9.8,4 Seasons,Excellent
NF04610,TV Show,4610,Canada,2011,Comedy,5.4,2 Seasons,Good
NF04611,TV Show,4611,Japan,1999,Drama,5.9,6 Seasons,Average
NF04612,TV Show,4612,USA,2001,Romance,6.4,10 Seasons,Average
NF04613,Movie,4613,India,2011,Sci-Fi,7.9,86 min,Average
NF04614,TV Show,4614,South Korea,2001,Sci-Fi,5.3,5 Seasons,Good
NF04615,TV Show,4615,Japan,2022,Thriller,6.6,1 Seasons,Average
NF04616,TV Show,4616,Canada,1998,Romance,8.4,4 Seasons,Excellent
NF04617,Movie,4617,Canada,2018,Romance,6.1,63 min,Good
NF04618,TV Show,4618,UK,1989,Drama,5.5,9 Seasons,Average
NF04619,TV Show,4619,Japan,2021,Romance,9.4,4 Seasons,Excellent
NF04620,TV Show,4620,Japan,2018,Comedy,5.5,8 Seasons,Good
NF04621,TV Show,4621,South Korea,1986,Romance,5.5,2 Seasons,Average
NF04622,TV Show,4622,Canada,2015,Drama,5.2,6 Seasons,Average
NF04623,Movie,4623,USA,2002,Romance,8.5,65 min,Excellent
NF04624,Movie,4624,UK,2009,Romance,7.6,174 min,Good
NF04625,TV Show,4625,India,1989,Sci-Fi,9.3,4 Seasons,Excellent
NF04626,Movie,4626,India,2000,Thriller,5.2,146 min,Good
NF04627,Movie,4627,USA,2018,Thriller,7.9,139 min,Average
NF04628,TV Show,4628,Japan,2003,Action,7.4,5 Seasons,Good
NF04629,Movie,4629,India,2025,Action,7.9,98 min,Good
NF04630,TV Show,4630,South Korea,2009,Action,8.1,8 Seasons,Excellent
NF04631,Movie,4631,Canada,2021,Romance,8,88 min,Excellent
NF04632,Movie,4632,India,1988,Action,8,76 min,Excellent
NF04633,TV Show,4633,Canada,2005,Drama,6.2,1 Seasons,Good
NF04634,Movie,4634,Canada,2020,Romance,5.4,77 min,Average
NF04635,Movie,4635,South Korea,1991,Comedy,5.4,89 min,Average
NF04636,TV Show,4636,South Korea,2007,Romance,7.7,4 Seasons,Average
NF04637,Movie,4637,USA,2003,Drama,8.5,76 min,Excellent
NF04638,TV Show,4638,India,1997,Action,8.7,1 Seasons,Excellent
NF04639,TV Show,4639,South Korea,2014,Action,5.1,8 Seasons,Good
NF04640,Movie,4640,India,2023,Drama,9.2,125 min,Excellent
NF04641,Movie,4641,South Korea,2003,Drama,5.8,83 min,Good
NF04642,Movie,4642,Canada,2019,Romance,5.8,170 min,Average
NF04643,TV Show,4643,Canada,2025,Comedy,7.8,10 Seasons,Average
NF04644,Movie,4644,Japan,2007,Drama,7.3,111 min,Good
NF04645,Movie,4645,India,2009,Drama,8.5,73 min,Excellent
NF04646,Movie,4646,Canada,2012,Sci-Fi,7.2,148 min,Good
NF04647,TV Show,4647,South Korea,1988,Comedy,5.3,5 Seasons,Good
NF04648,TV Show,4648,Canada,1994,Sci-Fi,6.3,9 Seasons,Average
NF04649,Movie,4649,UK,2005,Sci-Fi,6.2,135 min,Average
NF04650,TV Show,4650,UK,2009,Drama,6.4,6 Seasons,Average
NF04651,TV Show,4651,South Korea,2016,Sci-Fi,8.3,1 Seasons,Excellent
NF04652,Movie,4652,UK,1988,Thriller,6.7,136 min,Good
NF04653,Movie,4653,South Korea,1982,Comedy,5.5,81 min,Average
NF04654,TV Show,4654,India,2022,Drama,5.2,10 Seasons,Average
NF04655,TV Show,4655,India,2023,Thriller,8,9 Seasons,Excellent
NF04656,TV Show,4656,South Korea,2026,Thriller,8.4,6 Seasons,Excellent
NF04657,TV Show,4657,UK,1982,Sci-Fi,5.5,4 Seasons,Good
NF04658,Movie,4658,UK,2012,Sci-Fi,8.5,93 min,Excellent
NF04659,Movie,4659,India,1997,Sci-Fi,9,112 min,Excellent
NF04660,TV Show,4660,India,2025,Sci-Fi,5.5,10 Seasons,Good
NF04661,Movie,4661,USA,1991,Sci-Fi,8.6,115 min,Excellent
NF04662,TV Show,4662,Canada,1982,Thriller,8.2,9 Seasons,Excellent
NF04663,TV Show,4663,USA,2004,Drama,6.3,5 Seasons,Good
NF04664,Movie,4664,Japan,2005,Romance,6.6,90 min,Average
NF04665,TV Show,4665,USA,2024,Romance,6.5,9 Seasons,Average
NF04666,Movie,4666,USA,2013,Drama,8.7,67 min,Excellent
NF04667,Movie,4667,Japan,1999,Romance,7.3,95 min,Good
NF04668,TV Show,4668,Japan,2008,Drama,8.1,8 Seasons,Excellent
NF04669,TV Show,4669,South Korea,2018,Action,5.8,3 Seasons,Good
NF04670,TV Show,4670,South Korea,2005,Drama,9.6,5 Seasons,Excellent
NF04671,Movie,4671,Japan,2023,Drama,9.1,176 min,Excellent
NF04672,Movie,4672,UK,2025,Romance,5.7,96 min,Good
NF04673,TV Show,4673,South Korea,1987,Drama,7.3,8 Seasons,Average
NF04674,TV Show,4674,South Korea,2023,Drama,5.8,5 Seasons,Good
NF04675,Movie,4675,South Korea,2016,Thriller,7.9,73 min,Average
NF04676,Movie,4676,UK,2026,Drama,7.5,96 min,Good
NF04677,Movie,4677,Canada,1997,Romance,6.6,79 min,Good
NF04678,Movie,4678,UK,2018,Drama,8.7,146 min,Excellent
NF04679,Movie,4679,India,1994,Romance,6.6,80 min,Good
NF04680,Movie,4680,Canada,2006,Comedy,6.2,168 min,Average
NF04681,TV Show,4681,UK,1990,Sci-Fi,7.1,9 Seasons,Average
NF04682,Movie,4682,USA,2002,Romance,6.3,79 min,Good
NF04683,TV Show,4683,South Korea,1992,Thriller,5.5,6 Seasons,Average
NF04684,Movie,4684,Japan,2015,Drama,5.7,70 min,Average
NF04685,TV Show,4685,India,2017,Action,5.4,8 Seasons,Average
NF04686,Movie,4686,Canada,1980,Romance,7.6,168 min,Average
NF04687,TV Show,4687,South Korea,1993,Romance,6.3,2 Seasons,Good
NF04688,TV Show,4688,India,1981,Sci-Fi,9.7,3 Seasons,Excellent
NF04689,Movie,4689,Canada,2011,Sci-Fi,8.6,61 min,Excellent
NF04690,TV Show,4690,India,1984,Comedy,6,2 Seasons,Good
NF04691,Movie,4691,South Korea,1980,Thriller,9.4,101 min,Excellent
NF04692,Movie,4692,South Korea,2011,Comedy,7.7,123 min,Good
NF04693,Movie,4693,Canada,2018,Sci-Fi,9.5,130 min,Excellent
NF04694,TV Show,4694,Japan,2014,Drama,8.4,5 Seasons,Excellent
NF04695,TV Show,4695,South Korea,2002,Thriller,9.5,10 Seasons,Excellent
NF04696,TV Show,4696,India,2004,Drama,9.8,5 Seasons,Excellent
NF04697,Movie,4697,Japan,1987,Comedy,5,155 min,Good
NF04698,TV Show,4698,South Korea,1994,Thriller,5.5,6 Seasons,Average
NF04699,TV Show,4699,Canada,1991,Action,7,2 Seasons,Average
NF04700,Movie,4700,Canada,2004,Romance,6.8,105 min,Good
NF04701,Movie,4701,South Korea,2012,Thriller,6.5,169 min,Average
NF04702,Movie,4702,South Korea,1997,Thriller,5.2,149 min,Average
NF04703,TV Show,4703,Japan,2025,Thriller,8.3,8 Seasons,Excellent
NF04704,Movie,4704,South Korea,1980,Comedy,5,148 min,Good
NF04705,TV Show,4705,India,1991,Drama,9.2,9 Seasons,Excellent
NF04706,TV Show,4706,South Korea,2016,Thriller,8.2,5 Seasons,Excellent
NF04707,Movie,4707,UK,1995,Drama,8.1,92 min,Excellent
NF04708,Movie,4708,UK,2006,Drama,5.1,162 min,Good
NF04709,Movie,4709,USA,1983,Drama,5.4,69 min,Average
NF04710,Movie,4710,India,1982,Romance,6.8,159 min,Average
NF04711,TV Show,4711,India,2002,Sci-Fi,5.5,4 Seasons,Average
NF04712,TV Show,4712,Japan,2004,Drama,7.6,9 Seasons,Average
NF04713,Movie,4713,USA,2011,Thriller,9.8,103 min,Excellent
NF04714,TV Show,4714,India,1997,Drama,8.4,4 Seasons,Excellent
NF04715,Movie,4715,Canada,2024,Drama,9.1,174 min,Excellent
NF04716,Movie,4716,USA,2026,Action,7.5,131 min,Good
NF04717,TV Show,4717,Japan,1992,Comedy,5.1,3 Seasons,Good
NF04718,Movie,4718,India,2001,Comedy,6.9,88 min,Average
NF04719,TV Show,4719,UK,2007,Comedy,6.9,1 Seasons,Average
NF04720,Movie,4720,USA,2000,Sci-Fi,6.8,86 min,Average
NF04721,Movie,4721,UK,2013,Thriller,7,62 min,Average
NF04722,Movie,4722,USA,2015,Action,8.1,72 min,Excellent
NF04723,Movie,4723,USA,1999,Comedy,7.4,113 min,Good
NF04724,TV Show,4724,UK,2026,Drama,5.4,5 Seasons,Good
NF04725,TV Show,4725,Japan,2021,Drama,8.4,8 Seasons,Excellent
NF04726,TV Show,4726,Japan,2009,Action,6,2 Seasons,Good
NF04727,TV Show,4727,Japan,2025,Romance,9.7,10 Seasons,Excellent
NF04728,TV Show,4728,India,2004,Sci-Fi,8.1,8 Seasons,Excellent
NF04729,Movie,4729,Canada,2017,Action,8.7,84 min,Excellent
NF04730,TV Show,4730,USA,1992,Action,8.6,1 Seasons,Excellent
NF04731,Movie,4731,UK,2004,Drama,7.2,150 min,Good
NF04732,Movie,4732,India,1993,Action,6.7,83 min,Good
NF04733,Movie,4733,South Korea,2010,Romance,5.6,66 min,Average
NF04734,TV Show,4734,Canada,2019,Romance,7,3 Seasons,Average
NF04735,Movie,4735,South Korea,1992,Action,6.4,81 min,Good
NF04736,Movie,4736,Canada,1989,Thriller,6.8,177 min,Average
NF04737,TV Show,4737,South Korea,1996,Comedy,9.8,5 Seasons,Excellent
NF04738,Movie,4738,South Korea,2000,Thriller,9.1,125 min,Excellent
NF04739,TV Show,4739,UK,1987,Sci-Fi,6.3,9 Seasons,Good
NF04740,TV Show,4740,Canada,1995,Sci-Fi,9.3,4 Seasons,Excellent
NF04741,TV Show,4741,UK,1989,Sci-Fi,5.5,5 Seasons,Good
NF04742,Movie,4742,Japan,1997,Comedy,9.5,125 min,Excellent
NF04743,TV Show,4743,USA,2024,Comedy,7.1,4 Seasons,Good
NF04744,TV Show,4744,Japan,2016,Drama,9.6,4 Seasons,Excellent
NF04745,Movie,4745,Canada,1995,Comedy,9.7,120 min,Excellent
NF04746,Movie,4746,Canada,2024,Sci-Fi,7.3,101 min,Good
NF04747,TV Show,4747,South Korea,2006,Action,6.8,1 Seasons,Good
NF04748,TV Show,4748,Canada,2013,Drama,9.4,4 Seasons,Excellent
NF04749,Movie,4749,UK,1981,Action,6.2,86 min,Good
NF04750,TV Show,4750,Canada,2012,Action,9.6,9 Seasons,Excellent
NF04751,TV Show,4751,USA,2023,Action,5.9,3 Seasons,Good
NF04752,Movie,4752,USA,2024,Romance,5.7,134 min,Average
NF04753,TV Show,4753,UK,1989,Sci-Fi,8.4,10 Seasons,Excellent
NF04754,Movie,4754,UK,2026,Comedy,9.2,108 min,Excellent
NF04755,TV Show,4755,UK,2023,Romance,5.5,1 Seasons,Good
NF04756,Movie,4756,India,2015,Action,9.2,60 min,Excellent
NF04757,Movie,4757,Japan,2018,Comedy,8.9,125 min,Excellent
NF04758,Movie,4758,Canada,1984,Sci-Fi,7.9,118 min,Good
NF04759,Movie,4759,South Korea,2022,Thriller,7.1,112 min,Good
NF04760,Movie,4760,USA,1986,Romance,7.7,142 min,Good
NF04761,TV Show,4761,Canada,2004,Thriller,6.6,1 Seasons,Good
NF04762,TV Show,4762,Japan,1991,Drama,8.8,7 Seasons,Excellent
NF04763,Movie,4763,India,2015,Sci-Fi,6.2,151 min,Good
NF04764,Movie,4764,India,1984,Drama,5.3,180 min,Average
NF04765,TV Show,4765,India,2020,Thriller,6,1 Seasons,Average
NF04766,TV Show,4766,South Korea,2020,Thriller,5,1 Seasons,Average
NF04767,TV Show,4767,Japan,2015,Drama,5.9,4 Seasons,Average
NF04768,TV Show,4768,Japan,1995,Thriller,6.4,8 Seasons,Average
NF04769,TV Show,4769,Japan,2009,Thriller,6.8,9 Seasons,Average
NF04770,TV Show,4770,Japan,2010,Thriller,5.9,9 Seasons,Average
NF04771,Movie,4771,UK,1986,Romance,8.3,143 min,Excellent
NF04772,Movie,4772,USA,2018,Sci-Fi,5.5,94 min,Good
NF04773,TV Show,4773,UK,2019,Action,7.2,6 Seasons,Average
NF04774,Movie,4774,Canada,2000,Thriller,5.4,88 min,Good
NF04775,TV Show,4775,USA,2010,Action,6,2 Seasons,Average
NF04776,Movie,4776,India,2016,Comedy,5.7,170 min,Average
NF04777,TV Show,4777,Japan,2011,Sci-Fi,7.9,6 Seasons,Average
NF04778,Movie,4778,UK,1987,Sci-Fi,8.9,151 min,Excellent
NF04779,Movie,4779,India,1986,Action,5.7,180 min,Good
NF04780,Movie,4780,South Korea,1997,Romance,5.9,169 min,Average
NF04781,TV Show,4781,India,1994,Romance,5.9,9 Seasons,Average
NF04782,TV Show,4782,India,2014,Romance,7.5,8 Seasons,Average
NF04783,Movie,4783,UK,2010,Sci-Fi,7.9,149 min,Good
NF04784,TV Show,4784,USA,1984,Action,7.1,6 Seasons,Good
NF04785,TV Show,4785,Japan,2019,Sci-Fi,8.8,8 Seasons,Excellent
NF04786,TV Show,4786,India,2003,Drama,6.8,8 Seasons,Good
NF04787,Movie,4787,UK,1994,Thriller,6.3,98 min,Average
NF04788,TV Show,4788,Canada,2021,Drama,9.3,2 Seasons,Excellent
NF04789,TV Show,4789,India,1994,Thriller,8.5,6 Seasons,Excellent
NF04790,TV Show,4790,Japan,2019,Sci-Fi,6.3,5 Seasons,Good
NF04791,TV Show,4791,India,2004,Drama,7.8,1 Seasons,Average
NF04792,TV Show,4792,UK,1997,Romance,7.6,3 Seasons,Good
NF04793,TV Show,4793,USA,2000,Thriller,9.1,6 Seasons,Excellent
NF04794,TV Show,4794,India,1994,Comedy,5.6,8 Seasons,Good
NF04795,TV Show,4795,USA,2005,Action,7.4,8 Seasons,Average
NF04796,TV Show,4796,UK,2005,Comedy,7.3,9 Seasons,Good
NF04797,Movie,4797,USA,2020,Thriller,5.4,175 min,Good
NF04798,Movie,4798,South Korea,2017,Thriller,7.2,150 min,Average
NF04799,Movie,4799,UK,2018,Thriller,5.5,96 min,Good
NF04800,Movie,4800,Canada,2026,Romance,8.8,122 min,Excellent
NF04801,TV Show,4801,USA,1996,Action,7.8,10 Seasons,Good
NF04802,Movie,4802,India,2018,Action,8.5,154 min,Excellent
NF04803,TV Show,4803,India,1982,Sci-Fi,9.5,4 Seasons,Excellent
NF04804,TV Show,4804,Japan,2006,Comedy,6.6,9 Seasons,Good
NF04805,TV Show,4805,Canada,1996,Action,5.5,3 Seasons,Average
NF04806,TV Show,4806,UK,1987,Drama,9.1,3 Seasons,Excellent
NF04807,Movie,4807,India,1992,Romance,7.8,123 min,Good
NF04808,TV Show,4808,Canada,2013,Drama,9.8,5 Seasons,Excellent
NF04809,Movie,4809,Japan,1994,Romance,9,110 min,Excellent
NF04810,Movie,4810,India,1994,Thriller,5.9,134 min,Good
NF04811,TV Show,4811,Canada,1986,Romance,5,3 Seasons,Average
NF04812,Movie,4812,India,2000,Drama,8.5,100 min,Excellent
NF04813,TV Show,4813,South Korea,1996,Drama,6.2,9 Seasons,Good
NF04814,Movie,4814,Japan,1987,Drama,9.7,91 min,Excellent
NF04815,TV Show,4815,India,1986,Thriller,8.5,8 Seasons,Excellent
NF04816,Movie,4816,South Korea,1980,Romance,5.5,144 min,Good
NF04817,TV Show,4817,USA,2002,Drama,8,2 Seasons,Excellent
NF04818,Movie,4818,UK,2013,Comedy,9.8,175 min,Excellent
NF04819,Movie,4819,USA,1993,Action,5.9,143 min,Good
NF04820,TV Show,4820,India,2007,Romance,7.2,10 Seasons,Average
NF04821,TV Show,4821,Japan,1999,Romance,9.2,2 Seasons,Excellent
NF04822,Movie,4822,UK,2021,Drama,5.1,135 min,Good
NF04823,Movie,4823,Canada,1981,Action,9.7,99 min,Excellent
NF04824,Movie,4824,UK,2006,Comedy,7.7,97 min,Good
NF04825,Movie,4825,India,2016,Action,8.1,126 min,Excellent
NF04826,TV Show,4826,South Korea,2007,Thriller,5.3,2 Seasons,Good
NF04827,Movie,4827,India,1996,Romance,8.1,106 min,Excellent
NF04828,Movie,4828,USA,2026,Drama,6.1,86 min,Good
NF04829,TV Show,4829,USA,2019,Thriller,5.1,2 Seasons,Average
NF04830,TV Show,4830,Canada,2022,Comedy,5.8,1 Seasons,Average
NF04831,TV Show,4831,India,1985,Thriller,7.1,2 Seasons,Average
NF04832,TV Show,4832,USA,2024,Drama,9.2,5 Seasons,Excellent
NF04833,TV Show,4833,Japan,2020,Comedy,7.3,9 Seasons,Good
NF04834,Movie,4834,India,1995,Action,6.9,69 min,Good
NF04835,Movie,4835,USA,1989,Comedy,8.6,71 min,Excellent
NF04836,TV Show,4836,Japan,2011,Romance,5.4,8 Seasons,Good
NF04837,TV Show,4837,UK,1985,Action,7.2,4 Seasons,Average
NF04838,TV Show,4838,South Korea,2009,Drama,7.9,9 Seasons,Good
NF04839,Movie,4839,South Korea,1993,Action,5.4,136 min,Good
NF04840,TV Show,4840,Canada,2024,Thriller,5.6,10 Seasons,Average
NF04841,TV Show,4841,UK,1991,Comedy,6.9,3 Seasons,Average
NF04842,TV Show,4842,India,1985,Sci-Fi,8.8,6 Seasons,Excellent
NF04843,TV Show,4843,Japan,1996,Romance,8.2,1 Seasons,Excellent
NF04844,Movie,4844,Canada,1989,Thriller,6.1,177 min,Good
NF04845,TV Show,4845,South Korea,2010,Comedy,6.2,10 Seasons,Average
NF04846,Movie,4846,UK,1988,Action,6.9,180 min,Average
NF04847,TV Show,4847,USA,1993,Drama,7.8,4 Seasons,Average
NF04848,Movie,4848,Japan,2000,Action,9.8,79 min,Excellent
NF04849,TV Show,4849,South Korea,2004,Comedy,8.7,1 Seasons,Excellent
NF04850,TV Show,4850,India,2022,Romance,8.3,4 Seasons,Excellent
NF04851,Movie,4851,USA,1981,Action,9.4,109 min,Excellent
NF04852,Movie,4852,India,1986,Comedy,7.8,179 min,Good
NF04853,TV Show,4853,India,1983,Romance,6.6,7 Seasons,Good
NF04854,TV Show,4854,South Korea,1987,Thriller,9.7,1 Seasons,Excellent
NF04855,Movie,4855,Japan,1992,Thriller,6.7,118 min,Good
NF04856,Movie,4856,Japan,2001,Action,9.3,151 min,Excellent
NF04857,Movie,4857,Canada,2004,Drama,7.6,130 min,Good
NF04858,Movie,4858,USA,2005,Drama,9.6,134 min,Excellent
NF04859,Movie,4859,Canada,1982,Romance,7.9,104 min,Good
NF04860,TV Show,4860,India,1994,Sci-Fi,8.4,2 Seasons,Excellent
NF04861,TV Show,4861,USA,2009,Comedy,6.9,2 Seasons,Good
NF04862,Movie,4862,USA,2022,Comedy,5.2,144 min,Average
NF04863,Movie,4863,UK,1991,Comedy,8.3,105 min,Excellent
NF04864,TV Show,4864,USA,2019,Drama,7.9,5 Seasons,Good
NF04865,Movie,4865,South Korea,1983,Drama,6,81 min,Good
NF04866,Movie,4866,India,2014,Romance,8.6,172 min,Excellent
NF04867,TV Show,4867,Canada,2016,Action,5,9 Seasons,Good
NF04868,Movie,4868,India,2000,Comedy,7.9,171 min,Average
NF04869,TV Show,4869,USA,2021,Action,8.9,3 Seasons,Excellent
NF04870,Movie,4870,India,1995,Sci-Fi,6.4,170 min,Good
NF04871,TV Show,4871,USA,2018,Thriller,6.8,5 Seasons,Average
NF04872,TV Show,4872,Canada,1996,Thriller,9.6,7 Seasons,Excellent
NF04873,TV Show,4873,India,2017,Drama,9.6,1 Seasons,Excellent
NF04874,Movie,4874,India,2007,Thriller,6.6,144 min,Good
NF04875,TV Show,4875,India,1992,Comedy,6.6,7 Seasons,Average
NF04876,TV Show,4876,India,2023,Comedy,5.6,5 Seasons,Average
NF04877,Movie,4877,South Korea,2005,Action,5.9,73 min,Average
NF04878,Movie,4878,India,1984,Sci-Fi,7.5,82 min,Average
NF04879,Movie,4879,UK,1981,Thriller,7.8,130 min,Good
NF04880,TV Show,4880,India,2010,Romance,9.7,1 Seasons,Excellent
NF04881,Movie,4881,UK,2020,Action,7.9,100 min,Good
NF04882,TV Show,4882,Canada,2015,Comedy,5.9,10 Seasons,Good
NF04883,Movie,4883,South Korea,2019,Romance,7.7,145 min,Average
NF04884,Movie,4884,UK,1993,Sci-Fi,7.3,76 min,Good
NF04885,TV Show,4885,UK,2006,Sci-Fi,7.8,5 Seasons,Good
NF04886,Movie,4886,South Korea,2019,Action,8.7,157 min,Excellent
NF04887,Movie,4887,Canada,2021,Romance,6.5,157 min,Good
NF04888,TV Show,4888,Japan,2018,Drama,5,2 Seasons,Average
NF04889,TV Show,4889,UK,1994,Comedy,8.9,10 Seasons,Excellent
NF04890,Movie,4890,South Korea,2009,Drama,7.6,129 min,Good
NF04891,Movie,4891,Japan,1987,Drama,8.9,118 min,Excellent
NF04892,TV Show,4892,India,1992,Sci-Fi,9.5,5 Seasons,Excellent
NF04893,TV Show,4893,South Korea,2007,Action,7.2,6 Seasons,Good
NF04894,TV Show,4894,Japan,1985,Romance,7.2,1 Seasons,Good
NF04895,TV Show,4895,India,2026,Comedy,8.9,6 Seasons,Excellent
NF04896,Movie,4896,USA,2005,Drama,5.3,126 min,Good
NF04897,TV Show,4897,Canada,2009,Sci-Fi,6.8,9 Seasons,Average
NF04898,TV Show,4898,UK,2021,Thriller,5.5,6 Seasons,Average
NF04899,TV Show,4899,India,1999,Sci-Fi,5.7,9 Seasons,Average
NF04900,TV Show,4900,UK,2009,Romance,5.3,5 Seasons,Average
NF04901,Movie,4901,USA,1997,Thriller,8.2,156 min,Excellent
NF04902,Movie,4902,Canada,1980,Drama,8.9,148 min,Excellent
NF04903,TV Show,4903,India,1993,Romance,6.9,7 Seasons,Good
NF04904,Movie,4904,India,2020,Romance,7.4,165 min,Average
NF04905,Movie,4905,Japan,1997,Thriller,9.3,90 min,Excellent
NF04906,Movie,4906,UK,2002,Comedy,7.8,169 min,Good
NF04907,Movie,4907,South Korea,1997,Comedy,5.2,131 min,Good
NF04908,Movie,4908,UK,1987,Romance,9.8,155 min,Excellent
NF04909,TV Show,4909,Japan,1990,Thriller,9.3,2 Seasons,Excellent
NF04910,TV Show,4910,USA,1987,Romance,9.7,7 Seasons,Excellent
NF04911,TV Show,4911,USA,2017,Romance,7.7,2 Seasons,Good
NF04912,TV Show,4912,Canada,2007,Romance,6.1,6 Seasons,Good
NF04913,TV Show,4913,Canada,2008,Sci-Fi,6.7,7 Seasons,Average
NF04914,TV Show,4914,USA,2021,Sci-Fi,7.4,4 Seasons,Average
NF04915,Movie,4915,South Korea,1986,Comedy,9,148 min,Excellent
NF04916,Movie,4916,UK,1994,Sci-Fi,6.7,63 min,Good
NF04917,Movie,4917,South Korea,1997,Comedy,9.5,81 min,Excellent
NF04918,Movie,4918,UK,2012,Sci-Fi,9.8,129 min,Excellent
NF04919,TV Show,4919,Japan,2002,Romance,9.3,4 Seasons,Excellent
NF04920,Movie,4920,South Korea,1983,Romance,5.8,92 min,Good
NF04921,Movie,4921,UK,2011,Comedy,6.1,82 min,Average
NF04922,TV Show,4922,India,2016,Comedy,9.2,1 Seasons,Excellent
NF04923,Movie,4923,USA,1993,Sci-Fi,7.5,178 min,Good
NF04924,TV Show,4924,India,2008,Drama,7.8,8 Seasons,Good
NF04925,Movie,4925,Japan,2012,Comedy,7.8,123 min,Good
NF04926,Movie,4926,India,1982,Thriller,8,121 min,Excellent
NF04927,Movie,4927,Japan,1986,Action,6.8,114 min,Good
NF04928,Movie,4928,India,1996,Drama,6.9,116 min,Average
NF04929,Movie,4929,Japan,2011,Thriller,8,104 min,Excellent
NF04930,TV Show,4930,South Korea,2017,Comedy,9.4,9 Seasons,Excellent
NF04931,Movie,4931,South Korea,1997,Thriller,9.3,132 min,Excellent
NF04932,Movie,4932,South Korea,1985,Action,6.4,140 min,Good
NF04933,TV Show,4933,USA,2012,Action,9,8 Seasons,Excellent
NF04934,TV Show,4934,Canada,1991,Action,5.4,3 Seasons,Good
NF04935,Movie,4935,USA,1991,Action,6.8,164 min,Average
NF04936,Movie,4936,Japan,2026,Romance,5.5,166 min,Average
NF04937,TV Show,4937,South Korea,2022,Drama,5.3,5 Seasons,Average
NF04938,Movie,4938,USA,2011,Drama,8.6,106 min,Excellent
NF04939,Movie,4939,UK,2012,Action,6.6,167 min,Good
NF04940,TV Show,4940,UK,2009,Sci-Fi,6,8 Seasons,Average
NF04941,TV Show,4941,UK,2007,Action,9.2,7 Seasons,Excellent
NF04942,Movie,4942,USA,1992,Thriller,5.8,88 min,Good
NF04943,TV Show,4943,South Korea,2019,Action,5,8 Seasons,Average
NF04944,Movie,4944,Japan,2012,Thriller,5.3,73 min,Average
NF04945,Movie,4945,UK,2025,Comedy,7.1,93 min,Average
NF04946,TV Show,4946,UK,2020,Comedy,5.1,9 Seasons,Good
NF04947,TV Show,4947,India,2018,Thriller,7.3,4 Seasons,Average
NF04948,TV Show,4948,South Korea,2022,Thriller,7.9,2 Seasons,Good
NF04949,TV Show,4949,Japan,2006,Romance,7.4,6 Seasons,Good
NF04950,TV Show,4950,USA,2005,Comedy,9.4,1 Seasons,Excellent
NF04951,TV Show,4951,USA,1995,Romance,5.4,10 Seasons,Good
NF04952,TV Show,4952,Japan,1999,Thriller,9.6,6 Seasons,Excellent
NF04953,TV Show,4953,South Korea,1997,Drama,5.7,1 Seasons,Good
NF04954,TV Show,4954,Canada,1998,Sci-Fi,8.8,7 Seasons,Excellent
NF04955,TV Show,4955,South Korea,2016,Action,6.6,2 Seasons,Good
NF04956,TV Show,4956,Japan,2005,Drama,5.9,4 Seasons,Average
NF04957,TV Show,4957,Canada,1987,Thriller,7,3 Seasons,Average
NF04958,TV Show,4958,UK,2021,Sci-Fi,9.4,8 Seasons,Excellent
NF04959,TV Show,4959,Canada,1991,Sci-Fi,7.6,6 Seasons,Good
NF04960,TV Show,4960,UK,1983,Action,8.1,6 Seasons,Excellent
NF04961,Movie,4961,South Korea,1982,Romance,5,62 min,Good
NF04962,Movie,4962,South Korea,2023,Sci-Fi,8.2,78 min,Excellent
NF04963,Movie,4963,Canada,2015,Action,8.4,76 min,Excellent
NF04964,Movie,4964,UK,1992,Thriller,7.8,179 min,Good
NF04965,TV Show,4965,Canada,2006,Drama,5,10 Seasons,Good
NF04966,TV Show,4966,Canada,2019,Romance,9.5,3 Seasons,Excellent
NF04967,Movie,4967,USA,2006,Thriller,9.3,66 min,Excellent
NF04968,Movie,4968,UK,2013,Thriller,5.5,134 min,Good
NF04969,Movie,4969,South Korea,2021,Comedy,6.8,85 min,Average
NF04970,TV Show,4970,India,1983,Drama,7.7,1 Seasons,Average
NF04971,TV Show,4971,Canada,2012,Drama,5.8,10 Seasons,Good
NF04972,Movie,4972,South Korea,1982,Thriller,8.9,74 min,Excellent
NF04973,Movie,4973,UK,2021,Thriller,5.4,68 min,Good
NF04974,Movie,4974,Japan,2001,Thriller,5.4,65 min,Average
NF04975,TV Show,4975,UK,2025,Comedy,6.5,6 Seasons,Average
NF04976,Movie,4976,Japan,1982,Sci-Fi,5,174 min,Average
NF04977,TV Show,4977,USA,1982,Drama,9.6,10 Seasons,Excellent
NF04978,TV Show,4978,India,2023,Thriller,8.8,6 Seasons,Excellent
NF04979,Movie,4979,South Korea,2013,Comedy,8.1,77 min,Excellent
NF04980,Movie,4980,Canada,1982,Thriller,5.7,91 min,Good
NF04981,TV Show,4981,USA,2026,Thriller,7.4,1 Seasons,Average
NF04982,Movie,4982,South Korea,1981,Romance,5.3,60 min,Good
NF04983,Movie,4983,UK,2010,Thriller,8,68 min,Excellent
NF04984,Movie,4984,USA,2025,Sci-Fi,6.5,167 min,Good
NF04985,TV Show,4985,UK,2006,Romance,7.6,7 Seasons,Average
NF04986,Movie,4986,Japan,2006,Sci-Fi,7.3,106 min,Good
NF04987,Movie,4987,India,2003,Drama,9.6,70 min,Excellent
NF04988,TV Show,4988,Japan,1995,Comedy,7.4,10 Seasons,Good
NF04989,Movie,4989,India,2008,Drama,8.9,164 min,Excellent
NF04990,TV Show,4990,Canada,2017,Sci-Fi,8.9,2 Seasons,Excellent
NF04991,Movie,4991,Japan,2024,Comedy,8.7,147 min,Excellent
NF04992,Movie,4992,USA,1998,Action,5.4,179 min,Good
NF04993,Movie,4993,Canada,2020,Romance,6.5,71 min,Average
NF04994,Movie,4994,South Korea,1987,Comedy,8.6,113 min,Excellent
NF04995,TV Show,4995,UK,1994,Thriller,5.9,4 Seasons,Good
NF04996,Movie,4996,USA,2004,Romance,7.2,180 min,Average
NF04997,TV Show,4997,South Korea,2006,Thriller,5.2,6 Seasons,Good
NF04998,Movie,4998,Japan,2013,Action,5.1,85 min,Average
NF04999,Movie,4999,USA,1993,Thriller,5.2,148 min,Average
NF05000,Movie,5000,Canada,2004,Romance,9.6,60 min,Excellent
